{"created_at":"Tue Sep 18 10:31:29 +0000 2018","id":1041998133281148900,"id_str":"1041998133281148929","text":"RT @block_asia: News Binance Starts Closed Beta Testing of New Crypto-Fiat Exchange in Singapore \n\nRead it here: https://t.co/hGAumdco3W\n …","source":"<a href=\"http://twitter.com/download/android\" rel=\"nofollow\">Twitter for Android</a>","truncated":false,"in_reply_to_status_id":null,"in_reply_to_status_id_str":null,"in_reply_to_user_id":null,"in_reply_to_user_id_str":null,"in_reply_to_screen_name":null,"user":{"id":863715236490207200,"id_str":"863715236490207233","name":"Cryptowista [not givin'away Venezuelan bolivar]","screen_name":"wistansound","location":null,"url":"https://audiojungle.net/user/WistanSound","description":"Field recording artist, crypto maniac and human bot programmed to retweet important crypto tweets. U R nobody in crypto, if not retweeted by Cryptowista.","translator_type":"none","protected":false,"verified":false,"followers_count":604,"friends_count":2889,"listed_count":7,"favourites_count":4003,"statuses_count":14971,"created_at":"Sun May 14 11:18:54 +0000 2017","utc_offset":null,"time_zone":null,"geo_enabled":false,"lang":"cs","contributors_enabled":false,"is_translator":false,"profile_background_color":"F5F8FA","profile_background_image_url":"","profile_background_image_url_https":"","profile_background_tile":false,"profile_link_color":"1DA1F2","profile_sidebar_border_color":"C0DEED","profile_sidebar_fill_color":"DDEEF6","profile_text_color":"333333","profile_use_background_image":true,"profile_image_url":"http://pbs.twimg.com/profile_images/863792756807872512/ybNU0YcJ_normal.jpg","profile_image_url_https":"https://pbs.twimg.com/profile_images/863792756807872512/ybNU0YcJ_normal.jpg","profile_banner_url":"https://pbs.twimg.com/profile_banners/863715236490207233/1494779310","default_profile":true,"default_profile_image":false,"following":null,"follow_request_sent":null,"notifications":null},"geo":null,"coordinates":null,"place":null,"contributors":null,"retweeted_status":{"created_at":"Tue Sep 18 08:37:31 +0000 2018","id":1041969454261792800,"id_str":"1041969454261792770","text":"News Binance Starts Closed Beta Testing of New Crypto-Fiat Exchange in Singapore \n\nRead it here:… https://t.co/kUJg7sfUzP","source":"<a href=\"http://twitter.com/download/iphone\" rel=\"nofollow\">Twitter for iPhone</a>","truncated":true,"in_reply_to_status_id":null,"in_reply_to_status_id_str":null,"in_reply_to_user_id":null,"in_reply_to_user_id_str":null,"in_reply_to_screen_name":null,"user":{"id":985726627429560300,"id_str":"985726627429560321","name":"Block Asia Official","screen_name":"block_asia","location":"9 Temasek Boulevard, Suntec City, Singapore 038989","url":"https://www.blockasia.io","description":"BLOCK ASIA is a one-stop news, media and events portal for Blockchain and Cryptocurrency information in Asia and around the world.\n\n#blockchain #crypto #asia","translator_type":"none","protected":false,"verified":false,"followers_count":11786,"friends_count":5125,"listed_count":46,"favourites_count":20953,"statuses_count":949,"created_at":"Mon Apr 16 03:48:36 +0000 2018","utc_offset":null,"time_zone":null,"geo_enabled":true,"lang":"en","contributors_enabled":false,"is_translator":false,"profile_background_color":"F5F8FA","profile_background_image_url":"","profile_background_image_url_https":"","profile_background_tile":false,"profile_link_color":"1DA1F2","profile_sidebar_border_color":"C0DEED","profile_sidebar_fill_color":"DDEEF6","profile_text_color":"333333","profile_use_background_image":true,"profile_image_url":"http://pbs.twimg.com/profile_images/1035056305004666880/dm7QAHex_normal.jpg","profile_image_url_https":"https://pbs.twimg.com/profile_images/1035056305004666880/dm7QAHex_normal.jpg","profile_banner_url":"https://pbs.twimg.com/profile_banners/985726627429560321/1529307791","default_profile":true,"default_profile_image":false,"following":null,"follow_request_sent":null,"notifications":null},"geo":null,"coordinates":null,"place":null,"contributors":null,"is_quote_status":false,"extended_tweet":{"full_text":"News Binance Starts Closed Beta Testing of New Crypto-Fiat Exchange in Singapore \n\nRead it here: https://t.co/hGAumdco3W\n \n#crypto #cryptonews #blockchain #news #cryptocurrency #Binance #Singapore #fiat #exchange @binance @cz_binance","display_text_range":[0,233],"entities":{"hashtags":[{"text":"crypto","indices":[123,130]},{"text":"cryptonews","indices":[131,142]},{"text":"blockchain","indices":[143,154]},{"text":"news","indices":[155,160]},{"text":"cryptocurrency","indices":[161,176]},{"text":"Binance","indices":[177,185]},{"text":"Singapore","indices":[186,196]},{"text":"fiat","indices":[197,202]},{"text":"exchange","indices":[203,212]}],"urls":[{"url":"https://t.co/hGAumdco3W","expanded_url":"https://www.blockasia.io/binance-starts-closed-beta-testing-of-new-crypto-fiat-exchange-in-singapore/","display_url":"blockasia.io/binance-starts…","indices":[97,120]}],"user_mentions":[{"screen_name":"binance","name":"Binance","id":877807935493034000,"id_str":"877807935493033984","indices":[213,221]},{"screen_name":"cz_binance","name":"CZ Binance","id":902926941413453800,"id_str":"902926941413453824","indices":[222,233]}],"symbols":[]}},"quote_count":0,"reply_count":1,"retweet_count":2,"favorite_count":5,"entities":{"hashtags":[],"urls":[{"url":"https://t.co/kUJg7sfUzP","expanded_url":"https://twitter.com/i/web/status/1041969454261792770","display_url":"twitter.com/i/web/status/1…","indices":[98,121]}],"user_mentions":[],"symbols":[]},"favorited":false,"retweeted":false,"possibly_sensitive":false,"filter_level":"low","lang":"en"},"is_quote_status":false,"quote_count":0,"reply_count":0,"retweet_count":0,"favorite_count":0,"entities":{"hashtags":[],"urls":[{"url":"https://t.co/hGAumdco3W","expanded_url":"https://www.blockasia.io/binance-starts-closed-beta-testing-of-new-crypto-fiat-exchange-in-singapore/","display_url":"blockasia.io/binance-starts…","indices":[113,136]}],"user_mentions":[{"screen_name":"block_asia","name":"Block Asia Official","id":985726627429560300,"id_str":"985726627429560321","indices":[3,14]}],"symbols":[]},"favorited":false,"retweeted":false,"possibly_sensitive":false,"filter_level":"low","lang":"en","timestamp_ms":"1537266689020"}