{"created_at":"Tue Sep 18 10:31:38 +0000 2018","id":1041998174620188700,"id_str":"1041998174620188672","text":"Leccherei volentieri tutto...","source":"<a href=\"http://twitter.com/download/iphone\" rel=\"nofollow\">Twitter for iPhone</a>","truncated":false,"in_reply_to_status_id":null,"in_reply_to_status_id_str":null,"in_reply_to_user_id":null,"in_reply_to_user_id_str":null,"in_reply_to_screen_name":null,"user":{"id":1036603607695740900,"id_str":"1036603607695740928","name":"Naspes","screen_name":"Naspes1","location":"Bolzano/Bozen, Trentino-Alto Adige","url":null,"description":"Esibizionista, desideroso di fare anche esperienze come schiavo o servetto; si a travestirmi, soft bondage e soft BDSM... pronto per ogni proposta.","translator_type":"none","protected":false,"verified":false,"followers_count":11,"friends_count":51,"listed_count":0,"favourites_count":289,"statuses_count":54,"created_at":"Mon Sep 03 13:15:34 +0000 2018","utc_offset":null,"time_zone":null,"geo_enabled":false,"lang":"it","contributors_enabled":false,"is_translator":false,"profile_background_color":"F5F8FA","profile_background_image_url":"","profile_background_image_url_https":"","profile_background_tile":false,"profile_link_color":"1DA1F2","profile_sidebar_border_color":"C0DEED","profile_sidebar_fill_color":"DDEEF6","profile_text_color":"333333","profile_use_background_image":true,"profile_image_url":"http://abs.twimg.com/sticky/default_profile_images/default_profile_normal.png","profile_image_url_https":"https://abs.twimg.com/sticky/default_profile_images/default_profile_normal.png","default_profile":true,"default_profile_image":false,"following":null,"follow_request_sent":null,"notifications":null},"geo":null,"coordinates":null,"place":null,"contributors":null,"quoted_status_id":978339874888699900,"quoted_status_id_str":"978339874888699905","quoted_status":{"created_at":"Mon Mar 26 18:36:17 +0000 2018","id":978339874888699900,"id_str":"978339874888699905","text":"#sara3miss\n\nSniff my panties!\n\n#mistress #fetishmodel #shoesfetish #heelsfetish #pantiesfetish #latex #singapore… https://t.co/c1teYQfoVM","display_text_range":[0,140],"source":"<a href=\"http://twitter.com/download/android\" rel=\"nofollow\">Twitter for Android</a>","truncated":true,"in_reply_to_status_id":null,"in_reply_to_status_id_str":null,"in_reply_to_user_id":null,"in_reply_to_user_id_str":null,"in_reply_to_screen_name":null,"user":{"id":811336690652610600,"id_str":"811336690652610560","name":"Sara3miss","screen_name":"Sara3mistress3","location":"Monaco","url":null,"description":"sexy #FEET #longlegs #fetishmodel #feticismo #tacchiaspillo #highheels #nylons #shoesfetish #stockings #calze #foot #piedi","translator_type":"none","protected":false,"verified":false,"followers_count":6688,"friends_count":2058,"listed_count":20,"favourites_count":1541,"statuses_count":463,"created_at":"Tue Dec 20 22:25:15 +0000 2016","utc_offset":null,"time_zone":null,"geo_enabled":false,"lang":"en","contributors_enabled":false,"is_translator":false,"profile_background_color":"F5F8FA","profile_background_image_url":"","profile_background_image_url_https":"","profile_background_tile":false,"profile_link_color":"1DA1F2","profile_sidebar_border_color":"C0DEED","profile_sidebar_fill_color":"DDEEF6","profile_text_color":"333333","profile_use_background_image":true,"profile_image_url":"http://pbs.twimg.com/profile_images/811340349809508352/TacQH1Qo_normal.jpg","profile_image_url_https":"https://pbs.twimg.com/profile_images/811340349809508352/TacQH1Qo_normal.jpg","profile_banner_url":"https://pbs.twimg.com/profile_banners/811336690652610560/1509315740","default_profile":true,"default_profile_image":false,"following":null,"follow_request_sent":null,"notifications":null},"geo":null,"coordinates":null,"place":null,"contributors":null,"is_quote_status":false,"extended_tweet":{"full_text":"#sara3miss\n\nSniff my panties!\n\n#mistress #fetishmodel #shoesfetish #heelsfetish #pantiesfetish #latex #singapore #hongkong #shanghai #sydney https://t.co/i7jlHbSc5X","display_text_range":[0,140],"entities":{"hashtags":[{"text":"sara3miss","indices":[0,10]},{"text":"mistress","indices":[31,40]},{"text":"fetishmodel","indices":[41,53]},{"text":"shoesfetish","indices":[54,66]},{"text":"heelsfetish","indices":[67,79]},{"text":"pantiesfetish","indices":[80,94]},{"text":"latex","indices":[95,101]},{"text":"singapore","indices":[102,112]},{"text":"hongkong","indices":[113,122]},{"text":"shanghai","indices":[123,132]},{"text":"sydney","indices":[133,140]}],"urls":[],"user_mentions":[],"symbols":[],"media":[{"id":978339861651492900,"id_str":"978339861651492864","indices":[141,164],"media_url":"http://pbs.twimg.com/media/DZPC67NXkAAlm_D.jpg","media_url_https":"https://pbs.twimg.com/media/DZPC67NXkAAlm_D.jpg","url":"https://t.co/i7jlHbSc5X","display_url":"pic.twitter.com/i7jlHbSc5X","expanded_url":"https://twitter.com/Sara3mistress3/status/978339874888699905/photo/1","type":"photo","sizes":{"thumb":{"w":150,"h":150,"resize":"crop"},"medium":{"w":532,"h":642,"resize":"fit"},"large":{"w":532,"h":642,"resize":"fit"},"small":{"w":532,"h":642,"resize":"fit"}}}]},"extended_entities":{"media":[{"id":978339861651492900,"id_str":"978339861651492864","indices":[141,164],"media_url":"http://pbs.twimg.com/media/DZPC67NXkAAlm_D.jpg","media_url_https":"https://pbs.twimg.com/media/DZPC67NXkAAlm_D.jpg","url":"https://t.co/i7jlHbSc5X","display_url":"pic.twitter.com/i7jlHbSc5X","expanded_url":"https://twitter.com/Sara3mistress3/status/978339874888699905/photo/1","type":"photo","sizes":{"thumb":{"w":150,"h":150,"resize":"crop"},"medium":{"w":532,"h":642,"resize":"fit"},"large":{"w":532,"h":642,"resize":"fit"},"small":{"w":532,"h":642,"resize":"fit"}}}]}},"quote_count":0,"reply_count":7,"retweet_count":12,"favorite_count":35,"entities":{"hashtags":[{"text":"sara3miss","indices":[0,10]},{"text":"mistress","indices":[31,40]},{"text":"fetishmodel","indices":[41,53]},{"text":"shoesfetish","indices":[54,66]},{"text":"heelsfetish","indices":[67,79]},{"text":"pantiesfetish","indices":[80,94]},{"text":"latex","indices":[95,101]},{"text":"singapore","indices":[102,112]}],"urls":[{"url":"https://t.co/c1teYQfoVM","expanded_url":"https://twitter.com/i/web/status/978339874888699905","display_url":"twitter.com/i/web/status/9…","indices":[114,137]}],"user_mentions":[],"symbols":[]},"favorited":false,"retweeted":false,"possibly_sensitive":false,"filter_level":"low","lang":"en"},"quoted_status_permalink":{"url":"https://t.co/TioLgS29cY","expanded":"https://twitter.com/sara3mistress3/status/978339874888699905","display":"twitter.com/sara3mistress3…"},"is_quote_status":true,"quote_count":0,"reply_count":0,"retweet_count":0,"favorite_count":0,"entities":{"hashtags":[],"urls":[],"user_mentions":[],"symbols":[]},"favorited":false,"retweeted":false,"filter_level":"low","lang":"it","timestamp_ms":"1537266698876"}