{"created_at":"Tue Sep 18 11:00:18 +0000 2018","id":1042005386495189000,"id_str":"1042005386495188994","text":"RT @vivek_gkrishnan: #Singapore launches unified #payment #QRcode, said to be world's first\n#SGQR #eWallet #DigitalPayments\n\nCc @IMDAsg @MA…","source":"<a href=\"http://twitter.com/download/iphone\" rel=\"nofollow\">Twitter for iPhone</a>","truncated":false,"in_reply_to_status_id":null,"in_reply_to_status_id_str":null,"in_reply_to_user_id":null,"in_reply_to_user_id_str":null,"in_reply_to_screen_name":null,"user":{"id":175433916,"id_str":"175433916","name":"Steve Waldron","screen_name":"Stevewal63","location":"London","url":null,"description":"#blockchain #AI #fintech #climatechange Turn the tide on plastic. #SaveOurOceans #BeatPlasticPollution","translator_type":"none","protected":false,"verified":false,"followers_count":15207,"friends_count":12551,"listed_count":1524,"favourites_count":38280,"statuses_count":73374,"created_at":"Fri Aug 06 16:02:30 +0000 2010","utc_offset":null,"time_zone":null,"geo_enabled":true,"lang":"en","contributors_enabled":false,"is_translator":false,"profile_background_color":"000000","profile_background_image_url":"http://abs.twimg.com/images/themes/theme1/bg.png","profile_background_image_url_https":"https://abs.twimg.com/images/themes/theme1/bg.png","profile_background_tile":false,"profile_link_color":"3B94D9","profile_sidebar_border_color":"000000","profile_sidebar_fill_color":"000000","profile_text_color":"000000","profile_use_background_image":false,"profile_image_url":"http://pbs.twimg.com/profile_images/1041445368670638080/qiZAGPb7_normal.jpg","profile_image_url_https":"https://pbs.twimg.com/profile_images/1041445368670638080/qiZAGPb7_normal.jpg","profile_banner_url":"https://pbs.twimg.com/profile_banners/175433916/1510997824","default_profile":false,"default_profile_image":false,"following":null,"follow_request_sent":null,"notifications":null},"geo":null,"coordinates":null,"place":null,"contributors":null,"retweeted_status":{"created_at":"Tue Sep 18 10:28:32 +0000 2018","id":1041997394361974800,"id_str":"1041997394361974784","text":"#Singapore launches unified #payment #QRcode, said to be world's first\n#SGQR #eWallet #DigitalPayments\n\nCc @IMDAsg… https://t.co/4CuAnyATzz","display_text_range":[0,140],"source":"<a href=\"http://twitter.com/download/iphone\" rel=\"nofollow\">Twitter for iPhone</a>","truncated":true,"in_reply_to_status_id":null,"in_reply_to_status_id_str":null,"in_reply_to_user_id":null,"in_reply_to_user_id_str":null,"in_reply_to_screen_name":null,"user":{"id":307922714,"id_str":"307922714","name":"Vivek Gopalakrishnan","screen_name":"vivek_gkrishnan","location":"Singapore","url":"https://www.linkedin.com/in/vivekgkrishnan/","description":"A keen follower of developments in #Tech #Digital #AI #Renewables & #CleanTech. #Aviation ✈️ enthusiast & anything linked to #flight 🚀 #Tweets are personal","translator_type":"none","protected":false,"verified":false,"followers_count":1374,"friends_count":994,"listed_count":67,"favourites_count":2618,"statuses_count":3428,"created_at":"Mon May 30 14:40:56 +0000 2011","utc_offset":null,"time_zone":null,"geo_enabled":true,"lang":"en","contributors_enabled":false,"is_translator":false,"profile_background_color":"000000","profile_background_image_url":"http://abs.twimg.com/images/themes/theme18/bg.gif","profile_background_image_url_https":"https://abs.twimg.com/images/themes/theme18/bg.gif","profile_background_tile":false,"profile_link_color":"1B95E0","profile_sidebar_border_color":"000000","profile_sidebar_fill_color":"000000","profile_text_color":"000000","profile_use_background_image":false,"profile_image_url":"http://pbs.twimg.com/profile_images/966925066536538112/O_PtyeCB_normal.jpg","profile_image_url_https":"https://pbs.twimg.com/profile_images/966925066536538112/O_PtyeCB_normal.jpg","profile_banner_url":"https://pbs.twimg.com/profile_banners/307922714/1533284472","default_profile":false,"default_profile_image":false,"following":null,"follow_request_sent":null,"notifications":null},"geo":null,"coordinates":null,"place":null,"contributors":null,"is_quote_status":false,"extended_tweet":{"full_text":"#Singapore launches unified #payment #QRcode, said to be world's first\n#SGQR #eWallet #DigitalPayments\n\nCc @IMDAsg @MAS_sg @WFSULLIVAN3 @karenmpd @evankirstel @SteveMillerSF @Stevewal63 @sopnendu @TheDataArtiste @dinisguarda @Info_Data_Mgmt @NevilleGaunt\n\nhttps://t.co/UxY7Hqfnot https://t.co/PJt2y7ze5e","display_text_range":[0,279],"entities":{"hashtags":[{"text":"Singapore","indices":[0,10]},{"text":"payment","indices":[28,36]},{"text":"QRcode","indices":[37,44]},{"text":"SGQR","indices":[71,76]},{"text":"eWallet","indices":[77,85]},{"text":"DigitalPayments","indices":[86,102]}],"urls":[{"url":"https://t.co/UxY7Hqfnot","expanded_url":"https://www.businesstimes.com.sg/banking-finance/singapore-launches-unified-payment-qr-code-said-to-be-worlds-first","display_url":"businesstimes.com.sg/banking-financ…","indices":[256,279]}],"user_mentions":[{"screen_name":"IMDAsg","name":"IMDA Singapore","id":66555688,"id_str":"66555688","indices":[107,114]},{"screen_name":"MAS_sg","name":"MAS","id":85774665,"id_str":"85774665","indices":[115,122]},{"screen_name":"WFSULLIVAN3","name":"Bill Sullivan","id":1211825024,"id_str":"1211825024","indices":[123,135]},{"screen_name":"karenmpd","name":"Karen Webster","id":19717217,"id_str":"19717217","indices":[136,145]},{"screen_name":"evankirstel","name":"Evan Kirstel","id":35203319,"id_str":"35203319","indices":[146,158]},{"screen_name":"SteveMillerSF","name":"Steve Miller","id":40082786,"id_str":"40082786","indices":[159,173]},{"screen_name":"Stevewal63","name":"Steve Waldron","id":175433916,"id_str":"175433916","indices":[174,185]},{"screen_name":"sopnendu","name":"Sopnendu Mohanty","id":105803442,"id_str":"105803442","indices":[186,195]},{"screen_name":"TheDataArtiste","name":"David Hardoon","id":868102147170107400,"id_str":"868102147170107392","indices":[196,211]},{"screen_name":"dinisguarda","name":"Dinis Guarda","id":20222744,"id_str":"20222744","indices":[212,224]},{"screen_name":"Info_Data_Mgmt","name":"Caroline Higgins","id":705421634790932500,"id_str":"705421634790932480","indices":[225,240]},{"screen_name":"NevilleGaunt","name":"Neville Gaunt 💡💡💡","id":351408233,"id_str":"351408233","indices":[241,254]}],"symbols":[],"media":[{"id":1041997384618655700,"id_str":"1041997384618655744","indices":[280,303],"media_url":"http://pbs.twimg.com/media/DnXrGb8UwAA1aB7.jpg","media_url_https":"https://pbs.twimg.com/media/DnXrGb8UwAA1aB7.jpg","url":"https://t.co/PJt2y7ze5e","display_url":"pic.twitter.com/PJt2y7ze5e","expanded_url":"https://twitter.com/vivek_gkrishnan/status/1041997394361974784/photo/1","type":"photo","sizes":{"thumb":{"w":150,"h":150,"resize":"crop"},"small":{"w":481,"h":680,"resize":"fit"},"medium":{"w":848,"h":1200,"resize":"fit"},"large":{"w":1448,"h":2048,"resize":"fit"}}}]},"extended_entities":{"media":[{"id":1041997384618655700,"id_str":"1041997384618655744","indices":[280,303],"media_url":"http://pbs.twimg.com/media/DnXrGb8UwAA1aB7.jpg","media_url_https":"https://pbs.twimg.com/media/DnXrGb8UwAA1aB7.jpg","url":"https://t.co/PJt2y7ze5e","display_url":"pic.twitter.com/PJt2y7ze5e","expanded_url":"https://twitter.com/vivek_gkrishnan/status/1041997394361974784/photo/1","type":"photo","sizes":{"thumb":{"w":150,"h":150,"resize":"crop"},"small":{"w":481,"h":680,"resize":"fit"},"medium":{"w":848,"h":1200,"resize":"fit"},"large":{"w":1448,"h":2048,"resize":"fit"}}}]}},"quote_count":0,"reply_count":0,"retweet_count":2,"favorite_count":1,"entities":{"hashtags":[{"text":"Singapore","indices":[0,10]},{"text":"payment","indices":[28,36]},{"text":"QRcode","indices":[37,44]},{"text":"SGQR","indices":[71,76]},{"text":"eWallet","indices":[77,85]},{"text":"DigitalPayments","indices":[86,102]}],"urls":[{"url":"https://t.co/4CuAnyATzz","expanded_url":"https://twitter.com/i/web/status/1041997394361974784","display_url":"twitter.com/i/web/status/1…","indices":[116,139]}],"user_mentions":[{"screen_name":"IMDAsg","name":"IMDA Singapore","id":66555688,"id_str":"66555688","indices":[107,114]}],"symbols":[]},"favorited":false,"retweeted":false,"possibly_sensitive":false,"filter_level":"low","lang":"en"},"is_quote_status":false,"quote_count":0,"reply_count":0,"retweet_count":0,"favorite_count":0,"entities":{"hashtags":[{"text":"Singapore","indices":[21,31]},{"text":"payment","indices":[49,57]},{"text":"QRcode","indices":[58,65]},{"text":"SGQR","indices":[92,97]},{"text":"eWallet","indices":[98,106]},{"text":"DigitalPayments","indices":[107,123]}],"urls":[],"user_mentions":[{"screen_name":"vivek_gkrishnan","name":"Vivek Gopalakrishnan","id":307922714,"id_str":"307922714","indices":[3,19]},{"screen_name":"IMDAsg","name":"IMDA Singapore","id":66555688,"id_str":"66555688","indices":[128,135]}],"symbols":[]},"favorited":false,"retweeted":false,"filter_level":"low","lang":"en","timestamp_ms":"1537268418321"}