{"created_at":"Tue Sep 18 11:21:49 +0000 2018","id":1042010800322359300,"id_str":"1042010800322359296","text":"E-commerce success spells big trouble fo https://t.co/tas8ZDWKC7 #freelancewebdesigner #webdesigner #webdeveloper #ecommerce #singapore #sg","source":"<a href=\"http://www.ajaymatharu.com/\" rel=\"nofollow\">Tweet Old Post</a>","truncated":false,"in_reply_to_status_id":null,"in_reply_to_status_id_str":null,"in_reply_to_user_id":null,"in_reply_to_user_id_str":null,"in_reply_to_screen_name":null,"user":{"id":974880850583076900,"id_str":"974880850583076864","name":"FreelanceWebDesignerSG","screen_name":"WebdesignerSG1","location":"Singapore","url":"http://freelancewebdesigner.sg","description":"Freelance Web Designer & Web Developer in Singapore.  Offering Ecommerce, Web Design, Wordpress, Graphic Design, Magento, Apps, Touchscreen, Digital Signage.","translator_type":"none","protected":false,"verified":false,"followers_count":7,"friends_count":0,"listed_count":0,"favourites_count":0,"statuses_count":3872,"created_at":"Sat Mar 17 05:31:21 +0000 2018","utc_offset":null,"time_zone":null,"geo_enabled":false,"lang":"en","contributors_enabled":false,"is_translator":false,"profile_background_color":"F5F8FA","profile_background_image_url":"","profile_background_image_url_https":"","profile_background_tile":false,"profile_link_color":"1DA1F2","profile_sidebar_border_color":"C0DEED","profile_sidebar_fill_color":"DDEEF6","profile_text_color":"333333","profile_use_background_image":true,"profile_image_url":"http://pbs.twimg.com/profile_images/974881625270988800/lMKKSuTh_normal.jpg","profile_image_url_https":"https://pbs.twimg.com/profile_images/974881625270988800/lMKKSuTh_normal.jpg","profile_banner_url":"https://pbs.twimg.com/profile_banners/974880850583076864/1521264904","default_profile":true,"default_profile_image":false,"following":null,"follow_request_sent":null,"notifications":null},"geo":null,"coordinates":null,"place":null,"contributors":null,"is_quote_status":false,"quote_count":0,"reply_count":0,"retweet_count":0,"favorite_count":0,"entities":{"hashtags":[{"text":"freelancewebdesigner","indices":[65,86]},{"text":"webdesigner","indices":[87,99]},{"text":"webdeveloper","indices":[100,113]},{"text":"ecommerce","indices":[114,124]},{"text":"singapore","indices":[125,135]},{"text":"sg","indices":[136,139]}],"urls":[{"url":"https://t.co/tas8ZDWKC7","expanded_url":"https://www.freelancewebdesigner.sg/blog/e-commerce-success-spells-big-trouble-for-retailers-and-landlords-in-singapore/?utm_source=ReviveOldPost&utm_medium=social&utm_campaign=ReviveOldPost","display_url":"freelancewebdesigner.sg/blog/e-commerc…","indices":[41,64]}],"user_mentions":[],"symbols":[]},"favorited":false,"retweeted":false,"possibly_sensitive":false,"filter_level":"low","lang":"en","timestamp_ms":"1537269709078"}