{"created_at":"Tue Sep 18 10:53:18 +0000 2018","id":1042003624056959000,"id_str":"1042003624056958977","text":"Singaporean Escort 🌷 COCO JAPAN\n\nHalf Japanese, half Korean, I’m infectiously whimsical &amp; embody the playfulness of… https://t.co/yKtnoPLPoD","display_text_range":[0,140],"source":"<a href=\"http://twitter.com/download/android\" rel=\"nofollow\">Twitter for Android</a>","truncated":true,"in_reply_to_status_id":null,"in_reply_to_status_id_str":null,"in_reply_to_user_id":null,"in_reply_to_user_id_str":null,"in_reply_to_screen_name":null,"user":{"id":912621939792818200,"id_str":"912621939792818176","name":"EOS International Escorts","screen_name":"EOSEscortTours","location":"Singapore & Worldwide","url":"https://www.escortsofsingapore.com.sg","description":"Escorts of Singapore - Escort Tours. Elite, Independent and Verified local #SingaporeEscorts and International Escorts visiting your city. @EOSAds","translator_type":"none","protected":false,"verified":false,"followers_count":474,"friends_count":269,"listed_count":2,"favourites_count":582,"statuses_count":1595,"created_at":"Tue Sep 26 10:16:40 +0000 2017","utc_offset":null,"time_zone":null,"geo_enabled":false,"lang":"en","contributors_enabled":false,"is_translator":false,"profile_background_color":"000000","profile_background_image_url":"http://abs.twimg.com/images/themes/theme1/bg.png","profile_background_image_url_https":"https://abs.twimg.com/images/themes/theme1/bg.png","profile_background_tile":false,"profile_link_color":"2C0B87","profile_sidebar_border_color":"000000","profile_sidebar_fill_color":"000000","profile_text_color":"000000","profile_use_background_image":false,"profile_image_url":"http://pbs.twimg.com/profile_images/1008555737256062976/c73pzLJJ_normal.jpg","profile_image_url_https":"https://pbs.twimg.com/profile_images/1008555737256062976/c73pzLJJ_normal.jpg","profile_banner_url":"https://pbs.twimg.com/profile_banners/912621939792818176/1534401521","default_profile":false,"default_profile_image":false,"following":null,"follow_request_sent":null,"notifications":null},"geo":null,"coordinates":null,"place":null,"contributors":null,"is_quote_status":false,"extended_tweet":{"full_text":"Singaporean Escort 🌷 COCO JAPAN\n\nHalf Japanese, half Korean, I’m infectiously whimsical &amp; embody the playfulness of a young girl.\n\n🐾 #SINGAPORE \n💻https://t.co/YcPB52Ncke\n\n#SingaporeEscort #SGEscort https://t.co/GWZgtQOPxh","display_text_range":[0,201],"entities":{"hashtags":[{"text":"SINGAPORE","indices":[137,147]},{"text":"SingaporeEscort","indices":[175,191]},{"text":"SGEscort","indices":[192,201]}],"urls":[{"url":"https://t.co/YcPB52Ncke","expanded_url":"https://www.escortsofsingapore.com.sg/escort/coco-japan","display_url":"escortsofsingapore.com.sg/escort/coco-ja…","indices":[150,173]}],"user_mentions":[],"symbols":[],"media":[{"id":1042003620164644900,"id_str":"1042003620164644864","indices":[202,225],"media_url":"http://pbs.twimg.com/media/DnXwxZKVsAANevD.jpg","media_url_https":"https://pbs.twimg.com/media/DnXwxZKVsAANevD.jpg","url":"https://t.co/GWZgtQOPxh","display_url":"pic.twitter.com/GWZgtQOPxh","expanded_url":"https://twitter.com/EOSEscortTours/status/1042003624056958977/photo/1","type":"photo","sizes":{"small":{"w":465,"h":680,"resize":"fit"},"thumb":{"w":150,"h":150,"resize":"crop"},"large":{"w":627,"h":916,"resize":"fit"},"medium":{"w":627,"h":916,"resize":"fit"}}}]},"extended_entities":{"media":[{"id":1042003620164644900,"id_str":"1042003620164644864","indices":[202,225],"media_url":"http://pbs.twimg.com/media/DnXwxZKVsAANevD.jpg","media_url_https":"https://pbs.twimg.com/media/DnXwxZKVsAANevD.jpg","url":"https://t.co/GWZgtQOPxh","display_url":"pic.twitter.com/GWZgtQOPxh","expanded_url":"https://twitter.com/EOSEscortTours/status/1042003624056958977/photo/1","type":"photo","sizes":{"small":{"w":465,"h":680,"resize":"fit"},"thumb":{"w":150,"h":150,"resize":"crop"},"large":{"w":627,"h":916,"resize":"fit"},"medium":{"w":627,"h":916,"resize":"fit"}}}]}},"quote_count":0,"reply_count":0,"retweet_count":0,"favorite_count":0,"entities":{"hashtags":[],"urls":[{"url":"https://t.co/yKtnoPLPoD","expanded_url":"https://twitter.com/i/web/status/1042003624056958977","display_url":"twitter.com/i/web/status/1…","indices":[121,144]}],"user_mentions":[],"symbols":[]},"favorited":false,"retweeted":false,"possibly_sensitive":false,"filter_level":"low","lang":"en","timestamp_ms":"1537267998123"}