{"created_at":"Tue Sep 18 10:17:33 +0000 2018","id":1041994628990464000,"id_str":"1041994628990464000","text":"sing up the link and get 85% Bitcoin Offers\nhttps://t.co/eLOxvWG3ii","source":"<a href=\"http://twitter.com\" rel=\"nofollow\">Twitter Web Client</a>","truncated":false,"in_reply_to_status_id":null,"in_reply_to_status_id_str":null,"in_reply_to_user_id":null,"in_reply_to_user_id_str":null,"in_reply_to_screen_name":null,"user":{"id":1039138499004313600,"id_str":"1039138499004313601","name":"ROGER SALOMO","screen_name":"roger_salomo","location":null,"url":null,"description":null,"translator_type":"none","protected":false,"verified":false,"followers_count":6,"friends_count":131,"listed_count":0,"favourites_count":5,"statuses_count":440,"created_at":"Mon Sep 10 13:08:19 +0000 2018","utc_offset":null,"time_zone":null,"geo_enabled":false,"lang":"en","contributors_enabled":false,"is_translator":false,"profile_background_color":"F5F8FA","profile_background_image_url":"","profile_background_image_url_https":"","profile_background_tile":false,"profile_link_color":"1DA1F2","profile_sidebar_border_color":"C0DEED","profile_sidebar_fill_color":"DDEEF6","profile_text_color":"333333","profile_use_background_image":true,"profile_image_url":"http://abs.twimg.com/sticky/default_profile_images/default_profile_normal.png","profile_image_url_https":"https://abs.twimg.com/sticky/default_profile_images/default_profile_normal.png","default_profile":true,"default_profile_image":false,"following":null,"follow_request_sent":null,"notifications":null},"geo":null,"coordinates":null,"place":null,"contributors":null,"quoted_status_id":1040686947558088700,"quoted_status_id_str":"1040686947558088704","quoted_status":{"created_at":"Fri Sep 14 19:41:17 +0000 2018","id":1040686947558088700,"id_str":"1040686947558088704","text":"@ChannelNewsAsia While #China &amp; #US are busy attracting #FDIs to boost #JobsMarkets, #PAP Govt Drives our Entrepren… https://t.co/oGueDzNLXf","display_text_range":[17,140],"source":"<a href=\"http://twitter.com\" rel=\"nofollow\">Twitter Web Client</a>","truncated":true,"in_reply_to_status_id":1040604399976951800,"in_reply_to_status_id_str":"1040604399976951808","in_reply_to_user_id":38400130,"in_reply_to_user_id_str":"38400130","in_reply_to_screen_name":"ChannelNewsAsia","user":{"id":3192741882,"id_str":"3192741882","name":"Singapore Professionals 新加坡爱您","screen_name":"Professionals65","location":"Welcome to Happy & Peaceful Singapore! We want to encourage you. 💯% RT back.❌Pornography, ❌DM thanks.","url":"https://twitter.com/search?f=tweets&vertical=default&q=from%3AProfessionals65%20-filter%3Amentions&s","description":"191,009 Professionals love Singapore🇸🇬, with @LoveSpore1965 are Followers of @leehsienloong. Homepage: http://www.emmanuel-maria.biz/index_files/Page1710.htm","translator_type":"none","protected":false,"verified":false,"followers_count":1021,"friends_count":1051,"listed_count":191,"favourites_count":28270,"statuses_count":24557,"created_at":"Tue May 12 04:22:58 +0000 2015","utc_offset":null,"time_zone":null,"geo_enabled":false,"lang":"en","contributors_enabled":false,"is_translator":false,"profile_background_color":"C0DEED","profile_background_image_url":"http://abs.twimg.com/images/themes/theme1/bg.png","profile_background_image_url_https":"https://abs.twimg.com/images/themes/theme1/bg.png","profile_background_tile":false,"profile_link_color":"1DA1F2","profile_sidebar_border_color":"C0DEED","profile_sidebar_fill_color":"DDEEF6","profile_text_color":"333333","profile_use_background_image":true,"profile_image_url":"http://pbs.twimg.com/profile_images/649908371991080960/uxFrInYJ_normal.jpg","profile_image_url_https":"https://pbs.twimg.com/profile_images/649908371991080960/uxFrInYJ_normal.jpg","profile_banner_url":"https://pbs.twimg.com/profile_banners/3192741882/1431406396","default_profile":true,"default_profile_image":false,"following":null,"follow_request_sent":null,"notifications":null},"geo":null,"coordinates":null,"place":null,"contributors":null,"is_quote_status":false,"extended_tweet":{"full_text":"@ChannelNewsAsia While #China &amp; #US are busy attracting #FDIs to boost #JobsMarkets, #PAP Govt Drives our Entrepreneurs OUT of #Singapore to shrink jobs market to 48% working Full-Time! COUNTER-PRODUCTIVE!\nLet's be United to boosts Jobs Market instead!\nWelcome to #SG to see 国家的败类和寄生虫！ https://t.co/nS30QLZ0b5","display_text_range":[17,289],"entities":{"hashtags":[{"text":"China","indices":[23,29]},{"text":"US","indices":[36,39]},{"text":"FDIs","indices":[60,65]},{"text":"JobsMarkets","indices":[75,87]},{"text":"PAP","indices":[89,93]},{"text":"Singapore","indices":[131,141]},{"text":"SG","indices":[268,271]}],"urls":[],"user_mentions":[{"screen_name":"ChannelNewsAsia","name":"Channel NewsAsia","id":38400130,"id_str":"38400130","indices":[0,16]}],"symbols":[],"media":[{"id":1040686921360408600,"id_str":"1040686921360408576","indices":[290,313],"media_url":"http://pbs.twimg.com/media/DnFDPb4VAAA-EN-.jpg","media_url_https":"https://pbs.twimg.com/media/DnFDPb4VAAA-EN-.jpg","url":"https://t.co/nS30QLZ0b5","display_url":"pic.twitter.com/nS30QLZ0b5","expanded_url":"https://twitter.com/Professionals65/status/1040686947558088704/photo/1","type":"photo","sizes":{"medium":{"w":991,"h":557,"resize":"fit"},"thumb":{"w":150,"h":150,"resize":"crop"},"small":{"w":680,"h":382,"resize":"fit"},"large":{"w":991,"h":557,"resize":"fit"}}}]},"extended_entities":{"media":[{"id":1040686921360408600,"id_str":"1040686921360408576","indices":[290,313],"media_url":"http://pbs.twimg.com/media/DnFDPb4VAAA-EN-.jpg","media_url_https":"https://pbs.twimg.com/media/DnFDPb4VAAA-EN-.jpg","url":"https://t.co/nS30QLZ0b5","display_url":"pic.twitter.com/nS30QLZ0b5","expanded_url":"https://twitter.com/Professionals65/status/1040686947558088704/photo/1","type":"photo","sizes":{"medium":{"w":991,"h":557,"resize":"fit"},"thumb":{"w":150,"h":150,"resize":"crop"},"small":{"w":680,"h":382,"resize":"fit"},"large":{"w":991,"h":557,"resize":"fit"}}}]}},"quote_count":0,"reply_count":1,"retweet_count":20,"favorite_count":17,"entities":{"hashtags":[{"text":"China","indices":[23,29]},{"text":"US","indices":[36,39]},{"text":"FDIs","indices":[60,65]},{"text":"JobsMarkets","indices":[75,87]},{"text":"PAP","indices":[89,93]}],"urls":[{"url":"https://t.co/oGueDzNLXf","expanded_url":"https://twitter.com/i/web/status/1040686947558088704","display_url":"twitter.com/i/web/status/1…","indices":[121,144]}],"user_mentions":[{"screen_name":"ChannelNewsAsia","name":"Channel NewsAsia","id":38400130,"id_str":"38400130","indices":[0,16]}],"symbols":[]},"favorited":false,"retweeted":false,"possibly_sensitive":false,"filter_level":"low","lang":"en"},"quoted_status_permalink":{"url":"https://t.co/AJ1NFZmaE8","expanded":"https://twitter.com/Professionals65/status/1040686947558088704","display":"twitter.com/Professionals6…"},"is_quote_status":true,"quote_count":0,"reply_count":0,"retweet_count":0,"favorite_count":0,"entities":{"hashtags":[],"urls":[{"url":"https://t.co/eLOxvWG3ii","expanded_url":"https://www.cryptoalltime.com/?aid=vhH3GBPZE0&ci=695&ai=2190307&gi=900&lg=En&so=BtcKingdom+Start+investing","display_url":"cryptoalltime.com/?aid=vhH3GBPZE…","indices":[44,67]}],"user_mentions":[],"symbols":[]},"favorited":false,"retweeted":false,"possibly_sensitive":false,"filter_level":"low","lang":"en","timestamp_ms":"1537265853532"}