{"created_at":"Tue Sep 18 11:00:40 +0000 2018","id":1042005480250462200,"id_str":"1042005480250462213","text":"Singapore is set to welcome a new Kempinski hotel next month when The Capitol Kempinski Hotel Singapore opens its d… https://t.co/kd9oMCwLbL","display_text_range":[0,140],"source":"<a href=\"https://www.hootsuite.com\" rel=\"nofollow\">Hootsuite Inc.</a>","truncated":true,"in_reply_to_status_id":null,"in_reply_to_status_id_str":null,"in_reply_to_user_id":null,"in_reply_to_user_id_str":null,"in_reply_to_screen_name":null,"user":{"id":1565624064,"id_str":"1565624064","name":"Global Travel Management","screen_name":"GlobalTravelMgt","location":"Global Travel Management","url":"http://gtm.uk.com/","description":"2016 Business Travel Agent of the Year","translator_type":"none","protected":false,"verified":false,"followers_count":757,"friends_count":1149,"listed_count":20,"favourites_count":359,"statuses_count":5024,"created_at":"Wed Jul 03 12:25:43 +0000 2013","utc_offset":null,"time_zone":null,"geo_enabled":false,"lang":"en","contributors_enabled":false,"is_translator":false,"profile_background_color":"3D34C7","profile_background_image_url":"http://abs.twimg.com/images/themes/theme14/bg.gif","profile_background_image_url_https":"https://abs.twimg.com/images/themes/theme14/bg.gif","profile_background_tile":false,"profile_link_color":"333399","profile_sidebar_border_color":"000000","profile_sidebar_fill_color":"000000","profile_text_color":"0A3B85","profile_use_background_image":true,"profile_image_url":"http://pbs.twimg.com/profile_images/875381401423683585/ae1IiZQl_normal.jpg","profile_image_url_https":"https://pbs.twimg.com/profile_images/875381401423683585/ae1IiZQl_normal.jpg","profile_banner_url":"https://pbs.twimg.com/profile_banners/1565624064/1479492692","default_profile":false,"default_profile_image":false,"following":null,"follow_request_sent":null,"notifications":null},"geo":null,"coordinates":null,"place":null,"contributors":null,"is_quote_status":false,"extended_tweet":{"full_text":"Singapore is set to welcome a new Kempinski hotel next month when The Capitol Kempinski Hotel Singapore opens its doors on 1 October. \n\nhttps://t.co/XRyQmNx7pe \nvia @BTUK \n\n#businesstravel #singapore @Kempinski https://t.co/EW6wm3o3SF","display_text_range":[0,210],"entities":{"hashtags":[{"text":"businesstravel","indices":[173,188]},{"text":"singapore","indices":[189,199]}],"urls":[{"url":"https://t.co/XRyQmNx7pe","expanded_url":"http://ow.ly/6bB330lRzKq","display_url":"ow.ly/6bB330lRzKq","indices":[136,159]}],"user_mentions":[{"screen_name":"BTUK","name":"Business Traveller","id":17806284,"id_str":"17806284","indices":[165,170]},{"screen_name":"Kempinski","name":"Kempinski Hotels","id":75712305,"id_str":"75712305","indices":[200,210]}],"symbols":[],"media":[{"id":1042005478497296400,"id_str":"1042005478497296385","indices":[211,234],"media_url":"http://pbs.twimg.com/media/DnXydj_XoAEoD1_.jpg","media_url_https":"https://pbs.twimg.com/media/DnXydj_XoAEoD1_.jpg","url":"https://t.co/EW6wm3o3SF","display_url":"pic.twitter.com/EW6wm3o3SF","expanded_url":"https://twitter.com/GlobalTravelMgt/status/1042005480250462213/photo/1","type":"photo","sizes":{"small":{"w":680,"h":340,"resize":"fit"},"thumb":{"w":150,"h":150,"resize":"crop"},"medium":{"w":1024,"h":512,"resize":"fit"},"large":{"w":1024,"h":512,"resize":"fit"}}}]},"extended_entities":{"media":[{"id":1042005478497296400,"id_str":"1042005478497296385","indices":[211,234],"media_url":"http://pbs.twimg.com/media/DnXydj_XoAEoD1_.jpg","media_url_https":"https://pbs.twimg.com/media/DnXydj_XoAEoD1_.jpg","url":"https://t.co/EW6wm3o3SF","display_url":"pic.twitter.com/EW6wm3o3SF","expanded_url":"https://twitter.com/GlobalTravelMgt/status/1042005480250462213/photo/1","type":"photo","sizes":{"small":{"w":680,"h":340,"resize":"fit"},"thumb":{"w":150,"h":150,"resize":"crop"},"medium":{"w":1024,"h":512,"resize":"fit"},"large":{"w":1024,"h":512,"resize":"fit"}}}]}},"quote_count":0,"reply_count":0,"retweet_count":0,"favorite_count":0,"entities":{"hashtags":[],"urls":[{"url":"https://t.co/kd9oMCwLbL","expanded_url":"https://twitter.com/i/web/status/1042005480250462213","display_url":"twitter.com/i/web/status/1…","indices":[117,140]}],"user_mentions":[],"symbols":[]},"favorited":false,"retweeted":false,"possibly_sensitive":false,"filter_level":"low","lang":"en","timestamp_ms":"1537268440674"}