{"created_at":"Tue Sep 18 10:53:35 +0000 2018","id":1042003695045681200,"id_str":"1042003695045681152","text":"RT @CINDXPlatform: We are excited to share the interim results of #CINDX #Roadshow! Read about CINDX' achievements in #Shanghai, #Beijing a…","source":"<a href=\"http://twitter.com\" rel=\"nofollow\">Twitter Web Client</a>","truncated":false,"in_reply_to_status_id":null,"in_reply_to_status_id_str":null,"in_reply_to_user_id":null,"in_reply_to_user_id_str":null,"in_reply_to_screen_name":null,"user":{"id":875999317726810100,"id_str":"875999317726810113","name":"Ethereum Panda","screen_name":"ethereumpanda","location":"China","url":null,"description":"The panda is hungry for Ethereum","translator_type":"none","protected":false,"verified":false,"followers_count":1881,"friends_count":4220,"listed_count":3,"favourites_count":1200,"statuses_count":2568,"created_at":"Sat Jun 17 08:51:27 +0000 2017","utc_offset":null,"time_zone":null,"geo_enabled":false,"lang":"en","contributors_enabled":false,"is_translator":false,"profile_background_color":"000000","profile_background_image_url":"http://abs.twimg.com/images/themes/theme1/bg.png","profile_background_image_url_https":"https://abs.twimg.com/images/themes/theme1/bg.png","profile_background_tile":false,"profile_link_color":"19CF86","profile_sidebar_border_color":"000000","profile_sidebar_fill_color":"000000","profile_text_color":"000000","profile_use_background_image":false,"profile_image_url":"http://pbs.twimg.com/profile_images/991469179013283840/MUVpal5M_normal.jpg","profile_image_url_https":"https://pbs.twimg.com/profile_images/991469179013283840/MUVpal5M_normal.jpg","profile_banner_url":"https://pbs.twimg.com/profile_banners/875999317726810113/1525219633","default_profile":false,"default_profile_image":false,"following":null,"follow_request_sent":null,"notifications":null},"geo":null,"coordinates":null,"place":null,"contributors":null,"retweeted_status":{"created_at":"Mon Sep 17 15:21:29 +0000 2018","id":1041708726732947500,"id_str":"1041708726732947459","text":"We are excited to share the interim results of #CINDX #Roadshow! Read about CINDX' achievements in #Shanghai,… https://t.co/9MOY6mVTQy","source":"<a href=\"http://twitter.com\" rel=\"nofollow\">Twitter Web Client</a>","truncated":true,"in_reply_to_status_id":null,"in_reply_to_status_id_str":null,"in_reply_to_user_id":null,"in_reply_to_user_id_str":null,"in_reply_to_screen_name":null,"user":{"id":972122892627476500,"id_str":"972122892627476482","name":"CINDX","screen_name":"CINDXPlatform","location":"Tallinn, Estonia","url":"https://cindx.io","description":"#CINDX - a #blockchain-based hub that allows anybody to #invest in the #crypto market, and earn returns without possessing any specialized knowledge.","translator_type":"none","protected":false,"verified":false,"followers_count":3236,"friends_count":780,"listed_count":22,"favourites_count":8390,"statuses_count":975,"created_at":"Fri Mar 09 14:52:13 +0000 2018","utc_offset":null,"time_zone":null,"geo_enabled":false,"lang":"ru","contributors_enabled":false,"is_translator":false,"profile_background_color":"000000","profile_background_image_url":"http://abs.twimg.com/images/themes/theme1/bg.png","profile_background_image_url_https":"https://abs.twimg.com/images/themes/theme1/bg.png","profile_background_tile":false,"profile_link_color":"24203A","profile_sidebar_border_color":"000000","profile_sidebar_fill_color":"000000","profile_text_color":"000000","profile_use_background_image":false,"profile_image_url":"http://pbs.twimg.com/profile_images/1027201621485408256/3rycTqQS_normal.jpg","profile_image_url_https":"https://pbs.twimg.com/profile_images/1027201621485408256/3rycTqQS_normal.jpg","profile_banner_url":"https://pbs.twimg.com/profile_banners/972122892627476482/1533910526","default_profile":false,"default_profile_image":false,"following":null,"follow_request_sent":null,"notifications":null},"geo":null,"coordinates":null,"place":null,"contributors":null,"is_quote_status":false,"extended_tweet":{"full_text":"We are excited to share the interim results of #CINDX #Roadshow! Read about CINDX' achievements in #Shanghai, #Beijing and #Singapore. \nStay with us - next stop, #Seoul! 🚀\nhttps://t.co/peMtKQfZp4","display_text_range":[0,195],"entities":{"hashtags":[{"text":"CINDX","indices":[47,53]},{"text":"Roadshow","indices":[54,63]},{"text":"Shanghai","indices":[99,108]},{"text":"Beijing","indices":[110,118]},{"text":"Singapore","indices":[123,133]},{"text":"Seoul","indices":[162,168]}],"urls":[{"url":"https://t.co/peMtKQfZp4","expanded_url":"https://medium.com/cindx/roadshow-shanghai-beijing-singapore-40a748d9c9da","display_url":"medium.com/cindx/roadshow…","indices":[172,195]}],"user_mentions":[],"symbols":[]}},"quote_count":8,"reply_count":0,"retweet_count":101,"favorite_count":35,"entities":{"hashtags":[{"text":"CINDX","indices":[47,53]},{"text":"Roadshow","indices":[54,63]},{"text":"Shanghai","indices":[99,108]}],"urls":[{"url":"https://t.co/9MOY6mVTQy","expanded_url":"https://twitter.com/i/web/status/1041708726732947459","display_url":"twitter.com/i/web/status/1…","indices":[111,134]}],"user_mentions":[],"symbols":[]},"favorited":false,"retweeted":false,"possibly_sensitive":false,"filter_level":"low","lang":"en"},"is_quote_status":false,"quote_count":0,"reply_count":0,"retweet_count":0,"favorite_count":0,"entities":{"hashtags":[{"text":"CINDX","indices":[66,72]},{"text":"Roadshow","indices":[73,82]},{"text":"Shanghai","indices":[118,127]},{"text":"Beijing","indices":[129,137]}],"urls":[],"user_mentions":[{"screen_name":"CINDXPlatform","name":"CINDX","id":972122892627476500,"id_str":"972122892627476482","indices":[3,17]}],"symbols":[]},"favorited":false,"retweeted":false,"filter_level":"low","lang":"en","timestamp_ms":"1537268015048"}