{"created_at":"Tue Sep 18 11:15:04 +0000 2018","id":1042009104737292300,"id_str":"1042009104737292288","text":"as well as the nearby regions of Guangxi, Guizhou, Sichuan  ::  https://t.co/pd9SKp86ao     #Yunnan #China… https://t.co/f4jkB5lDSs","source":"<a href=\"https://www.hootsuite.com\" rel=\"nofollow\">Hootsuite Inc.</a>","truncated":true,"in_reply_to_status_id":null,"in_reply_to_status_id_str":null,"in_reply_to_user_id":null,"in_reply_to_user_id_str":null,"in_reply_to_screen_name":null,"user":{"id":823250076,"id_str":"823250076","name":"BowdyWanders","screen_name":"BowdyWanders","location":"Singapore","url":"http://www.bowdywanders.com","description":"Coffee cups and culture cravings. Join in the chase for new adventures around the world!","translator_type":"none","protected":false,"verified":false,"followers_count":1073,"friends_count":1608,"listed_count":216,"favourites_count":463,"statuses_count":39426,"created_at":"Fri Sep 14 12:56:56 +0000 2012","utc_offset":null,"time_zone":null,"geo_enabled":false,"lang":"en","contributors_enabled":false,"is_translator":false,"profile_background_color":"000000","profile_background_image_url":"http://abs.twimg.com/images/themes/theme13/bg.gif","profile_background_image_url_https":"https://abs.twimg.com/images/themes/theme13/bg.gif","profile_background_tile":false,"profile_link_color":"ABB8C2","profile_sidebar_border_color":"000000","profile_sidebar_fill_color":"000000","profile_text_color":"000000","profile_use_background_image":false,"profile_image_url":"http://pbs.twimg.com/profile_images/2609752694/xazn0l1yy884or5169m9_normal.jpeg","profile_image_url_https":"https://pbs.twimg.com/profile_images/2609752694/xazn0l1yy884or5169m9_normal.jpeg","profile_banner_url":"https://pbs.twimg.com/profile_banners/823250076/1416022728","default_profile":false,"default_profile_image":false,"following":null,"follow_request_sent":null,"notifications":null},"geo":null,"coordinates":null,"place":null,"contributors":null,"is_quote_status":false,"extended_tweet":{"full_text":"as well as the nearby regions of Guangxi, Guizhou, Sichuan  ::  https://t.co/pd9SKp86ao     #Yunnan #China #InstaChina #Travel #TravelBlogger #Singapore #Philippines","display_text_range":[0,165],"entities":{"hashtags":[{"text":"Yunnan","indices":[92,99]},{"text":"China","indices":[100,106]},{"text":"InstaChina","indices":[107,118]},{"text":"Travel","indices":[119,126]},{"text":"TravelBlogger","indices":[127,141]},{"text":"Singapore","indices":[142,152]},{"text":"Philippines","indices":[153,165]}],"urls":[{"url":"https://t.co/pd9SKp86ao","expanded_url":"http://ow.ly/WBXW30lRoWL","display_url":"ow.ly/WBXW30lRoWL","indices":[64,87]}],"user_mentions":[],"symbols":[]}},"quote_count":0,"reply_count":0,"retweet_count":0,"favorite_count":0,"entities":{"hashtags":[{"text":"Yunnan","indices":[92,99]},{"text":"China","indices":[100,106]}],"urls":[{"url":"https://t.co/pd9SKp86ao","expanded_url":"http://ow.ly/WBXW30lRoWL","display_url":"ow.ly/WBXW30lRoWL","indices":[64,87]},{"url":"https://t.co/f4jkB5lDSs","expanded_url":"https://twitter.com/i/web/status/1042009104737292288","display_url":"twitter.com/i/web/status/1…","indices":[108,131]}],"user_mentions":[],"symbols":[]},"favorited":false,"retweeted":false,"possibly_sensitive":false,"filter_level":"low","lang":"en","timestamp_ms":"1537269304819"}