{"created_at":"Tue Sep 18 10:24:59 +0000 2018","id":1041996499599679500,"id_str":"1041996499599679489","text":"RT @LoveIdaBlume: • revised tour dates •\n\n#Auckland until 19th of Sept\n#Wellington 20th - 27th of Sept\n#Singapore 28th of Sept - 4th of Oct…","source":"<a href=\"https://mobile.twitter.com\" rel=\"nofollow\">Twitter Lite</a>","truncated":false,"in_reply_to_status_id":null,"in_reply_to_status_id_str":null,"in_reply_to_user_id":null,"in_reply_to_user_id_str":null,"in_reply_to_screen_name":null,"user":{"id":430608733,"id_str":"430608733","name":"🌈Ms Tanya Bryant","screen_name":"ComingSoon9","location":"NYC and worldwide","url":null,"description":"Pure passion by night and badass working girl by day... Lonely scarlet rose in the city [contact - kik mstanyabryant] Profe$$ional #girlfriend #companion","translator_type":"none","protected":false,"verified":false,"followers_count":602,"friends_count":1533,"listed_count":6,"favourites_count":921,"statuses_count":618,"created_at":"Wed Dec 07 11:08:37 +0000 2011","utc_offset":null,"time_zone":null,"geo_enabled":false,"lang":"en","contributors_enabled":false,"is_translator":false,"profile_background_color":"C0DEED","profile_background_image_url":"http://abs.twimg.com/images/themes/theme1/bg.png","profile_background_image_url_https":"https://abs.twimg.com/images/themes/theme1/bg.png","profile_background_tile":false,"profile_link_color":"1DA1F2","profile_sidebar_border_color":"C0DEED","profile_sidebar_fill_color":"DDEEF6","profile_text_color":"333333","profile_use_background_image":true,"profile_image_url":"http://pbs.twimg.com/profile_images/1012742681611653120/VjyRU1id_normal.jpg","profile_image_url_https":"https://pbs.twimg.com/profile_images/1012742681611653120/VjyRU1id_normal.jpg","profile_banner_url":"https://pbs.twimg.com/profile_banners/430608733/1508423618","default_profile":true,"default_profile_image":false,"following":null,"follow_request_sent":null,"notifications":null},"geo":null,"coordinates":null,"place":null,"contributors":null,"retweeted_status":{"created_at":"Mon Sep 17 23:29:27 +0000 2018","id":1041831529754705900,"id_str":"1041831529754705920","text":"• revised tour dates •\n\n#Auckland until 19th of Sept\n#Wellington 20th - 27th of Sept\n#Singapore 28th of Sept - 4th… https://t.co/qMA4biuyLq","display_text_range":[0,140],"source":"<a href=\"http://twitter.com/download/iphone\" rel=\"nofollow\">Twitter for iPhone</a>","truncated":true,"in_reply_to_status_id":null,"in_reply_to_status_id_str":null,"in_reply_to_user_id":null,"in_reply_to_user_id_str":null,"in_reply_to_screen_name":null,"user":{"id":2757732589,"id_str":"2757732589","name":"Ida Blume","screen_name":"LoveIdaBlume","location":null,"url":"http://idablume.ch","description":"~ alluring sophisticate and golden girl ~ #Melbourne #Auckland #Singapore #HongKong","translator_type":"none","protected":false,"verified":false,"followers_count":5275,"friends_count":140,"listed_count":46,"favourites_count":35197,"statuses_count":15292,"created_at":"Sat Aug 23 04:39:21 +0000 2014","utc_offset":null,"time_zone":null,"geo_enabled":true,"lang":"en","contributors_enabled":false,"is_translator":false,"profile_background_color":"000000","profile_background_image_url":"http://abs.twimg.com/images/themes/theme1/bg.png","profile_background_image_url_https":"https://abs.twimg.com/images/themes/theme1/bg.png","profile_background_tile":false,"profile_link_color":"F58EA8","profile_sidebar_border_color":"000000","profile_sidebar_fill_color":"000000","profile_text_color":"000000","profile_use_background_image":false,"profile_image_url":"http://pbs.twimg.com/profile_images/916955197095550977/FXY-7bCc_normal.jpg","profile_image_url_https":"https://pbs.twimg.com/profile_images/916955197095550977/FXY-7bCc_normal.jpg","profile_banner_url":"https://pbs.twimg.com/profile_banners/2757732589/1507454217","default_profile":false,"default_profile_image":false,"following":null,"follow_request_sent":null,"notifications":null},"geo":null,"coordinates":null,"place":null,"contributors":null,"is_quote_status":false,"extended_tweet":{"full_text":"• revised tour dates •\n\n#Auckland until 19th of Sept\n#Wellington 20th - 27th of Sept\n#Singapore 28th of Sept - 4th of Oct\n#HongKong 5th of Oct - 12th of Oct\n\n❤️ • please retweet lovelies • ❤️\n\nhttps://t.co/0GGFnzQmdx https://t.co/oMVpVeYRTf","display_text_range":[0,216],"entities":{"hashtags":[{"text":"Auckland","indices":[24,33]},{"text":"Wellington","indices":[53,64]},{"text":"Singapore","indices":[85,95]},{"text":"HongKong","indices":[122,131]}],"urls":[{"url":"https://t.co/0GGFnzQmdx","expanded_url":"http://idablume.ch","display_url":"idablume.ch","indices":[193,216]}],"user_mentions":[],"symbols":[],"media":[{"id":1041831513749213200,"id_str":"1041831513749213184","indices":[217,240],"media_url":"http://pbs.twimg.com/media/DnVUPezUUAAiA82.jpg","media_url_https":"https://pbs.twimg.com/media/DnVUPezUUAAiA82.jpg","url":"https://t.co/oMVpVeYRTf","display_url":"pic.twitter.com/oMVpVeYRTf","expanded_url":"https://twitter.com/LoveIdaBlume/status/1041831529754705920/photo/1","type":"photo","sizes":{"thumb":{"w":150,"h":150,"resize":"crop"},"large":{"w":960,"h":1280,"resize":"fit"},"small":{"w":510,"h":680,"resize":"fit"},"medium":{"w":900,"h":1200,"resize":"fit"}}}]},"extended_entities":{"media":[{"id":1041831513749213200,"id_str":"1041831513749213184","indices":[217,240],"media_url":"http://pbs.twimg.com/media/DnVUPezUUAAiA82.jpg","media_url_https":"https://pbs.twimg.com/media/DnVUPezUUAAiA82.jpg","url":"https://t.co/oMVpVeYRTf","display_url":"pic.twitter.com/oMVpVeYRTf","expanded_url":"https://twitter.com/LoveIdaBlume/status/1041831529754705920/photo/1","type":"photo","sizes":{"thumb":{"w":150,"h":150,"resize":"crop"},"large":{"w":960,"h":1280,"resize":"fit"},"small":{"w":510,"h":680,"resize":"fit"},"medium":{"w":900,"h":1200,"resize":"fit"}}}]}},"quote_count":0,"reply_count":0,"retweet_count":9,"favorite_count":13,"entities":{"hashtags":[{"text":"Auckland","indices":[24,33]},{"text":"Wellington","indices":[53,64]},{"text":"Singapore","indices":[85,95]}],"urls":[{"url":"https://t.co/qMA4biuyLq","expanded_url":"https://twitter.com/i/web/status/1041831529754705920","display_url":"twitter.com/i/web/status/1…","indices":[116,139]}],"user_mentions":[],"symbols":[]},"favorited":false,"retweeted":false,"possibly_sensitive":false,"filter_level":"low","lang":"en"},"is_quote_status":false,"quote_count":0,"reply_count":0,"retweet_count":0,"favorite_count":0,"entities":{"hashtags":[{"text":"Auckland","indices":[42,51]},{"text":"Wellington","indices":[71,82]},{"text":"Singapore","indices":[103,113]}],"urls":[],"user_mentions":[{"screen_name":"LoveIdaBlume","name":"Ida Blume","id":2757732589,"id_str":"2757732589","indices":[3,16]}],"symbols":[]},"favorited":false,"retweeted":false,"filter_level":"low","lang":"en","timestamp_ms":"1537266299520"}