{"created_at":"Tue Sep 18 11:15:07 +0000 2018","id":1042009115952926700,"id_str":"1042009115952926720","text":"https://t.co/DRUIv8B03N Investment opportunity for investors looking for proven long term returns #forex… https://t.co/6Wqtv2RfrT","source":"<a href=\"https://ifttt.com\" rel=\"nofollow\">IFTTT</a>","truncated":true,"in_reply_to_status_id":null,"in_reply_to_status_id_str":null,"in_reply_to_user_id":null,"in_reply_to_user_id_str":null,"in_reply_to_screen_name":null,"user":{"id":846417765351276500,"id_str":"846417765351276544","name":"City Of Investment","screen_name":"CityofInvestmnt","location":"City of London, London","url":"http://www.cityofinvestment.com","description":"Make your money grow with https://t.co/roZQkyZSRo Global market leader in Forex Managed Account. https://t.co/G2JrDCtrKw Minimum deposit €1000","translator_type":"none","protected":false,"verified":false,"followers_count":9175,"friends_count":9988,"listed_count":28,"favourites_count":66,"statuses_count":53188,"created_at":"Mon Mar 27 17:44:55 +0000 2017","utc_offset":null,"time_zone":null,"geo_enabled":false,"lang":"en","contributors_enabled":false,"is_translator":false,"profile_background_color":"000000","profile_background_image_url":"http://abs.twimg.com/images/themes/theme1/bg.png","profile_background_image_url_https":"https://abs.twimg.com/images/themes/theme1/bg.png","profile_background_tile":false,"profile_link_color":"1B95E0","profile_sidebar_border_color":"000000","profile_sidebar_fill_color":"000000","profile_text_color":"000000","profile_use_background_image":false,"profile_image_url":"http://pbs.twimg.com/profile_images/887079869196185604/oGmO0xwi_normal.jpg","profile_image_url_https":"https://pbs.twimg.com/profile_images/887079869196185604/oGmO0xwi_normal.jpg","profile_banner_url":"https://pbs.twimg.com/profile_banners/846417765351276544/1500331437","default_profile":false,"default_profile_image":false,"following":null,"follow_request_sent":null,"notifications":null},"geo":null,"coordinates":null,"place":null,"contributors":null,"is_quote_status":false,"extended_tweet":{"full_text":"https://t.co/DRUIv8B03N Investment opportunity for investors looking for proven long term returns #forex #assetmanagement #fx #finanzas #investing #money #invest US #Singapore #Japan #Hongkong #Macau #SouthKorea #NorthKorea #Taiwan #Brunei #Russia…","display_text_range":[0,248],"entities":{"hashtags":[{"text":"forex","indices":[98,104]},{"text":"assetmanagement","indices":[105,121]},{"text":"fx","indices":[122,125]},{"text":"finanzas","indices":[126,135]},{"text":"investing","indices":[136,146]},{"text":"money","indices":[147,153]},{"text":"invest","indices":[154,161]},{"text":"Singapore","indices":[165,175]},{"text":"Japan","indices":[176,182]},{"text":"Hongkong","indices":[183,192]},{"text":"Macau","indices":[193,199]},{"text":"SouthKorea","indices":[200,211]},{"text":"NorthKorea","indices":[212,223]},{"text":"Taiwan","indices":[224,231]},{"text":"Brunei","indices":[232,239]},{"text":"Russia","indices":[240,247]}],"urls":[{"url":"https://t.co/DRUIv8B03N","expanded_url":"http://cityofinvestment.com/2017/04/02/forex-managed-accounts/","display_url":"cityofinvestment.com/2017/04/02/for…","indices":[0,23]}],"user_mentions":[],"symbols":[]}},"quote_count":0,"reply_count":0,"retweet_count":0,"favorite_count":0,"entities":{"hashtags":[{"text":"forex","indices":[98,104]}],"urls":[{"url":"https://t.co/DRUIv8B03N","expanded_url":"http://cityofinvestment.com/2017/04/02/forex-managed-accounts/","display_url":"cityofinvestment.com/2017/04/02/for…","indices":[0,23]},{"url":"https://t.co/6Wqtv2RfrT","expanded_url":"https://twitter.com/i/web/status/1042009115952926720","display_url":"twitter.com/i/web/status/1…","indices":[106,129]}],"user_mentions":[],"symbols":[]},"favorited":false,"retweeted":false,"possibly_sensitive":false,"filter_level":"low","lang":"en","timestamp_ms":"1537269307493"}