{"created_at":"Tue Sep 18 11:15:14 +0000 2018","id":1042009146772471800,"id_str":"1042009146772471808","text":"*\n📷📷📷❤️#ただいま\n#いい写真たくさん撮れた #goodtrip \n#singapore #enjoy #goodday #千華 場所: Tokyo, Japan https://t.co/FE8eUkvP93","source":"<a href=\"http://instagram.com\" rel=\"nofollow\">Instagram</a>","truncated":false,"in_reply_to_status_id":null,"in_reply_to_status_id_str":null,"in_reply_to_user_id":null,"in_reply_to_user_id_str":null,"in_reply_to_screen_name":null,"user":{"id":2290372189,"id_str":"2290372189","name":"寺西千華","screen_name":"chipon777","location":"東京 港区","url":null,"description":"てらちか🙋💓自由人💓公式LINE@にて、色々限定配信中♪ @aem2582n(LINE IDで検索！)","translator_type":"none","protected":false,"verified":false,"followers_count":522,"friends_count":288,"listed_count":6,"favourites_count":11,"statuses_count":1080,"created_at":"Tue Jan 14 00:05:32 +0000 2014","utc_offset":null,"time_zone":null,"geo_enabled":true,"lang":"ja","contributors_enabled":false,"is_translator":false,"profile_background_color":"C0DEED","profile_background_image_url":"http://abs.twimg.com/images/themes/theme1/bg.png","profile_background_image_url_https":"https://abs.twimg.com/images/themes/theme1/bg.png","profile_background_tile":false,"profile_link_color":"1DA1F2","profile_sidebar_border_color":"C0DEED","profile_sidebar_fill_color":"DDEEF6","profile_text_color":"333333","profile_use_background_image":true,"profile_image_url":"http://pbs.twimg.com/profile_images/1041862500709326849/KI7SWFxv_normal.jpg","profile_image_url_https":"https://pbs.twimg.com/profile_images/1041862500709326849/KI7SWFxv_normal.jpg","profile_banner_url":"https://pbs.twimg.com/profile_banners/2290372189/1537234358","default_profile":true,"default_profile_image":false,"following":null,"follow_request_sent":null,"notifications":null},"geo":{"type":"Point","coordinates":[35.68,139.77]},"coordinates":{"type":"Point","coordinates":[139.77,35.68]},"place":{"id":"735b6f2b933efaf6","url":"https://api.twitter.com/1.1/geo/id/735b6f2b933efaf6.json","place_type":"city","name":"中央区","full_name":"東京 中央区","country_code":"JP","country":"日本","bounding_box":{"type":"Polygon","coordinates":[[[139.758528,35.644646],[139.758528,35.69663],[139.793196,35.69663],[139.793196,35.644646]]]},"attributes":{}},"contributors":null,"is_quote_status":false,"quote_count":0,"reply_count":0,"retweet_count":0,"favorite_count":0,"entities":{"hashtags":[{"text":"ただいま","indices":[7,12]},{"text":"いい写真たくさん撮れた","indices":[13,25]},{"text":"goodtrip","indices":[26,35]},{"text":"singapore","indices":[37,47]},{"text":"enjoy","indices":[48,54]},{"text":"goodday","indices":[55,63]},{"text":"千華","indices":[64,67]}],"urls":[{"url":"https://t.co/FE8eUkvP93","expanded_url":"https://www.instagram.com/p/Bn3Yv0bnUBJ/?utm_source=ig_twitter_share&igshid=x68qcjyuyi4s","display_url":"instagram.com/p/Bn3Yv0bnUBJ/…","indices":[85,108]}],"user_mentions":[],"symbols":[]},"favorited":false,"retweeted":false,"possibly_sensitive":false,"filter_level":"low","lang":"ja","timestamp_ms":"1537269314841"}