{"created_at":"Tue Sep 18 11:15:15 +0000 2018","id":1042009149494591500,"id_str":"1042009149494591488","text":"Profanity Crime https://t.co/nVYDvPA5IJ #Thailand #Singapore #Vietnam #India #Asia #Peru #Philippines #Brazil #Chilie #Mexico #Australia #AP","source":"<a href=\"http://www1.makebot.sh/\" rel=\"nofollow\">Posts_from_Asia</a>","truncated":false,"in_reply_to_status_id":null,"in_reply_to_status_id_str":null,"in_reply_to_user_id":null,"in_reply_to_user_id_str":null,"in_reply_to_screen_name":null,"user":{"id":3303099121,"id_str":"3303099121","name":"Posts_from_Asia","screen_name":"Posts_from_Asia","location":"Entire Asia","url":null,"description":"We Never Give Up! Please retweet my tweets!","translator_type":"none","protected":false,"verified":false,"followers_count":1976,"friends_count":1880,"listed_count":900,"favourites_count":0,"statuses_count":309928,"created_at":"Sat Aug 01 05:28:01 +0000 2015","utc_offset":null,"time_zone":null,"geo_enabled":false,"lang":"ja","contributors_enabled":false,"is_translator":false,"profile_background_color":"C0DEED","profile_background_image_url":"http://abs.twimg.com/images/themes/theme1/bg.png","profile_background_image_url_https":"https://abs.twimg.com/images/themes/theme1/bg.png","profile_background_tile":false,"profile_link_color":"1DA1F2","profile_sidebar_border_color":"C0DEED","profile_sidebar_fill_color":"DDEEF6","profile_text_color":"333333","profile_use_background_image":true,"profile_image_url":"http://pbs.twimg.com/profile_images/627350625584443394/E5AyiJ3K_normal.jpg","profile_image_url_https":"https://pbs.twimg.com/profile_images/627350625584443394/E5AyiJ3K_normal.jpg","profile_banner_url":"https://pbs.twimg.com/profile_banners/3303099121/1438407046","default_profile":true,"default_profile_image":false,"following":null,"follow_request_sent":null,"notifications":null},"geo":null,"coordinates":null,"place":null,"contributors":null,"is_quote_status":false,"quote_count":0,"reply_count":0,"retweet_count":0,"favorite_count":0,"entities":{"hashtags":[{"text":"Thailand","indices":[40,49]},{"text":"Singapore","indices":[50,60]},{"text":"Vietnam","indices":[61,69]},{"text":"India","indices":[70,76]},{"text":"Asia","indices":[77,82]},{"text":"Peru","indices":[83,88]},{"text":"Philippines","indices":[89,101]},{"text":"Brazil","indices":[102,109]},{"text":"Chilie","indices":[110,117]},{"text":"Mexico","indices":[118,125]},{"text":"Australia","indices":[126,136]},{"text":"AP","indices":[137,140]}],"urls":[{"url":"https://t.co/nVYDvPA5IJ","expanded_url":"http://youtu.be/205yIH5IMxg","display_url":"youtu.be/205yIH5IMxg","indices":[16,39]}],"user_mentions":[],"symbols":[]},"favorited":false,"retweeted":false,"possibly_sensitive":false,"filter_level":"low","lang":"en","timestamp_ms":"1537269315490"}