{"created_at":"Tue Sep 18 10:25:11 +0000 2018","id":1041996551491649500,"id_str":"1041996551491649536","text":"RT @MayaKadosh: Wonderful celebration of #Singapore tonight. We will always cherish the good memories and the family we have build as young…","source":"<a href=\"http://twitter.com/download/android\" rel=\"nofollow\">Twitter for Android</a>","truncated":false,"in_reply_to_status_id":null,"in_reply_to_status_id_str":null,"in_reply_to_user_id":null,"in_reply_to_user_id_str":null,"in_reply_to_screen_name":null,"user":{"id":3342377907,"id_str":"3342377907","name":"Hervé","screen_name":"NOLETH1","location":null,"url":null,"description":null,"translator_type":"none","protected":false,"verified":false,"followers_count":134,"friends_count":73,"listed_count":6,"favourites_count":8833,"statuses_count":7503,"created_at":"Tue Jun 23 07:23:15 +0000 2015","utc_offset":null,"time_zone":null,"geo_enabled":false,"lang":"fr","contributors_enabled":false,"is_translator":false,"profile_background_color":"C0DEED","profile_background_image_url":"http://abs.twimg.com/images/themes/theme1/bg.png","profile_background_image_url_https":"https://abs.twimg.com/images/themes/theme1/bg.png","profile_background_tile":false,"profile_link_color":"1DA1F2","profile_sidebar_border_color":"C0DEED","profile_sidebar_fill_color":"DDEEF6","profile_text_color":"333333","profile_use_background_image":true,"profile_image_url":"http://pbs.twimg.com/profile_images/833681468316581889/kTJDBJCK_normal.jpg","profile_image_url_https":"https://pbs.twimg.com/profile_images/833681468316581889/kTJDBJCK_normal.jpg","profile_banner_url":"https://pbs.twimg.com/profile_banners/3342377907/1472224158","default_profile":true,"default_profile_image":false,"following":null,"follow_request_sent":null,"notifications":null},"geo":null,"coordinates":null,"place":null,"contributors":null,"retweeted_status":{"created_at":"Mon Sep 17 16:56:22 +0000 2018","id":1041732607946510300,"id_str":"1041732607946510337","text":"Wonderful celebration of #Singapore tonight. We will always cherish the good memories and the family we have build… https://t.co/o6mf6Vr1Qq","display_text_range":[0,140],"source":"<a href=\"http://twitter.com/download/iphone\" rel=\"nofollow\">Twitter for iPhone</a>","truncated":true,"in_reply_to_status_id":null,"in_reply_to_status_id_str":null,"in_reply_to_user_id":null,"in_reply_to_user_id_str":null,"in_reply_to_screen_name":null,"user":{"id":54820880,"id_str":"54820880","name":"Maya Kadosh","screen_name":"MayaKadosh","location":"New Delhi, India","url":"http://embassies.gov.il/delhi/Pages/default.aspx","description":"Israeli Diplomat🇮🇱Charge d’Affairs at Israeli Embassy in India🇮🇳follow to learn about #everythingisraelindelhi","translator_type":"none","protected":false,"verified":true,"followers_count":3780,"friends_count":1945,"listed_count":45,"favourites_count":4454,"statuses_count":3839,"created_at":"Wed Jul 08 06:34:22 +0000 2009","utc_offset":null,"time_zone":null,"geo_enabled":true,"lang":"en","contributors_enabled":false,"is_translator":false,"profile_background_color":"C0DEED","profile_background_image_url":"http://abs.twimg.com/images/themes/theme1/bg.png","profile_background_image_url_https":"https://abs.twimg.com/images/themes/theme1/bg.png","profile_background_tile":false,"profile_link_color":"1DA1F2","profile_sidebar_border_color":"C0DEED","profile_sidebar_fill_color":"DDEEF6","profile_text_color":"333333","profile_use_background_image":true,"profile_image_url":"http://pbs.twimg.com/profile_images/827771860502863872/IKJLAuyW_normal.jpg","profile_image_url_https":"https://pbs.twimg.com/profile_images/827771860502863872/IKJLAuyW_normal.jpg","profile_banner_url":"https://pbs.twimg.com/profile_banners/54820880/1516176354","default_profile":true,"default_profile_image":false,"following":null,"follow_request_sent":null,"notifications":null},"geo":null,"coordinates":null,"place":null,"contributors":null,"is_quote_status":false,"extended_tweet":{"full_text":"Wonderful celebration of #Singapore tonight. We will always cherish the good memories and the family we have build as young couple in our first posting @IsraelinSG - To many more years of friendship between our countries 🇮🇱 🇸🇬 🥂 https://t.co/ggEPHqahyb","display_text_range":[0,228],"entities":{"hashtags":[{"text":"Singapore","indices":[25,35]}],"urls":[],"user_mentions":[{"screen_name":"IsraelinSG","name":"Israel in Singapore","id":226900718,"id_str":"226900718","indices":[152,163]}],"symbols":[],"media":[{"id":1041732581560148000,"id_str":"1041732581560147968","indices":[229,252],"media_url":"http://pbs.twimg.com/media/DnT6Q3rX4AAxXBf.jpg","media_url_https":"https://pbs.twimg.com/media/DnT6Q3rX4AAxXBf.jpg","url":"https://t.co/ggEPHqahyb","display_url":"pic.twitter.com/ggEPHqahyb","expanded_url":"https://twitter.com/MayaKadosh/status/1041732607946510337/photo/1","type":"photo","sizes":{"thumb":{"w":150,"h":150,"resize":"crop"},"medium":{"w":900,"h":1200,"resize":"fit"},"large":{"w":1536,"h":2048,"resize":"fit"},"small":{"w":510,"h":680,"resize":"fit"}}}]},"extended_entities":{"media":[{"id":1041732581560148000,"id_str":"1041732581560147968","indices":[229,252],"media_url":"http://pbs.twimg.com/media/DnT6Q3rX4AAxXBf.jpg","media_url_https":"https://pbs.twimg.com/media/DnT6Q3rX4AAxXBf.jpg","url":"https://t.co/ggEPHqahyb","display_url":"pic.twitter.com/ggEPHqahyb","expanded_url":"https://twitter.com/MayaKadosh/status/1041732607946510337/photo/1","type":"photo","sizes":{"thumb":{"w":150,"h":150,"resize":"crop"},"medium":{"w":900,"h":1200,"resize":"fit"},"large":{"w":1536,"h":2048,"resize":"fit"},"small":{"w":510,"h":680,"resize":"fit"}}}]}},"quote_count":2,"reply_count":4,"retweet_count":14,"favorite_count":93,"entities":{"hashtags":[{"text":"Singapore","indices":[25,35]}],"urls":[{"url":"https://t.co/o6mf6Vr1Qq","expanded_url":"https://twitter.com/i/web/status/1041732607946510337","display_url":"twitter.com/i/web/status/1…","indices":[116,139]}],"user_mentions":[],"symbols":[]},"favorited":false,"retweeted":false,"possibly_sensitive":false,"filter_level":"low","lang":"en"},"is_quote_status":false,"quote_count":0,"reply_count":0,"retweet_count":0,"favorite_count":0,"entities":{"hashtags":[{"text":"Singapore","indices":[41,51]}],"urls":[],"user_mentions":[{"screen_name":"MayaKadosh","name":"Maya Kadosh","id":54820880,"id_str":"54820880","indices":[3,14]}],"symbols":[]},"favorited":false,"retweeted":false,"filter_level":"low","lang":"en","timestamp_ms":"1537266311892"}