{"created_at":"Tue Sep 18 11:15:18 +0000 2018","id":1042009163641966600,"id_str":"1042009163641966592","text":"RT @shaunabulous: As a Sabahan staying in Peninsular Malaysia, I can assure you that Sabahans do get asked the most ignorant questions and…","source":"<a href=\"http://twitter.com/download/iphone\" rel=\"nofollow\">Twitter for iPhone</a>","truncated":false,"in_reply_to_status_id":null,"in_reply_to_status_id_str":null,"in_reply_to_user_id":null,"in_reply_to_user_id_str":null,"in_reply_to_screen_name":null,"user":{"id":457352918,"id_str":"457352918","name":"Müaz","screen_name":"MuazWazir1","location":null,"url":null,"description":"UiTMJ","translator_type":"none","protected":false,"verified":false,"followers_count":307,"friends_count":372,"listed_count":5,"favourites_count":21051,"statuses_count":38698,"created_at":"Sat Jan 07 09:28:45 +0000 2012","utc_offset":null,"time_zone":null,"geo_enabled":true,"lang":"en","contributors_enabled":false,"is_translator":false,"profile_background_color":"000000","profile_background_image_url":"http://abs.twimg.com/images/themes/theme8/bg.gif","profile_background_image_url_https":"https://abs.twimg.com/images/themes/theme8/bg.gif","profile_background_tile":false,"profile_link_color":"91D2FA","profile_sidebar_border_color":"000000","profile_sidebar_fill_color":"000000","profile_text_color":"000000","profile_use_background_image":false,"profile_image_url":"http://pbs.twimg.com/profile_images/1001875840303489025/o2iB-euB_normal.jpg","profile_image_url_https":"https://pbs.twimg.com/profile_images/1001875840303489025/o2iB-euB_normal.jpg","profile_banner_url":"https://pbs.twimg.com/profile_banners/457352918/1399121082","default_profile":false,"default_profile_image":false,"following":null,"follow_request_sent":null,"notifications":null},"geo":null,"coordinates":null,"place":null,"contributors":null,"retweeted_status":{"created_at":"Sun Sep 16 03:41:36 +0000 2018","id":1041170210378534900,"id_str":"1041170210378534912","text":"As a Sabahan staying in Peninsular Malaysia, I can assure you that Sabahans do get asked the most ignorant question… https://t.co/oPiAwCBRvn","display_text_range":[0,140],"source":"<a href=\"http://twitter.com/download/android\" rel=\"nofollow\">Twitter for Android</a>","truncated":true,"in_reply_to_status_id":null,"in_reply_to_status_id_str":null,"in_reply_to_user_id":null,"in_reply_to_user_id_str":null,"in_reply_to_screen_name":null,"user":{"id":1039049917501591600,"id_str":"1039049917501591552","name":"shaun","screen_name":"shaunabulous","location":null,"url":"http://instagram.com/shauntheawesomesheep","description":"hi ( ͡° ͜ʖ ͡°) / \n\nfollow lah aduh tengah on the way to ada M kat belakang followers ni","translator_type":"none","protected":false,"verified":false,"followers_count":64,"friends_count":45,"listed_count":0,"favourites_count":19,"statuses_count":41,"created_at":"Mon Sep 10 07:16:19 +0000 2018","utc_offset":null,"time_zone":null,"geo_enabled":false,"lang":"en","contributors_enabled":false,"is_translator":false,"profile_background_color":"F5F8FA","profile_background_image_url":"","profile_background_image_url_https":"","profile_background_tile":false,"profile_link_color":"1DA1F2","profile_sidebar_border_color":"C0DEED","profile_sidebar_fill_color":"DDEEF6","profile_text_color":"333333","profile_use_background_image":true,"profile_image_url":"http://pbs.twimg.com/profile_images/1039860802851762178/K4j3S1Wl_normal.jpg","profile_image_url_https":"https://pbs.twimg.com/profile_images/1039860802851762178/K4j3S1Wl_normal.jpg","profile_banner_url":"https://pbs.twimg.com/profile_banners/1039049917501591552/1536594804","default_profile":true,"default_profile_image":false,"following":null,"follow_request_sent":null,"notifications":null},"geo":null,"coordinates":null,"place":null,"contributors":null,"is_quote_status":false,"extended_tweet":{"full_text":"As a Sabahan staying in Peninsular Malaysia, I can assure you that Sabahans do get asked the most ignorant questions and some even come off offensive.\n\nDiharapkan agar anda dapat mengambil pengajaran daripada video ini.\n\nHappy Malaysia Day to everyone!✨\n\n#MalaysiaDay https://t.co/FLOPnQjooS","display_text_range":[0,267],"entities":{"hashtags":[{"text":"MalaysiaDay","indices":[255,267]}],"urls":[],"user_mentions":[],"symbols":[],"media":[{"id":1041169907562426400,"id_str":"1041169907562426368","indices":[268,291],"additional_media_info":{"monetizable":false},"media_url":"http://pbs.twimg.com/ext_tw_video_thumb/1041169907562426368/pu/img/BdJ92clvJLnH2LOa.jpg","media_url_https":"https://pbs.twimg.com/ext_tw_video_thumb/1041169907562426368/pu/img/BdJ92clvJLnH2LOa.jpg","url":"https://t.co/FLOPnQjooS","display_url":"pic.twitter.com/FLOPnQjooS","expanded_url":"https://twitter.com/shaunabulous/status/1041170210378534912/video/1","type":"video","video_info":{"aspect_ratio":[16,9],"duration_millis":140000,"variants":[{"bitrate":2176000,"content_type":"video/mp4","url":"https://video.twimg.com/ext_tw_video/1041169907562426368/pu/vid/1280x720/Ziju-UMmCsBmK3Aa.mp4?tag=5"},{"bitrate":256000,"content_type":"video/mp4","url":"https://video.twimg.com/ext_tw_video/1041169907562426368/pu/vid/320x180/X63G6UP_R1UP3r3b.mp4?tag=5"},{"bitrate":832000,"content_type":"video/mp4","url":"https://video.twimg.com/ext_tw_video/1041169907562426368/pu/vid/640x360/jkMgGYFoU4IwJFNw.mp4?tag=5"},{"content_type":"application/x-mpegURL","url":"https://video.twimg.com/ext_tw_video/1041169907562426368/pu/pl/ij_plFOA8-6lupx-.m3u8?tag=5"}]},"sizes":{"thumb":{"w":150,"h":150,"resize":"crop"},"medium":{"w":1200,"h":675,"resize":"fit"},"small":{"w":680,"h":383,"resize":"fit"},"large":{"w":1280,"h":720,"resize":"fit"}}}]},"extended_entities":{"media":[{"id":1041169907562426400,"id_str":"1041169907562426368","indices":[268,291],"additional_media_info":{"monetizable":false},"media_url":"http://pbs.twimg.com/ext_tw_video_thumb/1041169907562426368/pu/img/BdJ92clvJLnH2LOa.jpg","media_url_https":"https://pbs.twimg.com/ext_tw_video_thumb/1041169907562426368/pu/img/BdJ92clvJLnH2LOa.jpg","url":"https://t.co/FLOPnQjooS","display_url":"pic.twitter.com/FLOPnQjooS","expanded_url":"https://twitter.com/shaunabulous/status/1041170210378534912/video/1","type":"video","video_info":{"aspect_ratio":[16,9],"duration_millis":140000,"variants":[{"bitrate":2176000,"content_type":"video/mp4","url":"https://video.twimg.com/ext_tw_video/1041169907562426368/pu/vid/1280x720/Ziju-UMmCsBmK3Aa.mp4?tag=5"},{"bitrate":256000,"content_type":"video/mp4","url":"https://video.twimg.com/ext_tw_video/1041169907562426368/pu/vid/320x180/X63G6UP_R1UP3r3b.mp4?tag=5"},{"bitrate":832000,"content_type":"video/mp4","url":"https://video.twimg.com/ext_tw_video/1041169907562426368/pu/vid/640x360/jkMgGYFoU4IwJFNw.mp4?tag=5"},{"content_type":"application/x-mpegURL","url":"https://video.twimg.com/ext_tw_video/1041169907562426368/pu/pl/ij_plFOA8-6lupx-.m3u8?tag=5"}]},"sizes":{"thumb":{"w":150,"h":150,"resize":"crop"},"medium":{"w":1200,"h":675,"resize":"fit"},"small":{"w":680,"h":383,"resize":"fit"},"large":{"w":1280,"h":720,"resize":"fit"}}}]}},"quote_count":390,"reply_count":39,"retweet_count":3883,"favorite_count":2717,"entities":{"hashtags":[],"urls":[{"url":"https://t.co/oPiAwCBRvn","expanded_url":"https://twitter.com/i/web/status/1041170210378534912","display_url":"twitter.com/i/web/status/1…","indices":[117,140]}],"user_mentions":[],"symbols":[]},"favorited":false,"retweeted":false,"possibly_sensitive":false,"filter_level":"low","lang":"en"},"is_quote_status":false,"quote_count":0,"reply_count":0,"retweet_count":0,"favorite_count":0,"entities":{"hashtags":[],"urls":[],"user_mentions":[{"screen_name":"shaunabulous","name":"shaun","id":1039049917501591600,"id_str":"1039049917501591552","indices":[3,16]}],"symbols":[]},"favorited":false,"retweeted":false,"filter_level":"low","lang":"en","timestamp_ms":"1537269318863"}