{"created_at":"Tue Sep 18 10:32:22 +0000 2018","id":1041998358708211700,"id_str":"1041998358708211713","text":"Artificial Intelligence threatens to devastate jobs in developing world https://t.co/3QpIRwGFWi #singapore #jobs","source":"<a href=\"https://ifttt.com\" rel=\"nofollow\">IFTTT</a>","truncated":false,"in_reply_to_status_id":null,"in_reply_to_status_id_str":null,"in_reply_to_user_id":null,"in_reply_to_user_id_str":null,"in_reply_to_screen_name":null,"user":{"id":809083181601275900,"id_str":"809083181601275907","name":"Singapore Jobs","screen_name":"SingaporeJobs88","location":"Singapore","url":"https://singapore-jobs.mintymango.com/?utm_source=twitter","description":"Find your dream job in Singapore. Hundreds of thousands of jobs available right now at  https://singapore-jobs.mintymango.com/?utm_source=twitter","translator_type":"none","protected":false,"verified":false,"followers_count":725,"friends_count":18,"listed_count":6,"favourites_count":5,"statuses_count":6436,"created_at":"Wed Dec 14 17:10:37 +0000 2016","utc_offset":null,"time_zone":null,"geo_enabled":false,"lang":"en","contributors_enabled":false,"is_translator":false,"profile_background_color":"000000","profile_background_image_url":"http://abs.twimg.com/images/themes/theme1/bg.png","profile_background_image_url_https":"https://abs.twimg.com/images/themes/theme1/bg.png","profile_background_tile":false,"profile_link_color":"FF691F","profile_sidebar_border_color":"000000","profile_sidebar_fill_color":"000000","profile_text_color":"000000","profile_use_background_image":false,"profile_image_url":"http://pbs.twimg.com/profile_images/809131421302489088/zISkfaUS_normal.jpg","profile_image_url_https":"https://pbs.twimg.com/profile_images/809131421302489088/zISkfaUS_normal.jpg","profile_banner_url":"https://pbs.twimg.com/profile_banners/809083181601275907/1481746563","default_profile":false,"default_profile_image":false,"following":null,"follow_request_sent":null,"notifications":null},"geo":null,"coordinates":null,"place":null,"contributors":null,"is_quote_status":false,"quote_count":0,"reply_count":0,"retweet_count":0,"favorite_count":0,"entities":{"hashtags":[{"text":"singapore","indices":[96,106]},{"text":"jobs","indices":[107,112]}],"urls":[{"url":"https://t.co/3QpIRwGFWi","expanded_url":"http://bit.ly/2NTIj64","display_url":"bit.ly/2NTIj64","indices":[72,95]}],"user_mentions":[],"symbols":[]},"favorited":false,"retweeted":false,"possibly_sensitive":false,"filter_level":"low","lang":"en","timestamp_ms":"1537266742766"}