{"created_at":"Tue Sep 18 11:22:31 +0000 2018","id":1042010977011724300,"id_str":"1042010977011724290","text":"RT @plus91: Share your reviews on the 12th World Congress on Advances and Innovations in #Dementia held at Holiday Inn Atrium #Singapore fr…","source":"<a href=\"http://twitter.com/download/android\" rel=\"nofollow\">Twitter for Android</a>","truncated":false,"in_reply_to_status_id":null,"in_reply_to_status_id_str":null,"in_reply_to_user_id":null,"in_reply_to_user_id_str":null,"in_reply_to_screen_name":null,"user":{"id":2399274554,"id_str":"2399274554","name":"Prachi Gaikwad","screen_name":"prachigaikwad5","location":"Pune, India","url":"https://about.me/prachi.gaikwad","description":"Digital Marketing Enthusiast. Learner. Achiever. Passionate about #SocialMedia and #DigitalMarketing. #Kpop lover.","translator_type":"none","protected":false,"verified":false,"followers_count":99,"friends_count":52,"listed_count":1,"favourites_count":1458,"statuses_count":1436,"created_at":"Thu Mar 20 08:30:57 +0000 2014","utc_offset":null,"time_zone":null,"geo_enabled":false,"lang":"en","contributors_enabled":false,"is_translator":false,"profile_background_color":"000000","profile_background_image_url":"http://abs.twimg.com/images/themes/theme1/bg.png","profile_background_image_url_https":"https://abs.twimg.com/images/themes/theme1/bg.png","profile_background_tile":false,"profile_link_color":"19CF86","profile_sidebar_border_color":"000000","profile_sidebar_fill_color":"000000","profile_text_color":"000000","profile_use_background_image":false,"profile_image_url":"http://pbs.twimg.com/profile_images/1030395296767991808/O9RTkhnn_normal.jpg","profile_image_url_https":"https://pbs.twimg.com/profile_images/1030395296767991808/O9RTkhnn_normal.jpg","profile_banner_url":"https://pbs.twimg.com/profile_banners/2399274554/1534500356","default_profile":false,"default_profile_image":false,"following":null,"follow_request_sent":null,"notifications":null},"geo":null,"coordinates":null,"place":null,"contributors":null,"retweeted_status":{"created_at":"Tue Sep 18 10:30:33 +0000 2018","id":1041997900270764000,"id_str":"1041997900270764032","text":"Share your reviews on the 12th World Congress on Advances and Innovations in #Dementia held at Holiday Inn Atrium… https://t.co/wtWiX2BILx","source":"<a href=\"https://www.hootsuite.com\" rel=\"nofollow\">Hootsuite Inc.</a>","truncated":true,"in_reply_to_status_id":null,"in_reply_to_status_id_str":null,"in_reply_to_user_id":null,"in_reply_to_user_id_str":null,"in_reply_to_screen_name":null,"user":{"id":14809630,"id_str":"14809630","name":"Plus91","screen_name":"plus91","location":"Pune, India","url":"http://www.plus91.in","description":"Plus91 provides Smart Digital Solutions to Help Clinics, Hospitals, Health Collectives and Empower Patients. http://www.plus91.in http://plus91online.com","translator_type":"none","protected":false,"verified":false,"followers_count":1625,"friends_count":1330,"listed_count":120,"favourites_count":687,"statuses_count":24161,"created_at":"Sat May 17 10:21:53 +0000 2008","utc_offset":null,"time_zone":null,"geo_enabled":false,"lang":"en","contributors_enabled":false,"is_translator":false,"profile_background_color":"022330","profile_background_image_url":"http://abs.twimg.com/images/themes/theme15/bg.png","profile_background_image_url_https":"https://abs.twimg.com/images/themes/theme15/bg.png","profile_background_tile":true,"profile_link_color":"0084B4","profile_sidebar_border_color":"A8C7F7","profile_sidebar_fill_color":"C0DFEC","profile_text_color":"333333","profile_use_background_image":true,"profile_image_url":"http://pbs.twimg.com/profile_images/477731846688477184/rwlWTmbZ_normal.png","profile_image_url_https":"https://pbs.twimg.com/profile_images/477731846688477184/rwlWTmbZ_normal.png","profile_banner_url":"https://pbs.twimg.com/profile_banners/14809630/1411657310","default_profile":false,"default_profile_image":false,"following":null,"follow_request_sent":null,"notifications":null},"geo":null,"coordinates":null,"place":null,"contributors":null,"is_quote_status":false,"extended_tweet":{"full_text":"Share your reviews on the 12th World Congress on Advances and Innovations in #Dementia held at Holiday Inn Atrium #Singapore from 17th to 18th Sept 2018. @HIAtrium @conferenceserie @medeventsguide @Dementia_2018 https://t.co/R2xE7UkvEP","display_text_range":[0,235],"entities":{"hashtags":[{"text":"Dementia","indices":[77,86]},{"text":"Singapore","indices":[114,124]}],"urls":[{"url":"https://t.co/R2xE7UkvEP","expanded_url":"https://medicaleventsguide.com/12th-world-congress-advances-innovations-dementia/","display_url":"medicaleventsguide.com/12th-world-con…","indices":[212,235]}],"user_mentions":[{"screen_name":"HIAtrium","name":"Holiday Inn Atrium","id":557701499,"id_str":"557701499","indices":[154,163]},{"screen_name":"conferenceserie","name":"ConferenceSeries","id":1603157468,"id_str":"1603157468","indices":[164,180]},{"screen_name":"medeventsguide","name":"Medical Events Guide","id":898132123764129800,"id_str":"898132123764129792","indices":[181,196]},{"screen_name":"Dementia_2018","name":"Dementiacongress2018","id":905394368705478700,"id_str":"905394368705478657","indices":[197,211]}],"symbols":[]}},"quote_count":0,"reply_count":0,"retweet_count":1,"favorite_count":0,"entities":{"hashtags":[{"text":"Dementia","indices":[77,86]}],"urls":[{"url":"https://t.co/wtWiX2BILx","expanded_url":"https://twitter.com/i/web/status/1041997900270764032","display_url":"twitter.com/i/web/status/1…","indices":[115,138]}],"user_mentions":[],"symbols":[]},"favorited":false,"retweeted":false,"possibly_sensitive":false,"filter_level":"low","lang":"en"},"is_quote_status":false,"quote_count":0,"reply_count":0,"retweet_count":0,"favorite_count":0,"entities":{"hashtags":[{"text":"Dementia","indices":[89,98]},{"text":"Singapore","indices":[126,136]}],"urls":[],"user_mentions":[{"screen_name":"plus91","name":"Plus91","id":14809630,"id_str":"14809630","indices":[3,10]}],"symbols":[]},"favorited":false,"retweeted":false,"filter_level":"low","lang":"en","timestamp_ms":"1537269751204"}