{"created_at":"Tue Sep 18 10:18:07 +0000 2018","id":1041994771248570400,"id_str":"1041994771248570368","text":"Singapore / シンガポール\n\nシンガポールの地下鉄は分かりやすくて乗りやすいし綺麗\n街並みやら諸々、映像化しておきました\n\nhttps://t.co/oOnMLesEWz\n\n#シンガポール\n#Singapore\n#マレーシアの隣","source":"<a href=\"http://twitter.com/download/iphone\" rel=\"nofollow\">Twitter for iPhone</a>","truncated":false,"in_reply_to_status_id":null,"in_reply_to_status_id_str":null,"in_reply_to_user_id":null,"in_reply_to_user_id_str":null,"in_reply_to_screen_name":null,"user":{"id":4723752500,"id_str":"4723752500","name":"H.Number","screen_name":"hasumi_number","location":"Tokyo","url":"https://m.youtube.com/channel/UCDQQxPtDzlE5S6lhKuqPnSA","description":"YouTube相互登録お求めの方はDMください。こちらはシンプルな旅動画をメインにYouTubeやってます。普段は音楽、写真、WEB製作、旅、スポーツなどをしながら生きてます。よろしくお願いします。","translator_type":"none","protected":false,"verified":false,"followers_count":11131,"friends_count":9921,"listed_count":25,"favourites_count":2942,"statuses_count":228,"created_at":"Thu Jan 07 14:07:08 +0000 2016","utc_offset":null,"time_zone":null,"geo_enabled":true,"lang":"ja","contributors_enabled":false,"is_translator":false,"profile_background_color":"F5F8FA","profile_background_image_url":"","profile_background_image_url_https":"","profile_background_tile":false,"profile_link_color":"1DA1F2","profile_sidebar_border_color":"C0DEED","profile_sidebar_fill_color":"DDEEF6","profile_text_color":"333333","profile_use_background_image":true,"profile_image_url":"http://pbs.twimg.com/profile_images/1004640759100817410/38CbdBwU_normal.jpg","profile_image_url_https":"https://pbs.twimg.com/profile_images/1004640759100817410/38CbdBwU_normal.jpg","profile_banner_url":"https://pbs.twimg.com/profile_banners/4723752500/1452178186","default_profile":true,"default_profile_image":false,"following":null,"follow_request_sent":null,"notifications":null},"geo":null,"coordinates":null,"place":null,"contributors":null,"is_quote_status":false,"quote_count":0,"reply_count":0,"retweet_count":0,"favorite_count":0,"entities":{"hashtags":[{"text":"シンガポール","indices":[92,99]},{"text":"Singapore","indices":[100,110]},{"text":"マレーシアの隣","indices":[111,119]}],"urls":[{"url":"https://t.co/oOnMLesEWz","expanded_url":"https://m.youtube.com/playlist?list=PLZYBmNs9qyq9eBhrfYtlaQXbjPHkE3qK-","display_url":"m.youtube.com/playlist?list=…","indices":[67,90]}],"user_mentions":[],"symbols":[]},"favorited":false,"retweeted":false,"possibly_sensitive":true,"filter_level":"low","lang":"ja","timestamp_ms":"1537265887449"}