{"created_at":"Tue Sep 18 11:22:42 +0000 2018","id":1042011022347907100,"id_str":"1042011022347907073","text":"RT @Panoramix_Radio: https://t.co/Ku1kcercSH\n\nhttps://t.co/RxtRfOcUrU     \n\n#Australia\n#Israel\n#CzechRepublic\n#Switzerland\n#Belarus\n#Turkey…","source":"<a href=\"http://twitter.com\" rel=\"nofollow\">Twitter Web Client</a>","truncated":false,"in_reply_to_status_id":null,"in_reply_to_status_id_str":null,"in_reply_to_user_id":null,"in_reply_to_user_id_str":null,"in_reply_to_screen_name":null,"user":{"id":94924938,"id_str":"94924938","name":"Yannick Yan","screen_name":"djyannickyan","location":"France","url":"http://www.panoramix-agency.fr","description":"Yannick Yan French Dj Producer","translator_type":"none","protected":false,"verified":false,"followers_count":5004,"friends_count":5018,"listed_count":512,"favourites_count":345,"statuses_count":20673,"created_at":"Sun Dec 06 03:27:21 +0000 2009","utc_offset":null,"time_zone":null,"geo_enabled":true,"lang":"fr","contributors_enabled":false,"is_translator":false,"profile_background_color":"1A1B1F","profile_background_image_url":"http://abs.twimg.com/images/themes/theme14/bg.gif","profile_background_image_url_https":"https://abs.twimg.com/images/themes/theme14/bg.gif","profile_background_tile":true,"profile_link_color":"981CEB","profile_sidebar_border_color":"000000","profile_sidebar_fill_color":"252429","profile_text_color":"666666","profile_use_background_image":true,"profile_image_url":"http://pbs.twimg.com/profile_images/1016178864274493442/mrYBE4_y_normal.jpg","profile_image_url_https":"https://pbs.twimg.com/profile_images/1016178864274493442/mrYBE4_y_normal.jpg","profile_banner_url":"https://pbs.twimg.com/profile_banners/94924938/1501536133","default_profile":false,"default_profile_image":false,"following":null,"follow_request_sent":null,"notifications":null},"geo":null,"coordinates":null,"place":null,"contributors":null,"retweeted_status":{"created_at":"Thu Mar 01 12:58:11 +0000 2018","id":969195092832653300,"id_str":"969195092832653319","text":"https://t.co/Ku1kcercSH\n\nhttps://t.co/RxtRfOcUrU     \n\n#Australia\n#Israel\n#CzechRepublic\n#Switzerland\n#Belarus… https://t.co/i2RGvCTTqD","display_text_range":[0,140],"source":"<a href=\"http://twitter.com\" rel=\"nofollow\">Twitter Web Client</a>","truncated":true,"in_reply_to_status_id":null,"in_reply_to_status_id_str":null,"in_reply_to_user_id":null,"in_reply_to_user_id_str":null,"in_reply_to_screen_name":null,"user":{"id":2151278150,"id_str":"2151278150","name":"PanoramixRadio","screen_name":"Panoramix_Radio","location":null,"url":"http://panoramix-radio-station.com","description":"appli https://play.google.com/store/apps/details?id=com.nobexinc.wls_3042441149.rc","translator_type":"none","protected":false,"verified":false,"followers_count":7103,"friends_count":7153,"listed_count":529,"favourites_count":3703,"statuses_count":140130,"created_at":"Wed Oct 23 16:20:11 +0000 2013","utc_offset":null,"time_zone":null,"geo_enabled":false,"lang":"fr","contributors_enabled":false,"is_translator":false,"profile_background_color":"131516","profile_background_image_url":"http://abs.twimg.com/images/themes/theme14/bg.gif","profile_background_image_url_https":"https://abs.twimg.com/images/themes/theme14/bg.gif","profile_background_tile":true,"profile_link_color":"FF691F","profile_sidebar_border_color":"EEEEEE","profile_sidebar_fill_color":"EFEFEF","profile_text_color":"333333","profile_use_background_image":true,"profile_image_url":"http://pbs.twimg.com/profile_images/975719459334868994/hCQphNHs_normal.jpg","profile_image_url_https":"https://pbs.twimg.com/profile_images/975719459334868994/hCQphNHs_normal.jpg","profile_banner_url":"https://pbs.twimg.com/profile_banners/2151278150/1536824459","default_profile":false,"default_profile_image":false,"following":null,"follow_request_sent":null,"notifications":null},"geo":null,"coordinates":null,"place":null,"contributors":null,"is_quote_status":false,"extended_tweet":{"full_text":"https://t.co/Ku1kcercSH\n\nhttps://t.co/RxtRfOcUrU     \n\n#Australia\n#Israel\n#CzechRepublic\n#Switzerland\n#Belarus\n#Turkey\n#Singapore\n#Ireland\n#Ukraine\n#Mexico\n#Romania\n#India\n#Tunisia\n#Pakistan\n#Indonesia\n#Argentina\n#Kazakhstan\n#Philippines\n#SouthAfrica\n#NewCaledonia\n#Cambodia https://t.co/N8Af3So6OK","display_text_range":[0,274],"entities":{"hashtags":[{"text":"Australia","indices":[55,65]},{"text":"Israel","indices":[66,73]},{"text":"CzechRepublic","indices":[74,88]},{"text":"Switzerland","indices":[89,101]},{"text":"Belarus","indices":[102,110]},{"text":"Turkey","indices":[111,118]},{"text":"Singapore","indices":[119,129]},{"text":"Ireland","indices":[130,138]},{"text":"Ukraine","indices":[139,147]},{"text":"Mexico","indices":[148,155]},{"text":"Romania","indices":[156,164]},{"text":"India","indices":[165,171]},{"text":"Tunisia","indices":[172,180]},{"text":"Pakistan","indices":[181,190]},{"text":"Indonesia","indices":[191,201]},{"text":"Argentina","indices":[202,212]},{"text":"Kazakhstan","indices":[213,224]},{"text":"Philippines","indices":[225,237]},{"text":"SouthAfrica","indices":[238,250]},{"text":"NewCaledonia","indices":[251,264]},{"text":"Cambodia","indices":[265,274]}],"urls":[{"url":"https://t.co/Ku1kcercSH","expanded_url":"http://radio7.pro-fhi.net/flux-panoramix/stream","display_url":"radio7.pro-fhi.net/flux-panoramix…","indices":[0,23]},{"url":"https://t.co/RxtRfOcUrU","expanded_url":"http://www.panoramix-agency.fr","display_url":"panoramix-agency.fr","indices":[25,48]}],"user_mentions":[],"symbols":[],"media":[{"id":969195073564004400,"id_str":"969195073564004352","indices":[275,298],"media_url":"http://pbs.twimg.com/media/DXNFyM3XUAAoyLU.jpg","media_url_https":"https://pbs.twimg.com/media/DXNFyM3XUAAoyLU.jpg","url":"https://t.co/N8Af3So6OK","display_url":"pic.twitter.com/N8Af3So6OK","expanded_url":"https://twitter.com/Panoramix_Radio/status/969195092832653319/photo/1","type":"photo","sizes":{"thumb":{"w":150,"h":150,"resize":"crop"},"small":{"w":462,"h":680,"resize":"fit"},"large":{"w":1275,"h":1875,"resize":"fit"},"medium":{"w":816,"h":1200,"resize":"fit"}}}]},"extended_entities":{"media":[{"id":969195073564004400,"id_str":"969195073564004352","indices":[275,298],"media_url":"http://pbs.twimg.com/media/DXNFyM3XUAAoyLU.jpg","media_url_https":"https://pbs.twimg.com/media/DXNFyM3XUAAoyLU.jpg","url":"https://t.co/N8Af3So6OK","display_url":"pic.twitter.com/N8Af3So6OK","expanded_url":"https://twitter.com/Panoramix_Radio/status/969195092832653319/photo/1","type":"photo","sizes":{"thumb":{"w":150,"h":150,"resize":"crop"},"small":{"w":462,"h":680,"resize":"fit"},"large":{"w":1275,"h":1875,"resize":"fit"},"medium":{"w":816,"h":1200,"resize":"fit"}}}]}},"quote_count":0,"reply_count":0,"retweet_count":4,"favorite_count":2,"entities":{"hashtags":[{"text":"Australia","indices":[55,65]},{"text":"Israel","indices":[66,73]},{"text":"CzechRepublic","indices":[74,88]},{"text":"Switzerland","indices":[89,101]},{"text":"Belarus","indices":[102,110]}],"urls":[{"url":"https://t.co/Ku1kcercSH","expanded_url":"http://radio7.pro-fhi.net/flux-panoramix/stream","display_url":"radio7.pro-fhi.net/flux-panoramix…","indices":[0,23]},{"url":"https://t.co/RxtRfOcUrU","expanded_url":"http://www.panoramix-agency.fr","display_url":"panoramix-agency.fr","indices":[25,48]},{"url":"https://t.co/i2RGvCTTqD","expanded_url":"https://twitter.com/i/web/status/969195092832653319","display_url":"twitter.com/i/web/status/9…","indices":[112,135]}],"user_mentions":[],"symbols":[]},"favorited":false,"retweeted":false,"possibly_sensitive":false,"filter_level":"low","lang":"und"},"is_quote_status":false,"quote_count":0,"reply_count":0,"retweet_count":0,"favorite_count":0,"entities":{"hashtags":[{"text":"Australia","indices":[76,86]},{"text":"Israel","indices":[87,94]},{"text":"CzechRepublic","indices":[95,109]},{"text":"Switzerland","indices":[110,122]},{"text":"Belarus","indices":[123,131]},{"text":"Turkey","indices":[132,139]}],"urls":[{"url":"https://t.co/Ku1kcercSH","expanded_url":"http://radio7.pro-fhi.net/flux-panoramix/stream","display_url":"radio7.pro-fhi.net/flux-panoramix…","indices":[21,44]},{"url":"https://t.co/RxtRfOcUrU","expanded_url":"http://www.panoramix-agency.fr","display_url":"panoramix-agency.fr","indices":[46,69]}],"user_mentions":[{"screen_name":"Panoramix_Radio","name":"PanoramixRadio","id":2151278150,"id_str":"2151278150","indices":[3,19]}],"symbols":[]},"favorited":false,"retweeted":false,"possibly_sensitive":false,"filter_level":"low","lang":"und","timestamp_ms":"1537269762013"}