{"created_at":"Tue Sep 18 10:32:37 +0000 2018","id":1041998422390263800,"id_str":"1041998422390263808","text":"RT @Mobil1TheGrid: Pivot – Finishing 5th at yesterday's #SingaporeGP, Kimi Raikkonen has now surpassed 1,000 @F1 World #Championship points…","source":"<a href=\"http://twitter.com\" rel=\"nofollow\">Twitter Web Client</a>","truncated":false,"in_reply_to_status_id":null,"in_reply_to_status_id_str":null,"in_reply_to_user_id":null,"in_reply_to_user_id_str":null,"in_reply_to_screen_name":null,"user":{"id":2438298139,"id_str":"2438298139","name":"MARCO MARASCA","screen_name":"marcm1969","location":"Nato a San Siro, Milano,","url":null,"description":null,"translator_type":"none","protected":false,"verified":false,"followers_count":544,"friends_count":237,"listed_count":27,"favourites_count":23159,"statuses_count":191156,"created_at":"Fri Apr 11 10:24:24 +0000 2014","utc_offset":null,"time_zone":null,"geo_enabled":true,"lang":"it","contributors_enabled":false,"is_translator":false,"profile_background_color":"C0DEED","profile_background_image_url":"http://abs.twimg.com/images/themes/theme1/bg.png","profile_background_image_url_https":"https://abs.twimg.com/images/themes/theme1/bg.png","profile_background_tile":false,"profile_link_color":"23450C","profile_sidebar_border_color":"C0DEED","profile_sidebar_fill_color":"DDEEF6","profile_text_color":"333333","profile_use_background_image":true,"profile_image_url":"http://pbs.twimg.com/profile_images/1040653195863834625/yQ4jOurZ_normal.jpg","profile_image_url_https":"https://pbs.twimg.com/profile_images/1040653195863834625/yQ4jOurZ_normal.jpg","profile_banner_url":"https://pbs.twimg.com/profile_banners/2438298139/1536946208","default_profile":false,"default_profile_image":false,"following":null,"follow_request_sent":null,"notifications":null},"geo":null,"coordinates":null,"place":null,"contributors":null,"retweeted_status":{"created_at":"Mon Sep 17 08:35:04 +0000 2018","id":1041606449158344700,"id_str":"1041606449158344705","text":"Pivot – Finishing 5th at yesterday's #SingaporeGP, Kimi Raikkonen has now surpassed 1,000 @F1 World #Championship p… https://t.co/QZwbHfG4lg","display_text_range":[0,140],"source":"<a href=\"http://twitter.com\" rel=\"nofollow\">Twitter Web Client</a>","truncated":true,"in_reply_to_status_id":null,"in_reply_to_status_id_str":null,"in_reply_to_user_id":null,"in_reply_to_user_id_str":null,"in_reply_to_screen_name":null,"user":{"id":120088875,"id_str":"120088875","name":"Mobil 1 The Grid","screen_name":"Mobil1TheGrid","location":"London, England","url":"http://www.mobil1thegrid.com","description":"The home of #Motorsport videos. Broadcasting news, views & the very best of the action from the world of #F1, #NASCAR, #WEC & more. Now in its 10th season.","translator_type":"none","protected":false,"verified":true,"followers_count":49204,"friends_count":38766,"listed_count":622,"favourites_count":105548,"statuses_count":13808,"created_at":"Fri Mar 05 12:40:39 +0000 2010","utc_offset":null,"time_zone":null,"geo_enabled":true,"lang":"en","contributors_enabled":false,"is_translator":false,"profile_background_color":"131516","profile_background_image_url":"http://abs.twimg.com/images/themes/theme14/bg.gif","profile_background_image_url_https":"https://abs.twimg.com/images/themes/theme14/bg.gif","profile_background_tile":false,"profile_link_color":"DD2E44","profile_sidebar_border_color":"FFFFFF","profile_sidebar_fill_color":"EFEFEF","profile_text_color":"333333","profile_use_background_image":true,"profile_image_url":"http://pbs.twimg.com/profile_images/833660897990156288/ZoSUweeh_normal.jpg","profile_image_url_https":"https://pbs.twimg.com/profile_images/833660897990156288/ZoSUweeh_normal.jpg","profile_banner_url":"https://pbs.twimg.com/profile_banners/120088875/1520593909","default_profile":false,"default_profile_image":false,"following":null,"follow_request_sent":null,"notifications":null},"geo":null,"coordinates":null,"place":null,"contributors":null,"is_quote_status":false,"extended_tweet":{"full_text":"Pivot – Finishing 5th at yesterday's #SingaporeGP, Kimi Raikkonen has now surpassed 1,000 @F1 World #Championship points scored with @ScuderiaFerrari. @F1 @F1NightRace #Ferrari @Bwoah1337 @Kimi7Iceman @FansOfKR #Kimi7 #Singapore https://t.co/h7PQvixdAX","display_text_range":[0,228],"entities":{"hashtags":[{"text":"SingaporeGP","indices":[37,49]},{"text":"Championship","indices":[100,113]},{"text":"Ferrari","indices":[168,176]},{"text":"Kimi7","indices":[211,217]},{"text":"Singapore","indices":[218,228]}],"urls":[],"user_mentions":[{"screen_name":"F1","name":"Formula 1","id":69008563,"id_str":"69008563","indices":[90,93]},{"screen_name":"ScuderiaFerrari","name":"Scuderia Ferrari","id":108247668,"id_str":"108247668","indices":[133,149]},{"screen_name":"F1","name":"Formula 1","id":69008563,"id_str":"69008563","indices":[151,154]},{"screen_name":"F1NightRace","name":"SingaporeGP","id":104094630,"id_str":"104094630","indices":[155,167]},{"screen_name":"Bwoah1337","name":"Bits of Bytes 🦉","id":798052000172675100,"id_str":"798052000172675072","indices":[177,187]},{"screen_name":"Kimi7iceman","name":"Kimi Räikkönen #bwoah","id":374490674,"id_str":"374490674","indices":[188,200]},{"screen_name":"FansOfKR","name":"Kimi Räikkönen #7","id":1617017947,"id_str":"1617017947","indices":[201,210]}],"symbols":[],"media":[{"id":1041605057735741400,"id_str":"1041605057735741441","indices":[229,252],"media_url":"http://pbs.twimg.com/media/DnSGSAaW0AE9tLH.jpg","media_url_https":"https://pbs.twimg.com/media/DnSGSAaW0AE9tLH.jpg","url":"https://t.co/h7PQvixdAX","display_url":"pic.twitter.com/h7PQvixdAX","expanded_url":"https://twitter.com/Mobil1TheGrid/status/1041606449158344705/photo/1","type":"photo","sizes":{"thumb":{"w":150,"h":150,"resize":"crop"},"small":{"w":680,"h":274,"resize":"fit"},"large":{"w":1024,"h":413,"resize":"fit"},"medium":{"w":1024,"h":413,"resize":"fit"}}}]},"extended_entities":{"media":[{"id":1041605057735741400,"id_str":"1041605057735741441","indices":[229,252],"media_url":"http://pbs.twimg.com/media/DnSGSAaW0AE9tLH.jpg","media_url_https":"https://pbs.twimg.com/media/DnSGSAaW0AE9tLH.jpg","url":"https://t.co/h7PQvixdAX","display_url":"pic.twitter.com/h7PQvixdAX","expanded_url":"https://twitter.com/Mobil1TheGrid/status/1041606449158344705/photo/1","type":"photo","sizes":{"thumb":{"w":150,"h":150,"resize":"crop"},"small":{"w":680,"h":274,"resize":"fit"},"large":{"w":1024,"h":413,"resize":"fit"},"medium":{"w":1024,"h":413,"resize":"fit"}}}]}},"quote_count":0,"reply_count":0,"retweet_count":12,"favorite_count":41,"entities":{"hashtags":[{"text":"SingaporeGP","indices":[37,49]},{"text":"Championship","indices":[100,113]}],"urls":[{"url":"https://t.co/QZwbHfG4lg","expanded_url":"https://twitter.com/i/web/status/1041606449158344705","display_url":"twitter.com/i/web/status/1…","indices":[117,140]}],"user_mentions":[{"screen_name":"F1","name":"Formula 1","id":69008563,"id_str":"69008563","indices":[90,93]}],"symbols":[]},"favorited":false,"retweeted":false,"possibly_sensitive":false,"filter_level":"low","lang":"en"},"is_quote_status":false,"quote_count":0,"reply_count":0,"retweet_count":0,"favorite_count":0,"entities":{"hashtags":[{"text":"SingaporeGP","indices":[56,68]},{"text":"Championship","indices":[119,132]}],"urls":[],"user_mentions":[{"screen_name":"Mobil1TheGrid","name":"Mobil 1 The Grid","id":120088875,"id_str":"120088875","indices":[3,17]},{"screen_name":"F1","name":"Formula 1","id":69008563,"id_str":"69008563","indices":[109,112]}],"symbols":[]},"favorited":false,"retweeted":false,"filter_level":"low","lang":"en","timestamp_ms":"1537266757949"}