{"created_at":"Tue Sep 18 11:15:38 +0000 2018","id":1042009245430861800,"id_str":"1042009245430861824","text":"RT @Sustain_Urban: If you happen to be in #Singapore, check out the #Playgrounds exhibition at the @natmuseum_sg - fascinating history - ho…","source":"<a href=\"http://twitter.com/download/android\" rel=\"nofollow\">Twitter for Android</a>","truncated":false,"in_reply_to_status_id":null,"in_reply_to_status_id_str":null,"in_reply_to_user_id":null,"in_reply_to_user_id_str":null,"in_reply_to_screen_name":null,"user":{"id":191701740,"id_str":"191701740","name":"National Museum","screen_name":"natmuseum_sg","location":"Singapore","url":"http://www.nationalmuseum.sg","description":"A museum is not just a place for treasured artefacts, but a vibrant space where history truly comes alive!","translator_type":"none","protected":false,"verified":false,"followers_count":23661,"friends_count":175,"listed_count":160,"favourites_count":268,"statuses_count":4664,"created_at":"Fri Sep 17 03:22:48 +0000 2010","utc_offset":null,"time_zone":null,"geo_enabled":true,"lang":"en","contributors_enabled":false,"is_translator":false,"profile_background_color":"C0DEED","profile_background_image_url":"http://abs.twimg.com/images/themes/theme1/bg.png","profile_background_image_url_https":"https://abs.twimg.com/images/themes/theme1/bg.png","profile_background_tile":false,"profile_link_color":"89C9FA","profile_sidebar_border_color":"C0DEED","profile_sidebar_fill_color":"DDEEF6","profile_text_color":"333333","profile_use_background_image":true,"profile_image_url":"http://pbs.twimg.com/profile_images/998405998023880706/7_dvfVbc_normal.jpg","profile_image_url_https":"https://pbs.twimg.com/profile_images/998405998023880706/7_dvfVbc_normal.jpg","profile_banner_url":"https://pbs.twimg.com/profile_banners/191701740/1529918629","default_profile":false,"default_profile_image":false,"following":null,"follow_request_sent":null,"notifications":null},"geo":null,"coordinates":null,"place":null,"contributors":null,"retweeted_status":{"created_at":"Tue Sep 18 10:56:50 +0000 2018","id":1042004513769513000,"id_str":"1042004513769512960","text":"If you happen to be in #Singapore, check out the #Playgrounds exhibition at the @natmuseum_sg - fascinating history… https://t.co/vfF9zh04Ta","display_text_range":[0,140],"source":"<a href=\"http://twitter.com/download/iphone\" rel=\"nofollow\">Twitter for iPhone</a>","truncated":true,"in_reply_to_status_id":null,"in_reply_to_status_id_str":null,"in_reply_to_user_id":null,"in_reply_to_user_id_str":null,"in_reply_to_screen_name":null,"user":{"id":29351564,"id_str":"29351564","name":"Sustainable Urbanism","screen_name":"Sustain_Urban","location":"Singapore | Newcastle | Zurich","url":null,"description":"Observations, Ideas, Realities, Possibilities, Critiques for Sustainable Countries/ Metropolis'/ Regions/ Cities/ Towns/ Villages/ Places","translator_type":"none","protected":false,"verified":false,"followers_count":4499,"friends_count":816,"listed_count":252,"favourites_count":2058,"statuses_count":2745,"created_at":"Tue Apr 07 01:57:44 +0000 2009","utc_offset":null,"time_zone":null,"geo_enabled":true,"lang":"en","contributors_enabled":false,"is_translator":false,"profile_background_color":"091304","profile_background_image_url":"http://abs.twimg.com/images/themes/theme1/bg.png","profile_background_image_url_https":"https://abs.twimg.com/images/themes/theme1/bg.png","profile_background_tile":false,"profile_link_color":"696545","profile_sidebar_border_color":"4D4A33","profile_sidebar_fill_color":"262626","profile_text_color":"7D7D7D","profile_use_background_image":true,"profile_image_url":"http://pbs.twimg.com/profile_images/866397493210357761/yGvTM73-_normal.jpg","profile_image_url_https":"https://pbs.twimg.com/profile_images/866397493210357761/yGvTM73-_normal.jpg","default_profile":false,"default_profile_image":false,"following":null,"follow_request_sent":null,"notifications":null},"geo":null,"coordinates":null,"place":null,"contributors":null,"is_quote_status":false,"extended_tweet":{"full_text":"If you happen to be in #Singapore, check out the #Playgrounds exhibition at the @natmuseum_sg - fascinating history - hope their playground design in future incorporates the older tradition design approaches - great #placemaking history! https://t.co/FJmDFJt4HP","display_text_range":[0,237],"entities":{"hashtags":[{"text":"Singapore","indices":[23,33]},{"text":"Playgrounds","indices":[49,61]},{"text":"placemaking","indices":[216,228]}],"urls":[],"user_mentions":[{"screen_name":"natmuseum_sg","name":"National Museum","id":191701740,"id_str":"191701740","indices":[80,93]}],"symbols":[],"media":[{"id":1042004222013714400,"id_str":"1042004222013714432","indices":[238,261],"media_url":"http://pbs.twimg.com/media/DnXxUbOVsAA0FkG.jpg","media_url_https":"https://pbs.twimg.com/media/DnXxUbOVsAA0FkG.jpg","url":"https://t.co/FJmDFJt4HP","display_url":"pic.twitter.com/FJmDFJt4HP","expanded_url":"https://twitter.com/Sustain_Urban/status/1042004513769512960/photo/1","type":"photo","sizes":{"small":{"w":510,"h":680,"resize":"fit"},"thumb":{"w":150,"h":150,"resize":"crop"},"medium":{"w":768,"h":1024,"resize":"fit"},"large":{"w":768,"h":1024,"resize":"fit"}}},{"id":1042004222558986200,"id_str":"1042004222558986241","indices":[238,261],"media_url":"http://pbs.twimg.com/media/DnXxUdQV4AE-Rov.jpg","media_url_https":"https://pbs.twimg.com/media/DnXxUdQV4AE-Rov.jpg","url":"https://t.co/FJmDFJt4HP","display_url":"pic.twitter.com/FJmDFJt4HP","expanded_url":"https://twitter.com/Sustain_Urban/status/1042004513769512960/photo/1","type":"photo","sizes":{"thumb":{"w":150,"h":150,"resize":"crop"},"medium":{"w":768,"h":1024,"resize":"fit"},"small":{"w":510,"h":680,"resize":"fit"},"large":{"w":768,"h":1024,"resize":"fit"}}},{"id":1042004222177292300,"id_str":"1042004222177292289","indices":[238,261],"media_url":"http://pbs.twimg.com/media/DnXxUb1VsAE5c8z.jpg","media_url_https":"https://pbs.twimg.com/media/DnXxUb1VsAE5c8z.jpg","url":"https://t.co/FJmDFJt4HP","display_url":"pic.twitter.com/FJmDFJt4HP","expanded_url":"https://twitter.com/Sustain_Urban/status/1042004513769512960/photo/1","type":"photo","sizes":{"thumb":{"w":150,"h":150,"resize":"crop"},"large":{"w":768,"h":1024,"resize":"fit"},"small":{"w":510,"h":680,"resize":"fit"},"medium":{"w":768,"h":1024,"resize":"fit"}}},{"id":1042004222336630800,"id_str":"1042004222336630784","indices":[238,261],"media_url":"http://pbs.twimg.com/media/DnXxUcbVAAAf3gy.jpg","media_url_https":"https://pbs.twimg.com/media/DnXxUcbVAAAf3gy.jpg","url":"https://t.co/FJmDFJt4HP","display_url":"pic.twitter.com/FJmDFJt4HP","expanded_url":"https://twitter.com/Sustain_Urban/status/1042004513769512960/photo/1","type":"photo","sizes":{"thumb":{"w":150,"h":150,"resize":"crop"},"large":{"w":768,"h":1024,"resize":"fit"},"small":{"w":510,"h":680,"resize":"fit"},"medium":{"w":768,"h":1024,"resize":"fit"}}}]},"extended_entities":{"media":[{"id":1042004222013714400,"id_str":"1042004222013714432","indices":[238,261],"media_url":"http://pbs.twimg.com/media/DnXxUbOVsAA0FkG.jpg","media_url_https":"https://pbs.twimg.com/media/DnXxUbOVsAA0FkG.jpg","url":"https://t.co/FJmDFJt4HP","display_url":"pic.twitter.com/FJmDFJt4HP","expanded_url":"https://twitter.com/Sustain_Urban/status/1042004513769512960/photo/1","type":"photo","sizes":{"small":{"w":510,"h":680,"resize":"fit"},"thumb":{"w":150,"h":150,"resize":"crop"},"medium":{"w":768,"h":1024,"resize":"fit"},"large":{"w":768,"h":1024,"resize":"fit"}}},{"id":1042004222558986200,"id_str":"1042004222558986241","indices":[238,261],"media_url":"http://pbs.twimg.com/media/DnXxUdQV4AE-Rov.jpg","media_url_https":"https://pbs.twimg.com/media/DnXxUdQV4AE-Rov.jpg","url":"https://t.co/FJmDFJt4HP","display_url":"pic.twitter.com/FJmDFJt4HP","expanded_url":"https://twitter.com/Sustain_Urban/status/1042004513769512960/photo/1","type":"photo","sizes":{"thumb":{"w":150,"h":150,"resize":"crop"},"medium":{"w":768,"h":1024,"resize":"fit"},"small":{"w":510,"h":680,"resize":"fit"},"large":{"w":768,"h":1024,"resize":"fit"}}},{"id":1042004222177292300,"id_str":"1042004222177292289","indices":[238,261],"media_url":"http://pbs.twimg.com/media/DnXxUb1VsAE5c8z.jpg","media_url_https":"https://pbs.twimg.com/media/DnXxUb1VsAE5c8z.jpg","url":"https://t.co/FJmDFJt4HP","display_url":"pic.twitter.com/FJmDFJt4HP","expanded_url":"https://twitter.com/Sustain_Urban/status/1042004513769512960/photo/1","type":"photo","sizes":{"thumb":{"w":150,"h":150,"resize":"crop"},"large":{"w":768,"h":1024,"resize":"fit"},"small":{"w":510,"h":680,"resize":"fit"},"medium":{"w":768,"h":1024,"resize":"fit"}}},{"id":1042004222336630800,"id_str":"1042004222336630784","indices":[238,261],"media_url":"http://pbs.twimg.com/media/DnXxUcbVAAAf3gy.jpg","media_url_https":"https://pbs.twimg.com/media/DnXxUcbVAAAf3gy.jpg","url":"https://t.co/FJmDFJt4HP","display_url":"pic.twitter.com/FJmDFJt4HP","expanded_url":"https://twitter.com/Sustain_Urban/status/1042004513769512960/photo/1","type":"photo","sizes":{"thumb":{"w":150,"h":150,"resize":"crop"},"large":{"w":768,"h":1024,"resize":"fit"},"small":{"w":510,"h":680,"resize":"fit"},"medium":{"w":768,"h":1024,"resize":"fit"}}}]}},"quote_count":0,"reply_count":0,"retweet_count":1,"favorite_count":0,"entities":{"hashtags":[{"text":"Singapore","indices":[23,33]},{"text":"Playgrounds","indices":[49,61]}],"urls":[{"url":"https://t.co/vfF9zh04Ta","expanded_url":"https://twitter.com/i/web/status/1042004513769512960","display_url":"twitter.com/i/web/status/1…","indices":[117,140]}],"user_mentions":[{"screen_name":"natmuseum_sg","name":"National Museum","id":191701740,"id_str":"191701740","indices":[80,93]}],"symbols":[]},"favorited":false,"retweeted":false,"possibly_sensitive":false,"filter_level":"low","lang":"en"},"is_quote_status":false,"quote_count":0,"reply_count":0,"retweet_count":0,"favorite_count":0,"entities":{"hashtags":[{"text":"Singapore","indices":[42,52]},{"text":"Playgrounds","indices":[68,80]}],"urls":[],"user_mentions":[{"screen_name":"Sustain_Urban","name":"Sustainable Urbanism","id":29351564,"id_str":"29351564","indices":[3,17]},{"screen_name":"natmuseum_sg","name":"National Museum","id":191701740,"id_str":"191701740","indices":[99,112]}],"symbols":[]},"favorited":false,"retweeted":false,"filter_level":"low","lang":"en","timestamp_ms":"1537269338363"}