{"created_at":"Tue Sep 18 10:54:11 +0000 2018","id":1042003849060397000,"id_str":"1042003849060397056","text":"RT @FuzeX_co: #FuzeX recieved #MAS approval in #Singapore! This is a big progress for the FuzeX project. Also there is great news for the U…","source":"<a href=\"http://twitter.com/download/android\" rel=\"nofollow\">Twitter for Android</a>","truncated":false,"in_reply_to_status_id":null,"in_reply_to_status_id_str":null,"in_reply_to_user_id":null,"in_reply_to_user_id_str":null,"in_reply_to_screen_name":null,"user":{"id":900637218569465900,"id_str":"900637218569465856","name":"CryptoCat","screen_name":"CryptOneCent","location":"Tokyo-to, Japan","url":"https://www.bitmex.com/register/oy6xZu","description":null,"translator_type":"none","protected":false,"verified":false,"followers_count":24,"friends_count":240,"listed_count":0,"favourites_count":1358,"statuses_count":514,"created_at":"Thu Aug 24 08:33:40 +0000 2017","utc_offset":null,"time_zone":null,"geo_enabled":false,"lang":"en","contributors_enabled":false,"is_translator":false,"profile_background_color":"F5F8FA","profile_background_image_url":"","profile_background_image_url_https":"","profile_background_tile":false,"profile_link_color":"1DA1F2","profile_sidebar_border_color":"C0DEED","profile_sidebar_fill_color":"DDEEF6","profile_text_color":"333333","profile_use_background_image":true,"profile_image_url":"http://pbs.twimg.com/profile_images/944118118833463296/U6klC5WD_normal.jpg","profile_image_url_https":"https://pbs.twimg.com/profile_images/944118118833463296/U6klC5WD_normal.jpg","profile_banner_url":"https://pbs.twimg.com/profile_banners/900637218569465856/1516091207","default_profile":true,"default_profile_image":false,"following":null,"follow_request_sent":null,"notifications":null},"geo":null,"coordinates":null,"place":null,"contributors":null,"retweeted_status":{"created_at":"Tue Sep 18 03:01:01 +0000 2018","id":1041884772878827500,"id_str":"1041884772878827520","text":"#FuzeX recieved #MAS approval in #Singapore! This is a big progress for the FuzeX project. Also there is great news… https://t.co/E4irNmkSM7","source":"<a href=\"http://twitter.com\" rel=\"nofollow\">Twitter Web Client</a>","truncated":true,"in_reply_to_status_id":null,"in_reply_to_status_id_str":null,"in_reply_to_user_id":null,"in_reply_to_user_id_str":null,"in_reply_to_screen_name":null,"user":{"id":905993693491978200,"id_str":"905993693491978240","name":"FuzeX","screen_name":"FuzeX_co","location":null,"url":"https://fuzex.co/","description":null,"translator_type":"none","protected":false,"verified":false,"followers_count":8439,"friends_count":15,"listed_count":86,"favourites_count":26,"statuses_count":161,"created_at":"Fri Sep 08 03:18:23 +0000 2017","utc_offset":null,"time_zone":null,"geo_enabled":true,"lang":"en-gb","contributors_enabled":false,"is_translator":false,"profile_background_color":"000000","profile_background_image_url":"http://abs.twimg.com/images/themes/theme1/bg.png","profile_background_image_url_https":"https://abs.twimg.com/images/themes/theme1/bg.png","profile_background_tile":false,"profile_link_color":"981CEB","profile_sidebar_border_color":"000000","profile_sidebar_fill_color":"000000","profile_text_color":"000000","profile_use_background_image":false,"profile_image_url":"http://pbs.twimg.com/profile_images/1011896176222695424/PMtMsdSy_normal.jpg","profile_image_url_https":"https://pbs.twimg.com/profile_images/1011896176222695424/PMtMsdSy_normal.jpg","profile_banner_url":"https://pbs.twimg.com/profile_banners/905993693491978240/1508295805","default_profile":false,"default_profile_image":false,"following":null,"follow_request_sent":null,"notifications":null},"geo":null,"coordinates":null,"place":null,"contributors":null,"is_quote_status":false,"extended_tweet":{"full_text":"#FuzeX recieved #MAS approval in #Singapore! This is a big progress for the FuzeX project. Also there is great news for the UK&amp;EU supporters who are waiting for the FuzeX card. Check out https://t.co/YvhZR7zX3X\n#cryptocurrency #cryptonews #blockchain #payment #ETH #BTC #FXT","display_text_range":[0,278],"entities":{"hashtags":[{"text":"FuzeX","indices":[0,6]},{"text":"MAS","indices":[16,20]},{"text":"Singapore","indices":[33,43]},{"text":"cryptocurrency","indices":[215,230]},{"text":"cryptonews","indices":[231,242]},{"text":"blockchain","indices":[243,254]},{"text":"payment","indices":[255,263]},{"text":"ETH","indices":[264,268]},{"text":"BTC","indices":[269,273]},{"text":"FXT","indices":[274,278]}],"urls":[{"url":"https://t.co/YvhZR7zX3X","expanded_url":"https://bit.ly/2PEpS2w","display_url":"bit.ly/2PEpS2w","indices":[191,214]}],"user_mentions":[],"symbols":[]}},"quote_count":4,"reply_count":1,"retweet_count":18,"favorite_count":37,"entities":{"hashtags":[{"text":"FuzeX","indices":[0,6]},{"text":"MAS","indices":[16,20]},{"text":"Singapore","indices":[33,43]}],"urls":[{"url":"https://t.co/E4irNmkSM7","expanded_url":"https://twitter.com/i/web/status/1041884772878827520","display_url":"twitter.com/i/web/status/1…","indices":[117,140]}],"user_mentions":[],"symbols":[]},"favorited":false,"retweeted":false,"possibly_sensitive":false,"filter_level":"low","lang":"en"},"is_quote_status":false,"quote_count":0,"reply_count":0,"retweet_count":0,"favorite_count":0,"entities":{"hashtags":[{"text":"FuzeX","indices":[14,20]},{"text":"MAS","indices":[30,34]},{"text":"Singapore","indices":[47,57]}],"urls":[],"user_mentions":[{"screen_name":"FuzeX_co","name":"FuzeX","id":905993693491978200,"id_str":"905993693491978240","indices":[3,12]}],"symbols":[]},"favorited":false,"retweeted":false,"filter_level":"low","lang":"en","timestamp_ms":"1537268051768"}