{"created_at":"Tue Sep 18 11:15:41 +0000 2018","id":1042009259020574700,"id_str":"1042009259020574725","text":"SAP unveils guiding principles and ethics advisory panel for AI adoption  https://t.co/SxDpM5NBrV #Innovation… https://t.co/7XT2Uzy69i","source":"<a href=\"https://ifttt.com\" rel=\"nofollow\">IFTTT</a>","truncated":true,"in_reply_to_status_id":null,"in_reply_to_status_id_str":null,"in_reply_to_user_id":null,"in_reply_to_user_id_str":null,"in_reply_to_screen_name":null,"user":{"id":770617920128819200,"id_str":"770617920128819200","name":"Ivy Chen","screen_name":"IE_IvyChen","location":"London, England","url":"https://theinnovationenterprise.com","description":"International Events Director at @IEgroup","translator_type":"none","protected":false,"verified":false,"followers_count":125,"friends_count":63,"listed_count":35,"favourites_count":3,"statuses_count":2584,"created_at":"Tue Aug 30 13:43:24 +0000 2016","utc_offset":null,"time_zone":null,"geo_enabled":false,"lang":"en","contributors_enabled":false,"is_translator":false,"profile_background_color":"000000","profile_background_image_url":"http://abs.twimg.com/images/themes/theme1/bg.png","profile_background_image_url_https":"https://abs.twimg.com/images/themes/theme1/bg.png","profile_background_tile":false,"profile_link_color":"0089B5","profile_sidebar_border_color":"000000","profile_sidebar_fill_color":"000000","profile_text_color":"000000","profile_use_background_image":false,"profile_image_url":"http://pbs.twimg.com/profile_images/792001591482146817/YF0p8BH4_normal.jpg","profile_image_url_https":"https://pbs.twimg.com/profile_images/792001591482146817/YF0p8BH4_normal.jpg","profile_banner_url":"https://pbs.twimg.com/profile_banners/770617920128819200/1472572667","default_profile":false,"default_profile_image":false,"following":null,"follow_request_sent":null,"notifications":null},"geo":null,"coordinates":null,"place":null,"contributors":null,"is_quote_status":false,"extended_tweet":{"full_text":"SAP unveils guiding principles and ethics advisory panel for AI adoption  https://t.co/SxDpM5NBrV #Innovation #ChiefInnovationOfficer #Singapore","display_text_range":[0,144],"entities":{"hashtags":[{"text":"Innovation","indices":[98,109]},{"text":"ChiefInnovationOfficer","indices":[110,133]},{"text":"Singapore","indices":[134,144]}],"urls":[{"url":"https://t.co/SxDpM5NBrV","expanded_url":"https://ift.tt/2NlOlx5","display_url":"ift.tt/2NlOlx5","indices":[74,97]}],"user_mentions":[],"symbols":[]}},"quote_count":0,"reply_count":0,"retweet_count":0,"favorite_count":0,"entities":{"hashtags":[{"text":"Innovation","indices":[98,109]}],"urls":[{"url":"https://t.co/SxDpM5NBrV","expanded_url":"https://ift.tt/2NlOlx5","display_url":"ift.tt/2NlOlx5","indices":[74,97]},{"url":"https://t.co/7XT2Uzy69i","expanded_url":"https://twitter.com/i/web/status/1042009259020574725","display_url":"twitter.com/i/web/status/1…","indices":[111,134]}],"user_mentions":[],"symbols":[]},"favorited":false,"retweeted":false,"possibly_sensitive":false,"filter_level":"low","lang":"en","timestamp_ms":"1537269341603"}