{"created_at":"Tue Sep 18 11:01:25 +0000 2018","id":1042005667857358800,"id_str":"1042005667857358848","text":"Want to work in #Singapore? View our latest opening: https://t.co/gDeWOndXij #LEGO #Finance #Job #Jobs #Hiring","source":"<a href=\"http://tweetmyjobs.com\" rel=\"nofollow\">SafeTweet by TweetMyJOBS</a>","truncated":false,"in_reply_to_status_id":null,"in_reply_to_status_id_str":null,"in_reply_to_user_id":null,"in_reply_to_user_id_str":null,"in_reply_to_screen_name":null,"user":{"id":1898069832,"id_str":"1898069832","name":"LEGO_Careers","screen_name":"LEGO_Careers","location":null,"url":"http://www.lego.com/en-us/careers","description":"Our mission is to inspire and develop the builders of tomorrow. True to our spirit “Only the best is good enough”, we are a great company to work for.","translator_type":"none","protected":false,"verified":false,"followers_count":2318,"friends_count":5,"listed_count":945,"favourites_count":0,"statuses_count":1646,"created_at":"Mon Sep 23 18:45:58 +0000 2013","utc_offset":null,"time_zone":null,"geo_enabled":true,"lang":"en","contributors_enabled":false,"is_translator":false,"profile_background_color":"C0DEED","profile_background_image_url":"http://abs.twimg.com/images/themes/theme1/bg.png","profile_background_image_url_https":"https://abs.twimg.com/images/themes/theme1/bg.png","profile_background_tile":false,"profile_link_color":"0084B4","profile_sidebar_border_color":"FFFFFF","profile_sidebar_fill_color":"DDEEF6","profile_text_color":"333333","profile_use_background_image":true,"profile_image_url":"http://pbs.twimg.com/profile_images/378800000498800944/a0f216ccf8228074f8a59e47e60b56c7_normal.jpeg","profile_image_url_https":"https://pbs.twimg.com/profile_images/378800000498800944/a0f216ccf8228074f8a59e47e60b56c7_normal.jpeg","profile_banner_url":"https://pbs.twimg.com/profile_banners/1898069832/1413991235","default_profile":false,"default_profile_image":false,"following":null,"follow_request_sent":null,"notifications":null},"geo":{"type":"Point","coordinates":[1.3553794,103.8677444]},"coordinates":{"type":"Point","coordinates":[103.8677444,1.3553794]},"place":{"id":"5f1f473ed6455f55","url":"https://api.twitter.com/1.1/geo/id/5f1f473ed6455f55.json","place_type":"admin","name":"North-East Region","full_name":"North-East Region, Singapore","country_code":"SG","country":"Singapore","bounding_box":{"type":"Polygon","coordinates":[[[103.817833,1.334355],[103.817833,1.432041],[103.931418,1.432041],[103.931418,1.334355]]]},"attributes":{}},"contributors":null,"is_quote_status":false,"quote_count":0,"reply_count":0,"retweet_count":0,"favorite_count":0,"entities":{"hashtags":[{"text":"Singapore","indices":[16,26]},{"text":"LEGO","indices":[77,82]},{"text":"Finance","indices":[83,91]},{"text":"Job","indices":[92,96]},{"text":"Jobs","indices":[97,102]},{"text":"Hiring","indices":[103,110]}],"urls":[{"url":"https://t.co/gDeWOndXij","expanded_url":"http://bit.ly/2LH5dZw","display_url":"bit.ly/2LH5dZw","indices":[53,76]}],"user_mentions":[],"symbols":[]},"favorited":false,"retweeted":false,"possibly_sensitive":false,"filter_level":"low","lang":"en","timestamp_ms":"1537268485403"}