{"created_at":"Tue Sep 18 10:39:57 +0000 2018","id":1042000267389149200,"id_str":"1042000267389149189","text":"Join us as #Huobi Global would be speaking on \"The Changing Landscape of Community Advocates\" at #BitTemple,… https://t.co/8O8UZaYGJy","display_text_range":[0,140],"source":"<a href=\"https://buffer.com\" rel=\"nofollow\">Buffer</a>","truncated":true,"in_reply_to_status_id":null,"in_reply_to_status_id_str":null,"in_reply_to_user_id":null,"in_reply_to_user_id_str":null,"in_reply_to_screen_name":null,"user":{"id":1009362846415769600,"id_str":"1009362846415769600","name":"Huobi Global Support","screen_name":"HoubiGlobal","location":"Singapore","url":"http://huobi.com","description":"Huobi Pro, the leading global digital asset exchange.  👉contact us: support@huobi.pro;https://t.me/huobiofficial","translator_type":"none","protected":false,"verified":false,"followers_count":298,"friends_count":74,"listed_count":1,"favourites_count":207,"statuses_count":395,"created_at":"Wed Jun 20 09:10:30 +0000 2018","utc_offset":null,"time_zone":null,"geo_enabled":false,"lang":"en","contributors_enabled":false,"is_translator":false,"profile_background_color":"F5F8FA","profile_background_image_url":"","profile_background_image_url_https":"","profile_background_tile":false,"profile_link_color":"1DA1F2","profile_sidebar_border_color":"C0DEED","profile_sidebar_fill_color":"DDEEF6","profile_text_color":"333333","profile_use_background_image":true,"profile_image_url":"http://pbs.twimg.com/profile_images/1020381196247879680/tbMvuBe-_normal.jpg","profile_image_url_https":"https://pbs.twimg.com/profile_images/1020381196247879680/tbMvuBe-_normal.jpg","profile_banner_url":"https://pbs.twimg.com/profile_banners/1009362846415769600/1530751889","default_profile":true,"default_profile_image":false,"following":null,"follow_request_sent":null,"notifications":null},"geo":null,"coordinates":null,"place":null,"contributors":null,"is_quote_status":false,"extended_tweet":{"full_text":"Join us as #Huobi Global would be speaking on \"The Changing Landscape of Community Advocates\" at #BitTemple, #Singapore, 14:30-19:00 GMT (+8)\n\n#HuobiGlobal #BitKan @bit_temple @BitKanOfficial #Bitcoin @imTokenOfficial #BTC #Blockchain #Crypto #Cryptocurrency https://t.co/UKYtV5r14n","display_text_range":[0,258],"entities":{"hashtags":[{"text":"Huobi","indices":[11,17]},{"text":"BitTemple","indices":[97,107]},{"text":"Singapore","indices":[109,119]},{"text":"HuobiGlobal","indices":[143,155]},{"text":"BitKan","indices":[156,163]},{"text":"Bitcoin","indices":[192,200]},{"text":"BTC","indices":[218,222]},{"text":"Blockchain","indices":[223,234]},{"text":"Crypto","indices":[235,242]},{"text":"Cryptocurrency","indices":[243,258]}],"urls":[],"user_mentions":[{"screen_name":"bit_temple","name":"BitTemple","id":1022142111234158600,"id_str":"1022142111234158592","indices":[164,175]},{"screen_name":"BitKanOfficial","name":"BitKan","id":2219922895,"id_str":"2219922895","indices":[176,191]},{"screen_name":"imTokenOfficial","name":"imToken","id":759333340633665500,"id_str":"759333340633665536","indices":[201,217]}],"symbols":[],"media":[{"id":1042000265447190500,"id_str":"1042000265447190531","indices":[259,282],"media_url":"http://pbs.twimg.com/media/DnXtuH3XsAMW6nD.jpg","media_url_https":"https://pbs.twimg.com/media/DnXtuH3XsAMW6nD.jpg","url":"https://t.co/UKYtV5r14n","display_url":"pic.twitter.com/UKYtV5r14n","expanded_url":"https://twitter.com/HoubiGlobal/status/1042000267389149189/photo/1","type":"photo","sizes":{"thumb":{"w":150,"h":150,"resize":"crop"},"small":{"w":383,"h":680,"resize":"fit"},"large":{"w":450,"h":800,"resize":"fit"},"medium":{"w":450,"h":800,"resize":"fit"}}}]},"extended_entities":{"media":[{"id":1042000265447190500,"id_str":"1042000265447190531","indices":[259,282],"media_url":"http://pbs.twimg.com/media/DnXtuH3XsAMW6nD.jpg","media_url_https":"https://pbs.twimg.com/media/DnXtuH3XsAMW6nD.jpg","url":"https://t.co/UKYtV5r14n","display_url":"pic.twitter.com/UKYtV5r14n","expanded_url":"https://twitter.com/HoubiGlobal/status/1042000267389149189/photo/1","type":"photo","sizes":{"thumb":{"w":150,"h":150,"resize":"crop"},"small":{"w":383,"h":680,"resize":"fit"},"large":{"w":450,"h":800,"resize":"fit"},"medium":{"w":450,"h":800,"resize":"fit"}}}]}},"quote_count":0,"reply_count":0,"retweet_count":0,"favorite_count":0,"entities":{"hashtags":[{"text":"Huobi","indices":[11,17]},{"text":"BitTemple","indices":[97,107]}],"urls":[{"url":"https://t.co/8O8UZaYGJy","expanded_url":"https://twitter.com/i/web/status/1042000267389149189","display_url":"twitter.com/i/web/status/1…","indices":[110,133]}],"user_mentions":[],"symbols":[]},"favorited":false,"retweeted":false,"possibly_sensitive":false,"filter_level":"low","lang":"en","timestamp_ms":"1537267197831"}