{"created_at":"Tue Sep 18 11:22:58 +0000 2018","id":1042011091235102700,"id_str":"1042011091235102726","text":"Rise Ini Kalilah - showing in Singapore cinemas 🇸🇬 on 20th September 2018 onwards 😍\n\n#riseinikalilah\n#inikalilah… https://t.co/EdvWM1QJjK","display_text_range":[0,140],"source":"<a href=\"http://twitter.com/download/android\" rel=\"nofollow\">Twitter for Android</a>","truncated":true,"in_reply_to_status_id":null,"in_reply_to_status_id_str":null,"in_reply_to_user_id":null,"in_reply_to_user_id_str":null,"in_reply_to_screen_name":null,"user":{"id":1024186163572043800,"id_str":"1024186163572043782","name":"Rise: Ini Kalilah","screen_name":"riseinikalilah","location":"Malaysia","url":null,"description":null,"translator_type":"none","protected":false,"verified":false,"followers_count":83,"friends_count":0,"listed_count":1,"favourites_count":97,"statuses_count":199,"created_at":"Tue Jul 31 06:53:04 +0000 2018","utc_offset":null,"time_zone":null,"geo_enabled":false,"lang":"en","contributors_enabled":false,"is_translator":false,"profile_background_color":"F5F8FA","profile_background_image_url":"","profile_background_image_url_https":"","profile_background_tile":false,"profile_link_color":"1DA1F2","profile_sidebar_border_color":"C0DEED","profile_sidebar_fill_color":"DDEEF6","profile_text_color":"333333","profile_use_background_image":true,"profile_image_url":"http://pbs.twimg.com/profile_images/1035114100257222658/zmW6emj5_normal.jpg","profile_image_url_https":"https://pbs.twimg.com/profile_images/1035114100257222658/zmW6emj5_normal.jpg","profile_banner_url":"https://pbs.twimg.com/profile_banners/1024186163572043782/1536301352","default_profile":true,"default_profile_image":false,"following":null,"follow_request_sent":null,"notifications":null},"geo":null,"coordinates":null,"place":null,"contributors":null,"is_quote_status":false,"extended_tweet":{"full_text":"Rise Ini Kalilah - showing in Singapore cinemas 🇸🇬 on 20th September 2018 onwards 😍\n\n#riseinikalilah\n#inikalilah\n#WebTVAsia\n#Singapore\n#anakmalaysia\n#SayangiMalaysiaku https://t.co/iNid9MPl6N","display_text_range":[0,167],"entities":{"hashtags":[{"text":"riseinikalilah","indices":[85,100]},{"text":"inikalilah","indices":[101,112]},{"text":"WebTVAsia","indices":[113,123]},{"text":"Singapore","indices":[124,134]},{"text":"anakmalaysia","indices":[135,148]},{"text":"SayangiMalaysiaku","indices":[149,167]}],"urls":[],"user_mentions":[],"symbols":[],"media":[{"id":1042011078585024500,"id_str":"1042011078585024512","indices":[168,191],"media_url":"http://pbs.twimg.com/media/DnX3jh8VAAAPX-f.jpg","media_url_https":"https://pbs.twimg.com/media/DnX3jh8VAAAPX-f.jpg","url":"https://t.co/iNid9MPl6N","display_url":"pic.twitter.com/iNid9MPl6N","expanded_url":"https://twitter.com/riseinikalilah/status/1042011091235102726/photo/1","type":"photo","sizes":{"thumb":{"w":150,"h":150,"resize":"crop"},"medium":{"w":1000,"h":1000,"resize":"fit"},"small":{"w":680,"h":680,"resize":"fit"},"large":{"w":1000,"h":1000,"resize":"fit"}}}]},"extended_entities":{"media":[{"id":1042011078585024500,"id_str":"1042011078585024512","indices":[168,191],"media_url":"http://pbs.twimg.com/media/DnX3jh8VAAAPX-f.jpg","media_url_https":"https://pbs.twimg.com/media/DnX3jh8VAAAPX-f.jpg","url":"https://t.co/iNid9MPl6N","display_url":"pic.twitter.com/iNid9MPl6N","expanded_url":"https://twitter.com/riseinikalilah/status/1042011091235102726/photo/1","type":"photo","sizes":{"thumb":{"w":150,"h":150,"resize":"crop"},"medium":{"w":1000,"h":1000,"resize":"fit"},"small":{"w":680,"h":680,"resize":"fit"},"large":{"w":1000,"h":1000,"resize":"fit"}}}]}},"quote_count":0,"reply_count":0,"retweet_count":0,"favorite_count":0,"entities":{"hashtags":[{"text":"riseinikalilah","indices":[85,100]},{"text":"inikalilah","indices":[101,112]}],"urls":[{"url":"https://t.co/EdvWM1QJjK","expanded_url":"https://twitter.com/i/web/status/1042011091235102726","display_url":"twitter.com/i/web/status/1…","indices":[114,137]}],"user_mentions":[],"symbols":[]},"favorited":false,"retweeted":false,"possibly_sensitive":false,"filter_level":"low","lang":"en","timestamp_ms":"1537269778437"}