{"created_at":"Tue Sep 18 10:40:03 +0000 2018","id":1042000290801745900,"id_str":"1042000290801745920","text":"should you consider a different kind   ::  https://t.co/n2k2RPhidS     #Yunnan #China #InstaChina #Travel… https://t.co/BGP5Km6kRJ","source":"<a href=\"https://www.hootsuite.com\" rel=\"nofollow\">Hootsuite Inc.</a>","truncated":true,"in_reply_to_status_id":null,"in_reply_to_status_id_str":null,"in_reply_to_user_id":null,"in_reply_to_user_id_str":null,"in_reply_to_screen_name":null,"user":{"id":823250076,"id_str":"823250076","name":"BowdyWanders","screen_name":"BowdyWanders","location":"Singapore","url":"http://www.bowdywanders.com","description":"Coffee cups and culture cravings. Join in the chase for new adventures around the world!","translator_type":"none","protected":false,"verified":false,"followers_count":1073,"friends_count":1608,"listed_count":216,"favourites_count":463,"statuses_count":39423,"created_at":"Fri Sep 14 12:56:56 +0000 2012","utc_offset":null,"time_zone":null,"geo_enabled":false,"lang":"en","contributors_enabled":false,"is_translator":false,"profile_background_color":"000000","profile_background_image_url":"http://abs.twimg.com/images/themes/theme13/bg.gif","profile_background_image_url_https":"https://abs.twimg.com/images/themes/theme13/bg.gif","profile_background_tile":false,"profile_link_color":"ABB8C2","profile_sidebar_border_color":"000000","profile_sidebar_fill_color":"000000","profile_text_color":"000000","profile_use_background_image":false,"profile_image_url":"http://pbs.twimg.com/profile_images/2609752694/xazn0l1yy884or5169m9_normal.jpeg","profile_image_url_https":"https://pbs.twimg.com/profile_images/2609752694/xazn0l1yy884or5169m9_normal.jpeg","profile_banner_url":"https://pbs.twimg.com/profile_banners/823250076/1416022728","default_profile":false,"default_profile_image":false,"following":null,"follow_request_sent":null,"notifications":null},"geo":null,"coordinates":null,"place":null,"contributors":null,"is_quote_status":false,"extended_tweet":{"full_text":"should you consider a different kind   ::  https://t.co/n2k2RPhidS     #Yunnan #China #InstaChina #Travel #TravelBlogger #Singapore #Philippines","display_text_range":[0,144],"entities":{"hashtags":[{"text":"Yunnan","indices":[71,78]},{"text":"China","indices":[79,85]},{"text":"InstaChina","indices":[86,97]},{"text":"Travel","indices":[98,105]},{"text":"TravelBlogger","indices":[106,120]},{"text":"Singapore","indices":[121,131]},{"text":"Philippines","indices":[132,144]}],"urls":[{"url":"https://t.co/n2k2RPhidS","expanded_url":"http://ow.ly/fN9k30lRoWG","display_url":"ow.ly/fN9k30lRoWG","indices":[43,66]}],"user_mentions":[],"symbols":[]}},"quote_count":0,"reply_count":0,"retweet_count":0,"favorite_count":0,"entities":{"hashtags":[{"text":"Yunnan","indices":[71,78]},{"text":"China","indices":[79,85]},{"text":"InstaChina","indices":[86,97]},{"text":"Travel","indices":[98,105]}],"urls":[{"url":"https://t.co/n2k2RPhidS","expanded_url":"http://ow.ly/fN9k30lRoWG","display_url":"ow.ly/fN9k30lRoWG","indices":[43,66]},{"url":"https://t.co/BGP5Km6kRJ","expanded_url":"https://twitter.com/i/web/status/1042000290801745920","display_url":"twitter.com/i/web/status/1…","indices":[107,130]}],"user_mentions":[],"symbols":[]},"favorited":false,"retweeted":false,"possibly_sensitive":false,"filter_level":"low","lang":"en","timestamp_ms":"1537267203413"}