{"created_at":"Tue Sep 18 10:40:04 +0000 2018","id":1042000295100866600,"id_str":"1042000295100866560","text":"Singapore: Startup SG Network's growing directory of incubators and accelerators https://t.co/pYMIIoQ3up #singapore… https://t.co/rre8eKd2Xc","source":"<a href=\"https://www.hootsuite.com\" rel=\"nofollow\">Hootsuite Inc.</a>","truncated":true,"in_reply_to_status_id":null,"in_reply_to_status_id_str":null,"in_reply_to_user_id":null,"in_reply_to_user_id_str":null,"in_reply_to_screen_name":null,"user":{"id":68939904,"id_str":"68939904","name":"Wade Wright","screen_name":"wadekwright","location":"Hobart, Tasmania","url":"https://www.linkedin.com/in/wadekw","description":"http://www.StartupNewsAsia.com: daily, monthly, quarterly // #startups // Walkley 2017 longlist: O2O news & news via IOT // Hobart & Launceston","translator_type":"none","protected":false,"verified":false,"followers_count":2754,"friends_count":4598,"listed_count":1441,"favourites_count":0,"statuses_count":12428,"created_at":"Wed Aug 26 09:33:27 +0000 2009","utc_offset":null,"time_zone":null,"geo_enabled":false,"lang":"en","contributors_enabled":false,"is_translator":false,"profile_background_color":"9AE4E8","profile_background_image_url":"http://abs.twimg.com/images/themes/theme1/bg.png","profile_background_image_url_https":"https://abs.twimg.com/images/themes/theme1/bg.png","profile_background_tile":false,"profile_link_color":"0084B4","profile_sidebar_border_color":"FFFFFF","profile_sidebar_fill_color":"DDFFCC","profile_text_color":"333333","profile_use_background_image":true,"profile_image_url":"http://pbs.twimg.com/profile_images/1011512312161697792/JcYqyg6R_normal.jpg","profile_image_url_https":"https://pbs.twimg.com/profile_images/1011512312161697792/JcYqyg6R_normal.jpg","profile_banner_url":"https://pbs.twimg.com/profile_banners/68939904/1529997940","default_profile":false,"default_profile_image":false,"following":null,"follow_request_sent":null,"notifications":null},"geo":null,"coordinates":null,"place":null,"contributors":null,"is_quote_status":false,"extended_tweet":{"full_text":"Singapore: Startup SG Network's growing directory of incubators and accelerators https://t.co/pYMIIoQ3up #singapore #startups #entrepreneurs #startupSG #incubator","display_text_range":[0,162],"entities":{"hashtags":[{"text":"singapore","indices":[105,115]},{"text":"startups","indices":[116,125]},{"text":"entrepreneurs","indices":[126,140]},{"text":"startupSG","indices":[141,151]},{"text":"incubator","indices":[152,162]}],"urls":[{"url":"https://t.co/pYMIIoQ3up","expanded_url":"http://ow.ly/wtMl30lRtVp","display_url":"ow.ly/wtMl30lRtVp","indices":[81,104]}],"user_mentions":[],"symbols":[]}},"quote_count":0,"reply_count":0,"retweet_count":0,"favorite_count":0,"entities":{"hashtags":[{"text":"singapore","indices":[105,115]}],"urls":[{"url":"https://t.co/pYMIIoQ3up","expanded_url":"http://ow.ly/wtMl30lRtVp","display_url":"ow.ly/wtMl30lRtVp","indices":[81,104]},{"url":"https://t.co/rre8eKd2Xc","expanded_url":"https://twitter.com/i/web/status/1042000295100866560","display_url":"twitter.com/i/web/status/1…","indices":[117,140]}],"user_mentions":[],"symbols":[]},"favorited":false,"retweeted":false,"possibly_sensitive":false,"filter_level":"low","lang":"en","timestamp_ms":"1537267204438"}