{"created_at":"Tue Sep 18 10:18:40 +0000 2018","id":1041994907865317400,"id_str":"1041994907865317377","text":"Our homie live on Kelly and Ryan this past weekend 😁 she’s a natural on camera, don’t ya think? #Singapore  https://t.co/QhZpMzkuYJ","source":"<a href=\"http://twitter.com/download/iphone\" rel=\"nofollow\">Twitter for iPhone</a>","truncated":false,"in_reply_to_status_id":null,"in_reply_to_status_id_str":null,"in_reply_to_user_id":null,"in_reply_to_user_id_str":null,"in_reply_to_screen_name":null,"user":{"id":44381697,"id_str":"44381697","name":"Island Diva","screen_name":"syzzlyn","location":"Singapore","url":"http://reddotdiva.blogspot.com","description":"I chase after Biceps and Silver Foxes. Multi-lusting Asian Fire Cat. Wonder Fangirl. As pervy as a nut can be. http://zacharyquintosbiceps.blogspot.com","translator_type":"none","protected":false,"verified":false,"followers_count":805,"friends_count":877,"listed_count":142,"favourites_count":1016,"statuses_count":100186,"created_at":"Wed Jun 03 15:31:06 +0000 2009","utc_offset":null,"time_zone":null,"geo_enabled":false,"lang":"en","contributors_enabled":false,"is_translator":false,"profile_background_color":"642D8B","profile_background_image_url":"http://abs.twimg.com/images/themes/theme7/bg.gif","profile_background_image_url_https":"https://abs.twimg.com/images/themes/theme7/bg.gif","profile_background_tile":false,"profile_link_color":"75042F","profile_sidebar_border_color":"FFFFFF","profile_sidebar_fill_color":"1E5E8F","profile_text_color":"958E8E","profile_use_background_image":true,"profile_image_url":"http://pbs.twimg.com/profile_images/1006426144915091456/xtUCX2r6_normal.jpg","profile_image_url_https":"https://pbs.twimg.com/profile_images/1006426144915091456/xtUCX2r6_normal.jpg","profile_banner_url":"https://pbs.twimg.com/profile_banners/44381697/1462207737","default_profile":false,"default_profile_image":false,"following":null,"follow_request_sent":null,"notifications":null},"geo":null,"coordinates":null,"place":null,"contributors":null,"is_quote_status":false,"quote_count":0,"reply_count":0,"retweet_count":0,"favorite_count":0,"entities":{"hashtags":[{"text":"Singapore","indices":[96,106]}],"urls":[{"url":"https://t.co/QhZpMzkuYJ","expanded_url":"https://youtu.be/_4nXJ85dPG4","display_url":"youtu.be/_4nXJ85dPG4","indices":[108,131]}],"user_mentions":[],"symbols":[]},"favorited":false,"retweeted":false,"possibly_sensitive":false,"filter_level":"low","lang":"en","timestamp_ms":"1537265920021"}