{"created_at":"Tue Sep 18 10:40:13 +0000 2018","id":1042000331520069600,"id_str":"1042000331520069633","text":"bahman_vip :#Singapore #Travel Singapore attractions: Guadalajara https://t.co/hirQMl89o2 #Vacation… https://t.co/gv4gypOu2M","display_text_range":[0,140],"source":"<a href=\"https://ifttt.com\" rel=\"nofollow\">IFTTT</a>","truncated":true,"in_reply_to_status_id":null,"in_reply_to_status_id_str":null,"in_reply_to_user_id":null,"in_reply_to_user_id_str":null,"in_reply_to_screen_name":null,"user":{"id":845154436221612000,"id_str":"845154436221612033","name":"Siva Apriliatravel","screen_name":"sivaapriliatra1","location":null,"url":null,"description":"Travel Road Trip does the exploring so you can have an adventure.","translator_type":"none","protected":false,"verified":false,"followers_count":190,"friends_count":94,"listed_count":3,"favourites_count":105,"statuses_count":4576,"created_at":"Fri Mar 24 06:04:54 +0000 2017","utc_offset":null,"time_zone":null,"geo_enabled":false,"lang":"en","contributors_enabled":false,"is_translator":false,"profile_background_color":"F5F8FA","profile_background_image_url":"","profile_background_image_url_https":"","profile_background_tile":false,"profile_link_color":"1DA1F2","profile_sidebar_border_color":"C0DEED","profile_sidebar_fill_color":"DDEEF6","profile_text_color":"333333","profile_use_background_image":true,"profile_image_url":"http://pbs.twimg.com/profile_images/845156705876914177/bodNuTS__normal.jpg","profile_image_url_https":"https://pbs.twimg.com/profile_images/845156705876914177/bodNuTS__normal.jpg","profile_banner_url":"https://pbs.twimg.com/profile_banners/845154436221612033/1490336017","default_profile":true,"default_profile_image":false,"following":null,"follow_request_sent":null,"notifications":null},"geo":null,"coordinates":null,"place":null,"contributors":null,"quoted_status_id":1041999868510830600,"quoted_status_id_str":"1041999868510830592","quoted_status":{"created_at":"Tue Sep 18 10:38:22 +0000 2018","id":1041999868510830600,"id_str":"1041999868510830592","text":"#Singapore #Travel Singapore attractions: Guadalajara https://t.co/sHKmUXQP2J #Vacation https://t.co/rTpGMsA1yT","display_text_range":[0,87],"source":"<a href=\"https://ifttt.com\" rel=\"nofollow\">IFTTT</a>","truncated":false,"in_reply_to_status_id":null,"in_reply_to_status_id_str":null,"in_reply_to_user_id":null,"in_reply_to_user_id_str":null,"in_reply_to_screen_name":null,"user":{"id":47526540,"id_str":"47526540","name":"TravelDestinations","screen_name":"bahman_vip","location":"indonesia","url":"http://vionm.com","description":"love peace traveling http://vionm.com","translator_type":"none","protected":false,"verified":false,"followers_count":5764,"friends_count":3594,"listed_count":237,"favourites_count":3395,"statuses_count":25639,"created_at":"Tue Jun 16 03:09:04 +0000 2009","utc_offset":null,"time_zone":null,"geo_enabled":false,"lang":"en","contributors_enabled":false,"is_translator":false,"profile_background_color":"C6E2EE","profile_background_image_url":"http://abs.twimg.com/images/themes/theme2/bg.gif","profile_background_image_url_https":"https://abs.twimg.com/images/themes/theme2/bg.gif","profile_background_tile":false,"profile_link_color":"1F98C7","profile_sidebar_border_color":"FFFFFF","profile_sidebar_fill_color":"DAECF4","profile_text_color":"663B12","profile_use_background_image":true,"profile_image_url":"http://pbs.twimg.com/profile_images/803082039503134720/fEtK3qbY_normal.jpg","profile_image_url_https":"https://pbs.twimg.com/profile_images/803082039503134720/fEtK3qbY_normal.jpg","profile_banner_url":"https://pbs.twimg.com/profile_banners/47526540/1418010379","default_profile":false,"default_profile_image":false,"following":null,"follow_request_sent":null,"notifications":null},"geo":null,"coordinates":null,"place":null,"contributors":null,"is_quote_status":false,"quote_count":0,"reply_count":0,"retweet_count":0,"favorite_count":0,"entities":{"hashtags":[{"text":"Singapore","indices":[0,10]},{"text":"Travel","indices":[11,18]},{"text":"Vacation","indices":[78,87]}],"urls":[{"url":"https://t.co/sHKmUXQP2J","expanded_url":"https://ift.tt/2xstBc8","display_url":"ift.tt/2xstBc8","indices":[54,77]}],"user_mentions":[],"symbols":[],"media":[{"id":1041999867483222000,"id_str":"1041999867483222016","indices":[88,111],"media_url":"http://pbs.twimg.com/media/DnXtW9VXcAAueVl.jpg","media_url_https":"https://pbs.twimg.com/media/DnXtW9VXcAAueVl.jpg","url":"https://t.co/rTpGMsA1yT","display_url":"pic.twitter.com/rTpGMsA1yT","expanded_url":"https://twitter.com/bahman_vip/status/1041999868510830592/photo/1","type":"photo","sizes":{"large":{"w":200,"h":124,"resize":"fit"},"small":{"w":200,"h":124,"resize":"fit"},"thumb":{"w":124,"h":124,"resize":"crop"},"medium":{"w":200,"h":124,"resize":"fit"}}}]},"extended_entities":{"media":[{"id":1041999867483222000,"id_str":"1041999867483222016","indices":[88,111],"media_url":"http://pbs.twimg.com/media/DnXtW9VXcAAueVl.jpg","media_url_https":"https://pbs.twimg.com/media/DnXtW9VXcAAueVl.jpg","url":"https://t.co/rTpGMsA1yT","display_url":"pic.twitter.com/rTpGMsA1yT","expanded_url":"https://twitter.com/bahman_vip/status/1041999868510830592/photo/1","type":"photo","sizes":{"large":{"w":200,"h":124,"resize":"fit"},"small":{"w":200,"h":124,"resize":"fit"},"thumb":{"w":124,"h":124,"resize":"crop"},"medium":{"w":200,"h":124,"resize":"fit"}}}]},"favorited":false,"retweeted":false,"possibly_sensitive":false,"filter_level":"low","lang":"es"},"quoted_status_permalink":{"url":"https://t.co/1G44HIObKL","expanded":"https://twitter.com/bahman_vip/status/1041999868510830592","display":"twitter.com/bahman_vip/sta…"},"is_quote_status":true,"extended_tweet":{"full_text":"bahman_vip :#Singapore #Travel Singapore attractions: Guadalajara https://t.co/hirQMl89o2 #Vacation https://t.co/EWv4wblI8j https://t.co/1G44HIObKL https://t.co/Q2PzIm1ZJh","display_text_range":[0,147],"entities":{"hashtags":[{"text":"Singapore","indices":[12,22]},{"text":"Travel","indices":[23,30]},{"text":"Vacation","indices":[90,99]}],"urls":[{"url":"https://t.co/hirQMl89o2","expanded_url":"https://ift.tt/2xstBc8","display_url":"ift.tt/2xstBc8","indices":[66,89]},{"url":"https://t.co/1G44HIObKL","expanded_url":"https://twitter.com/bahman_vip/status/1041999868510830592","display_url":"twitter.com/bahman_vip/sta…","indices":[124,147]}],"user_mentions":[],"symbols":[],"media":[{"id":1042000330307850200,"id_str":"1042000330307850240","indices":[148,171],"media_url":"http://pbs.twimg.com/media/DnXtx5fW0AATSd6.jpg","media_url_https":"https://pbs.twimg.com/media/DnXtx5fW0AATSd6.jpg","url":"https://t.co/Q2PzIm1ZJh","display_url":"pic.twitter.com/Q2PzIm1ZJh","expanded_url":"https://twitter.com/sivaapriliatra1/status/1042000331520069633/photo/1","type":"photo","sizes":{"small":{"w":200,"h":124,"resize":"fit"},"large":{"w":200,"h":124,"resize":"fit"},"medium":{"w":200,"h":124,"resize":"fit"},"thumb":{"w":124,"h":124,"resize":"crop"}}},{"id":1041999867483222000,"id_str":"1041999867483222016","indices":[100,123],"media_url":"http://pbs.twimg.com/media/DnXtW9VXcAAueVl.jpg","media_url_https":"https://pbs.twimg.com/media/DnXtW9VXcAAueVl.jpg","url":"https://t.co/EWv4wblI8j","display_url":"pic.twitter.com/EWv4wblI8j","expanded_url":"https://twitter.com/bahman_vip/status/1041999868510830592/photo/1","type":"photo","sizes":{"large":{"w":200,"h":124,"resize":"fit"},"small":{"w":200,"h":124,"resize":"fit"},"thumb":{"w":124,"h":124,"resize":"crop"},"medium":{"w":200,"h":124,"resize":"fit"}},"source_status_id":1041999868510830600,"source_status_id_str":"1041999868510830592","source_user_id":47526540,"source_user_id_str":"47526540"}]},"extended_entities":{"media":[{"id":1042000330307850200,"id_str":"1042000330307850240","indices":[148,171],"media_url":"http://pbs.twimg.com/media/DnXtx5fW0AATSd6.jpg","media_url_https":"https://pbs.twimg.com/media/DnXtx5fW0AATSd6.jpg","url":"https://t.co/Q2PzIm1ZJh","display_url":"pic.twitter.com/Q2PzIm1ZJh","expanded_url":"https://twitter.com/sivaapriliatra1/status/1042000331520069633/photo/1","type":"photo","sizes":{"small":{"w":200,"h":124,"resize":"fit"},"large":{"w":200,"h":124,"resize":"fit"},"medium":{"w":200,"h":124,"resize":"fit"},"thumb":{"w":124,"h":124,"resize":"crop"}}},{"id":1041999867483222000,"id_str":"1041999867483222016","indices":[100,123],"media_url":"http://pbs.twimg.com/media/DnXtW9VXcAAueVl.jpg","media_url_https":"https://pbs.twimg.com/media/DnXtW9VXcAAueVl.jpg","url":"https://t.co/EWv4wblI8j","display_url":"pic.twitter.com/EWv4wblI8j","expanded_url":"https://twitter.com/bahman_vip/status/1041999868510830592/photo/1","type":"photo","sizes":{"large":{"w":200,"h":124,"resize":"fit"},"small":{"w":200,"h":124,"resize":"fit"},"thumb":{"w":124,"h":124,"resize":"crop"},"medium":{"w":200,"h":124,"resize":"fit"}},"source_status_id":1041999868510830600,"source_status_id_str":"1041999868510830592","source_user_id":47526540,"source_user_id_str":"47526540"}]}},"quote_count":0,"reply_count":0,"retweet_count":0,"favorite_count":0,"entities":{"hashtags":[{"text":"Singapore","indices":[12,22]},{"text":"Travel","indices":[23,30]},{"text":"Vacation","indices":[90,99]}],"urls":[{"url":"https://t.co/hirQMl89o2","expanded_url":"https://ift.tt/2xstBc8","display_url":"ift.tt/2xstBc8","indices":[66,89]},{"url":"https://t.co/gv4gypOu2M","expanded_url":"https://twitter.com/i/web/status/1042000331520069633","display_url":"twitter.com/i/web/status/1…","indices":[101,124]}],"user_mentions":[],"symbols":[]},"favorited":false,"retweeted":false,"possibly_sensitive":false,"filter_level":"low","lang":"in","timestamp_ms":"1537267213121"}