{"created_at":"Tue Sep 18 10:40:16 +0000 2018","id":1042000345214242800,"id_str":"1042000345214242816","text":"RT @ToroRosso: #Singapore: una gara difficile a conclusione di un weekend complicato. Torneremo più forti in Russia!  Le dichiarazioni del…","source":"<a href=\"http://twitter.com/download/iphone\" rel=\"nofollow\">Twitter for iPhone</a>","truncated":false,"in_reply_to_status_id":null,"in_reply_to_status_id_str":null,"in_reply_to_user_id":null,"in_reply_to_user_id_str":null,"in_reply_to_screen_name":null,"user":{"id":1472244354,"id_str":"1472244354","name":"たっちゃん","screen_name":"Knows29Never","location":null,"url":null,"description":null,"translator_type":"none","protected":false,"verified":false,"followers_count":341,"friends_count":931,"listed_count":0,"favourites_count":23518,"statuses_count":18845,"created_at":"Fri May 31 14:18:15 +0000 2013","utc_offset":null,"time_zone":null,"geo_enabled":true,"lang":"ja","contributors_enabled":false,"is_translator":false,"profile_background_color":"C0DEED","profile_background_image_url":"http://abs.twimg.com/images/themes/theme1/bg.png","profile_background_image_url_https":"https://abs.twimg.com/images/themes/theme1/bg.png","profile_background_tile":false,"profile_link_color":"1DA1F2","profile_sidebar_border_color":"C0DEED","profile_sidebar_fill_color":"DDEEF6","profile_text_color":"333333","profile_use_background_image":true,"profile_image_url":"http://pbs.twimg.com/profile_images/1023608812895330309/OmqX14og_normal.jpg","profile_image_url_https":"https://pbs.twimg.com/profile_images/1023608812895330309/OmqX14og_normal.jpg","profile_banner_url":"https://pbs.twimg.com/profile_banners/1472244354/1520470309","default_profile":true,"default_profile_image":false,"following":null,"follow_request_sent":null,"notifications":null},"geo":null,"coordinates":null,"place":null,"contributors":null,"retweeted_status":{"created_at":"Sun Sep 16 17:41:41 +0000 2018","id":1041381624221524000,"id_str":"1041381624221523968","text":"#Singapore: una gara difficile a conclusione di un weekend complicato. Torneremo più forti in Russia!  Le dichiaraz… https://t.co/J9khOx84pq","display_text_range":[0,140],"source":"<a href=\"http://twitter.com\" rel=\"nofollow\">Twitter Web Client</a>","truncated":true,"in_reply_to_status_id":null,"in_reply_to_status_id_str":null,"in_reply_to_user_id":null,"in_reply_to_user_id_str":null,"in_reply_to_screen_name":null,"user":{"id":82322622,"id_str":"82322622","name":"Toro Rosso","screen_name":"ToroRosso","location":"Faenza / F1 Paddock","url":"http://www.tororosso.com","description":"Official Twitter account of Scuderia Toro Rosso #F1","translator_type":"none","protected":false,"verified":true,"followers_count":601241,"friends_count":435,"listed_count":25464,"favourites_count":4863,"statuses_count":11213,"created_at":"Wed Oct 14 09:49:50 +0000 2009","utc_offset":null,"time_zone":null,"geo_enabled":true,"lang":"en","contributors_enabled":false,"is_translator":false,"profile_background_color":"C0DEED","profile_background_image_url":"http://abs.twimg.com/images/themes/theme1/bg.png","profile_background_image_url_https":"https://abs.twimg.com/images/themes/theme1/bg.png","profile_background_tile":true,"profile_link_color":"0D274D","profile_sidebar_border_color":"C0DEED","profile_sidebar_fill_color":"DDEEF6","profile_text_color":"333333","profile_use_background_image":true,"profile_image_url":"http://pbs.twimg.com/profile_images/958324079978799105/igA_wSjs_normal.jpg","profile_image_url_https":"https://pbs.twimg.com/profile_images/958324079978799105/igA_wSjs_normal.jpg","profile_banner_url":"https://pbs.twimg.com/profile_banners/82322622/1536926339","default_profile":false,"default_profile_image":false,"following":null,"follow_request_sent":null,"notifications":null},"geo":null,"coordinates":null,"place":null,"contributors":null,"is_quote_status":false,"extended_tweet":{"full_text":"#Singapore: una gara difficile a conclusione di un weekend complicato. Torneremo più forti in Russia!  Le dichiarazioni del team e dei piloti: https://t.co/XWcD9Sb1ED https://t.co/BWSL566rCx","display_text_range":[0,166],"entities":{"hashtags":[{"text":"Singapore","indices":[0,10]}],"urls":[{"url":"https://t.co/XWcD9Sb1ED","expanded_url":"https://win.gs/2OtBlSm","display_url":"win.gs/2OtBlSm","indices":[143,166]}],"user_mentions":[],"symbols":[],"media":[{"id":1041381613580570600,"id_str":"1041381613580570624","indices":[167,190],"media_url":"http://pbs.twimg.com/media/DnO7D2EX0AAKKAC.jpg","media_url_https":"https://pbs.twimg.com/media/DnO7D2EX0AAKKAC.jpg","url":"https://t.co/BWSL566rCx","display_url":"pic.twitter.com/BWSL566rCx","expanded_url":"https://twitter.com/ToroRosso/status/1041381624221523968/photo/1","type":"photo","sizes":{"medium":{"w":1200,"h":800,"resize":"fit"},"thumb":{"w":150,"h":150,"resize":"crop"},"large":{"w":2048,"h":1366,"resize":"fit"},"small":{"w":680,"h":453,"resize":"fit"}}}]},"extended_entities":{"media":[{"id":1041381613580570600,"id_str":"1041381613580570624","indices":[167,190],"media_url":"http://pbs.twimg.com/media/DnO7D2EX0AAKKAC.jpg","media_url_https":"https://pbs.twimg.com/media/DnO7D2EX0AAKKAC.jpg","url":"https://t.co/BWSL566rCx","display_url":"pic.twitter.com/BWSL566rCx","expanded_url":"https://twitter.com/ToroRosso/status/1041381624221523968/photo/1","type":"photo","sizes":{"medium":{"w":1200,"h":800,"resize":"fit"},"thumb":{"w":150,"h":150,"resize":"crop"},"large":{"w":2048,"h":1366,"resize":"fit"},"small":{"w":680,"h":453,"resize":"fit"}}}]}},"quote_count":1,"reply_count":0,"retweet_count":18,"favorite_count":123,"entities":{"hashtags":[{"text":"Singapore","indices":[0,10]}],"urls":[{"url":"https://t.co/J9khOx84pq","expanded_url":"https://twitter.com/i/web/status/1041381624221523968","display_url":"twitter.com/i/web/status/1…","indices":[117,140]}],"user_mentions":[],"symbols":[]},"favorited":false,"retweeted":false,"possibly_sensitive":false,"filter_level":"low","lang":"it"},"is_quote_status":false,"quote_count":0,"reply_count":0,"retweet_count":0,"favorite_count":0,"entities":{"hashtags":[{"text":"Singapore","indices":[15,25]}],"urls":[],"user_mentions":[{"screen_name":"ToroRosso","name":"Toro Rosso","id":82322622,"id_str":"82322622","indices":[3,13]}],"symbols":[]},"favorited":false,"retweeted":false,"filter_level":"low","lang":"it","timestamp_ms":"1537267216386"}