{"created_at":"Tue Sep 18 10:54:35 +0000 2018","id":1042003947542720500,"id_str":"1042003947542720512","text":"Today we celebrated🎉🎉🎉 the second day of #innovation and #tech at #SWITCHSingapore2018! Our amazing Head of LeadSpo… https://t.co/EaZdvXQ0cw","display_text_range":[0,140],"source":"<a href=\"http://twitter.com\" rel=\"nofollow\">Twitter Web Client</a>","truncated":true,"in_reply_to_status_id":null,"in_reply_to_status_id_str":null,"in_reply_to_user_id":null,"in_reply_to_user_id_str":null,"in_reply_to_screen_name":null,"user":{"id":2594888203,"id_str":"2594888203","name":"LeadSpotting","screen_name":"LeadSpotting","location":"Singapore, Israel, Taiwan","url":"http://www.leadspotting.com","description":"Discover new lead #opportunities through simple, high-quality, targeted #leads straight to your inbox. #LeadGeneration #SalesIntelligence #BusinessIntelligence","translator_type":"none","protected":false,"verified":false,"followers_count":57,"friends_count":112,"listed_count":33,"favourites_count":22,"statuses_count":137,"created_at":"Sun Jun 29 14:23:14 +0000 2014","utc_offset":null,"time_zone":null,"geo_enabled":false,"lang":"en","contributors_enabled":false,"is_translator":false,"profile_background_color":"C0DEED","profile_background_image_url":"http://abs.twimg.com/images/themes/theme1/bg.png","profile_background_image_url_https":"https://abs.twimg.com/images/themes/theme1/bg.png","profile_background_tile":false,"profile_link_color":"1DA1F2","profile_sidebar_border_color":"C0DEED","profile_sidebar_fill_color":"DDEEF6","profile_text_color":"333333","profile_use_background_image":true,"profile_image_url":"http://pbs.twimg.com/profile_images/664451540405518336/6CgPpJ_X_normal.jpg","profile_image_url_https":"https://pbs.twimg.com/profile_images/664451540405518336/6CgPpJ_X_normal.jpg","profile_banner_url":"https://pbs.twimg.com/profile_banners/2594888203/1529325317","default_profile":true,"default_profile_image":false,"following":null,"follow_request_sent":null,"notifications":null},"geo":null,"coordinates":null,"place":null,"contributors":null,"is_quote_status":false,"extended_tweet":{"full_text":"Today we celebrated🎉🎉🎉 the second day of #innovation and #tech at #SWITCHSingapore2018! Our amazing Head of LeadSpotting's office in Singapore Amos Avner delivered a fascinating presentation of LeadSpotting's innovative #solutions!📢 \n#startups #startupsAsia #Singapore https://t.co/ffVWIMANMb","display_text_range":[0,268],"entities":{"hashtags":[{"text":"innovation","indices":[41,52]},{"text":"tech","indices":[57,62]},{"text":"SWITCHSingapore2018","indices":[66,86]},{"text":"solutions","indices":[220,230]},{"text":"startups","indices":[234,243]},{"text":"startupsAsia","indices":[244,257]},{"text":"Singapore","indices":[258,268]}],"urls":[],"user_mentions":[],"symbols":[],"media":[{"id":1042003901602574300,"id_str":"1042003901602574336","indices":[269,292],"media_url":"http://pbs.twimg.com/media/DnXxBxmXsAADAC5.jpg","media_url_https":"https://pbs.twimg.com/media/DnXxBxmXsAADAC5.jpg","url":"https://t.co/ffVWIMANMb","display_url":"pic.twitter.com/ffVWIMANMb","expanded_url":"https://twitter.com/LeadSpotting/status/1042003947542720512/photo/1","type":"photo","sizes":{"medium":{"w":945,"h":756,"resize":"fit"},"thumb":{"w":150,"h":150,"resize":"crop"},"large":{"w":945,"h":756,"resize":"fit"},"small":{"w":680,"h":544,"resize":"fit"}}}]},"extended_entities":{"media":[{"id":1042003901602574300,"id_str":"1042003901602574336","indices":[269,292],"media_url":"http://pbs.twimg.com/media/DnXxBxmXsAADAC5.jpg","media_url_https":"https://pbs.twimg.com/media/DnXxBxmXsAADAC5.jpg","url":"https://t.co/ffVWIMANMb","display_url":"pic.twitter.com/ffVWIMANMb","expanded_url":"https://twitter.com/LeadSpotting/status/1042003947542720512/photo/1","type":"photo","sizes":{"medium":{"w":945,"h":756,"resize":"fit"},"thumb":{"w":150,"h":150,"resize":"crop"},"large":{"w":945,"h":756,"resize":"fit"},"small":{"w":680,"h":544,"resize":"fit"}}}]}},"quote_count":0,"reply_count":0,"retweet_count":0,"favorite_count":0,"entities":{"hashtags":[{"text":"innovation","indices":[41,52]},{"text":"tech","indices":[57,62]},{"text":"SWITCHSingapore2018","indices":[66,86]}],"urls":[{"url":"https://t.co/EaZdvXQ0cw","expanded_url":"https://twitter.com/i/web/status/1042003947542720512","display_url":"twitter.com/i/web/status/1…","indices":[117,140]}],"user_mentions":[],"symbols":[]},"favorited":false,"retweeted":false,"possibly_sensitive":false,"filter_level":"low","lang":"en","timestamp_ms":"1537268075248"}