{"created_at":"Tue Sep 18 11:01:45 +0000 2018","id":1042005751781318700,"id_str":"1042005751781318656","text":"RT @AmiePortal: Most Beautiful Places You Must Visit Before You Die!\n#BoraBora #nature #place \n#Infinite #Pool, #Hotel #Marina Bay #Sands,…","source":"<a href=\"http://twitter.com/download/android\" rel=\"nofollow\">Twitter for Android</a>","truncated":false,"in_reply_to_status_id":null,"in_reply_to_status_id_str":null,"in_reply_to_user_id":null,"in_reply_to_user_id_str":null,"in_reply_to_screen_name":null,"user":{"id":727863987661058000,"id_str":"727863987661058048","name":"Marcia#BetaLabSDV","screen_name":"marcia_abe","location":"São Paulo, Brasil","url":null,"description":"http://br.pinterest.com/marciaabe1973/","translator_type":"none","protected":false,"verified":false,"followers_count":6798,"friends_count":6741,"listed_count":0,"favourites_count":8111,"statuses_count":19654,"created_at":"Wed May 04 14:14:32 +0000 2016","utc_offset":null,"time_zone":null,"geo_enabled":true,"lang":"pt","contributors_enabled":false,"is_translator":false,"profile_background_color":"F5F8FA","profile_background_image_url":"","profile_background_image_url_https":"","profile_background_tile":false,"profile_link_color":"1DA1F2","profile_sidebar_border_color":"C0DEED","profile_sidebar_fill_color":"DDEEF6","profile_text_color":"333333","profile_use_background_image":true,"profile_image_url":"http://pbs.twimg.com/profile_images/889654039922831361/PKP2XisL_normal.jpg","profile_image_url_https":"https://pbs.twimg.com/profile_images/889654039922831361/PKP2XisL_normal.jpg","profile_banner_url":"https://pbs.twimg.com/profile_banners/727863987661058048/1500841382","default_profile":true,"default_profile_image":false,"following":null,"follow_request_sent":null,"notifications":null},"geo":null,"coordinates":null,"place":null,"contributors":null,"retweeted_status":{"created_at":"Thu Sep 13 12:53:21 +0000 2018","id":1040221899823960000,"id_str":"1040221899823960064","text":"Most Beautiful Places You Must Visit Before You Die!\n#BoraBora #nature #place \n#Infinite #Pool, #Hotel #Marina Bay… https://t.co/YVyOpVlvkz","display_text_range":[0,140],"source":"<a href=\"http://twitter.com\" rel=\"nofollow\">Twitter Web Client</a>","truncated":true,"in_reply_to_status_id":null,"in_reply_to_status_id_str":null,"in_reply_to_user_id":null,"in_reply_to_user_id_str":null,"in_reply_to_screen_name":null,"user":{"id":1012398018803523600,"id_str":"1012398018803523584","name":"Amie Hansen","screen_name":"AmiePortal","location":"Virginia, USA","url":null,"description":"You find amazing up and coming Designers, Re-invented Vintage, in a Edgy, Funky Fun, Bold way, Fashion. Its Closet Freak Baby, Yea","translator_type":"none","protected":false,"verified":false,"followers_count":1295,"friends_count":3952,"listed_count":2,"favourites_count":3819,"statuses_count":3872,"created_at":"Thu Jun 28 18:11:11 +0000 2018","utc_offset":null,"time_zone":null,"geo_enabled":false,"lang":"en","contributors_enabled":false,"is_translator":false,"profile_background_color":"F5F8FA","profile_background_image_url":"","profile_background_image_url_https":"","profile_background_tile":false,"profile_link_color":"1DA1F2","profile_sidebar_border_color":"C0DEED","profile_sidebar_fill_color":"DDEEF6","profile_text_color":"333333","profile_use_background_image":true,"profile_image_url":"http://pbs.twimg.com/profile_images/1019117770645045248/GGdpo183_normal.jpg","profile_image_url_https":"https://pbs.twimg.com/profile_images/1019117770645045248/GGdpo183_normal.jpg","profile_banner_url":"https://pbs.twimg.com/profile_banners/1012398018803523584/1531811496","default_profile":true,"default_profile_image":false,"following":null,"follow_request_sent":null,"notifications":null},"geo":null,"coordinates":null,"place":null,"contributors":null,"is_quote_status":false,"extended_tweet":{"full_text":"Most Beautiful Places You Must Visit Before You Die!\n#BoraBora #nature #place \n#Infinite #Pool, #Hotel #Marina Bay #Sands, #Singapore\n#Westin #Maui #Resort &amp; #Spa #Hawaii https://t.co/1xEBfVVdp3","display_text_range":[0,174],"entities":{"hashtags":[{"text":"BoraBora","indices":[53,62]},{"text":"nature","indices":[63,70]},{"text":"place","indices":[71,77]},{"text":"Infinite","indices":[79,88]},{"text":"Pool","indices":[89,94]},{"text":"Hotel","indices":[96,102]},{"text":"Marina","indices":[103,110]},{"text":"Sands","indices":[115,121]},{"text":"Singapore","indices":[123,133]},{"text":"Westin","indices":[134,141]},{"text":"Maui","indices":[142,147]},{"text":"Resort","indices":[148,155]},{"text":"Spa","indices":[162,166]},{"text":"Hawaii","indices":[167,174]}],"urls":[],"user_mentions":[],"symbols":[],"media":[{"id":1040221333131591700,"id_str":"1040221333131591680","indices":[175,198],"media_url":"http://pbs.twimg.com/media/Dm-byokXgAAPCiA.jpg","media_url_https":"https://pbs.twimg.com/media/Dm-byokXgAAPCiA.jpg","url":"https://t.co/1xEBfVVdp3","display_url":"pic.twitter.com/1xEBfVVdp3","expanded_url":"https://twitter.com/AmiePortal/status/1040221899823960064/photo/1","type":"photo","sizes":{"thumb":{"w":150,"h":150,"resize":"crop"},"small":{"w":620,"h":465,"resize":"fit"},"large":{"w":620,"h":465,"resize":"fit"},"medium":{"w":620,"h":465,"resize":"fit"}}},{"id":1040221632369967100,"id_str":"1040221632369967111","indices":[175,198],"media_url":"http://pbs.twimg.com/media/Dm-cEDUWwAc8ErN.jpg","media_url_https":"https://pbs.twimg.com/media/Dm-cEDUWwAc8ErN.jpg","url":"https://t.co/1xEBfVVdp3","display_url":"pic.twitter.com/1xEBfVVdp3","expanded_url":"https://twitter.com/AmiePortal/status/1040221899823960064/photo/1","type":"photo","sizes":{"large":{"w":500,"h":332,"resize":"fit"},"thumb":{"w":150,"h":150,"resize":"crop"},"small":{"w":500,"h":332,"resize":"fit"},"medium":{"w":500,"h":332,"resize":"fit"}}},{"id":1040221847248359400,"id_str":"1040221847248359426","indices":[175,198],"media_url":"http://pbs.twimg.com/media/Dm-cQjzW0AIhUbA.jpg","media_url_https":"https://pbs.twimg.com/media/Dm-cQjzW0AIhUbA.jpg","url":"https://t.co/1xEBfVVdp3","display_url":"pic.twitter.com/1xEBfVVdp3","expanded_url":"https://twitter.com/AmiePortal/status/1040221899823960064/photo/1","type":"photo","sizes":{"thumb":{"w":150,"h":150,"resize":"crop"},"small":{"w":543,"h":680,"resize":"fit"},"large":{"w":553,"h":692,"resize":"fit"},"medium":{"w":553,"h":692,"resize":"fit"}}}]},"extended_entities":{"media":[{"id":1040221333131591700,"id_str":"1040221333131591680","indices":[175,198],"media_url":"http://pbs.twimg.com/media/Dm-byokXgAAPCiA.jpg","media_url_https":"https://pbs.twimg.com/media/Dm-byokXgAAPCiA.jpg","url":"https://t.co/1xEBfVVdp3","display_url":"pic.twitter.com/1xEBfVVdp3","expanded_url":"https://twitter.com/AmiePortal/status/1040221899823960064/photo/1","type":"photo","sizes":{"thumb":{"w":150,"h":150,"resize":"crop"},"small":{"w":620,"h":465,"resize":"fit"},"large":{"w":620,"h":465,"resize":"fit"},"medium":{"w":620,"h":465,"resize":"fit"}}},{"id":1040221632369967100,"id_str":"1040221632369967111","indices":[175,198],"media_url":"http://pbs.twimg.com/media/Dm-cEDUWwAc8ErN.jpg","media_url_https":"https://pbs.twimg.com/media/Dm-cEDUWwAc8ErN.jpg","url":"https://t.co/1xEBfVVdp3","display_url":"pic.twitter.com/1xEBfVVdp3","expanded_url":"https://twitter.com/AmiePortal/status/1040221899823960064/photo/1","type":"photo","sizes":{"large":{"w":500,"h":332,"resize":"fit"},"thumb":{"w":150,"h":150,"resize":"crop"},"small":{"w":500,"h":332,"resize":"fit"},"medium":{"w":500,"h":332,"resize":"fit"}}},{"id":1040221847248359400,"id_str":"1040221847248359426","indices":[175,198],"media_url":"http://pbs.twimg.com/media/Dm-cQjzW0AIhUbA.jpg","media_url_https":"https://pbs.twimg.com/media/Dm-cQjzW0AIhUbA.jpg","url":"https://t.co/1xEBfVVdp3","display_url":"pic.twitter.com/1xEBfVVdp3","expanded_url":"https://twitter.com/AmiePortal/status/1040221899823960064/photo/1","type":"photo","sizes":{"thumb":{"w":150,"h":150,"resize":"crop"},"small":{"w":543,"h":680,"resize":"fit"},"large":{"w":553,"h":692,"resize":"fit"},"medium":{"w":553,"h":692,"resize":"fit"}}}]}},"quote_count":0,"reply_count":3,"retweet_count":39,"favorite_count":87,"entities":{"hashtags":[{"text":"BoraBora","indices":[53,62]},{"text":"nature","indices":[63,70]},{"text":"place","indices":[71,77]},{"text":"Infinite","indices":[79,88]},{"text":"Pool","indices":[89,94]},{"text":"Hotel","indices":[96,102]},{"text":"Marina","indices":[103,110]}],"urls":[{"url":"https://t.co/YVyOpVlvkz","expanded_url":"https://twitter.com/i/web/status/1040221899823960064","display_url":"twitter.com/i/web/status/1…","indices":[116,139]}],"user_mentions":[],"symbols":[]},"favorited":false,"retweeted":false,"possibly_sensitive":false,"filter_level":"low","lang":"en"},"is_quote_status":false,"quote_count":0,"reply_count":0,"retweet_count":0,"favorite_count":0,"entities":{"hashtags":[{"text":"BoraBora","indices":[69,78]},{"text":"nature","indices":[79,86]},{"text":"place","indices":[87,93]},{"text":"Infinite","indices":[95,104]},{"text":"Pool","indices":[105,110]},{"text":"Hotel","indices":[112,118]},{"text":"Marina","indices":[119,126]},{"text":"Sands","indices":[131,137]}],"urls":[],"user_mentions":[{"screen_name":"AmiePortal","name":"Amie Hansen","id":1012398018803523600,"id_str":"1012398018803523584","indices":[3,14]}],"symbols":[]},"favorited":false,"retweeted":false,"filter_level":"low","lang":"en","timestamp_ms":"1537268505412"}