{"created_at":"Tue Sep 18 10:40:18 +0000 2018","id":1042000354718539800,"id_str":"1042000354718539776","text":"Jetting Buy 2 Luminous Glow in the Dark Joystick Thumbstick Caps Cover for Sony PS4 - https://t.co/IlZOi7ff8z #singapore only","source":"<a href=\"http://twittbot.net/\" rel=\"nofollow\">twittbot.net</a>","truncated":false,"in_reply_to_status_id":null,"in_reply_to_status_id_str":null,"in_reply_to_user_id":null,"in_reply_to_user_id_str":null,"in_reply_to_screen_name":null,"user":{"id":841471285959962600,"id_str":"841471285959962625","name":"tita soesanto","screen_name":"tita_soesanto","location":"Jakarta Pusat, DKI Jakarta","url":null,"description":"just advertising only - thank","translator_type":"none","protected":false,"verified":false,"followers_count":10,"friends_count":1,"listed_count":0,"favourites_count":0,"statuses_count":12901,"created_at":"Tue Mar 14 02:09:23 +0000 2017","utc_offset":null,"time_zone":null,"geo_enabled":false,"lang":"en","contributors_enabled":false,"is_translator":false,"profile_background_color":"F5F8FA","profile_background_image_url":"","profile_background_image_url_https":"","profile_background_tile":false,"profile_link_color":"1DA1F2","profile_sidebar_border_color":"C0DEED","profile_sidebar_fill_color":"DDEEF6","profile_text_color":"333333","profile_use_background_image":true,"profile_image_url":"http://pbs.twimg.com/profile_images/841472543672299520/B_fYV285_normal.jpg","profile_image_url_https":"https://pbs.twimg.com/profile_images/841472543672299520/B_fYV285_normal.jpg","default_profile":true,"default_profile_image":false,"following":null,"follow_request_sent":null,"notifications":null},"geo":null,"coordinates":null,"place":null,"contributors":null,"is_quote_status":false,"quote_count":0,"reply_count":0,"retweet_count":0,"favorite_count":0,"entities":{"hashtags":[{"text":"singapore","indices":[110,120]}],"urls":[{"url":"https://t.co/IlZOi7ff8z","expanded_url":"http://singprice.gq/jetting-buy-2-lu","display_url":"singprice.gq/jetting-buy-2-…","indices":[86,109]}],"user_mentions":[],"symbols":[]},"favorited":false,"retweeted":false,"possibly_sensitive":false,"filter_level":"low","lang":"en","timestamp_ms":"1537267218652"}