{"created_at":"Tue Sep 18 10:54:38 +0000 2018","id":1042003960608038900,"id_str":"1042003960608038913","text":"RT @LendLedger: Exciting news LendLedger will be at Blockchain Pioneers Summit (https://t.co/1BGcpYXWJ7 )\non September 21st in Singapore -…","source":"<a href=\"http://twitter.com\" rel=\"nofollow\">Twitter Web Client</a>","truncated":false,"in_reply_to_status_id":null,"in_reply_to_status_id_str":null,"in_reply_to_user_id":null,"in_reply_to_user_id_str":null,"in_reply_to_screen_name":null,"user":{"id":126711467,"id_str":"126711467","name":"Blossom Teeth","screen_name":"blossomteeth","location":"Kenya","url":null,"description":"Affordable Dentistry care for poverty stricken citizens","translator_type":"none","protected":false,"verified":false,"followers_count":2375,"friends_count":5,"listed_count":3,"favourites_count":1184,"statuses_count":2573,"created_at":"Fri Mar 26 19:08:16 +0000 2010","utc_offset":null,"time_zone":null,"geo_enabled":false,"lang":"en","contributors_enabled":false,"is_translator":false,"profile_background_color":"ACDED6","profile_background_image_url":"http://abs.twimg.com/images/themes/theme18/bg.gif","profile_background_image_url_https":"https://abs.twimg.com/images/themes/theme18/bg.gif","profile_background_tile":false,"profile_link_color":"038543","profile_sidebar_border_color":"EEEEEE","profile_sidebar_fill_color":"F6F6F6","profile_text_color":"333333","profile_use_background_image":true,"profile_image_url":"http://pbs.twimg.com/profile_images/991005492515295232/G79NFEwm_normal.jpg","profile_image_url_https":"https://pbs.twimg.com/profile_images/991005492515295232/G79NFEwm_normal.jpg","profile_banner_url":"https://pbs.twimg.com/profile_banners/126711467/1525109116","default_profile":false,"default_profile_image":false,"following":null,"follow_request_sent":null,"notifications":null},"geo":null,"coordinates":null,"place":null,"contributors":null,"retweeted_status":{"created_at":"Mon Sep 17 16:13:05 +0000 2018","id":1041721711874531300,"id_str":"1041721711874531328","text":"Exciting news LendLedger will be at Blockchain Pioneers Summit (https://t.co/1BGcpYXWJ7 )\non September 21st in Sing… https://t.co/GF2WkBiuJK","display_text_range":[0,140],"source":"<a href=\"http://twitter.com\" rel=\"nofollow\">Twitter Web Client</a>","truncated":true,"in_reply_to_status_id":null,"in_reply_to_status_id_str":null,"in_reply_to_user_id":null,"in_reply_to_user_id_str":null,"in_reply_to_screen_name":null,"user":{"id":1000099799507419100,"id_str":"1000099799507419136","name":"LendLedger","screen_name":"LendLedger","location":"New York, NY","url":"http://lendledger.io","description":"Open network on Blockchain solving trillion-dollar lending gaps. Join us on Telegram for immediate updates 👉https://t.me/lendledger","translator_type":"none","protected":false,"verified":false,"followers_count":1638,"friends_count":248,"listed_count":45,"favourites_count":95,"statuses_count":167,"created_at":"Fri May 25 19:42:27 +0000 2018","utc_offset":null,"time_zone":null,"geo_enabled":false,"lang":"en","contributors_enabled":false,"is_translator":false,"profile_background_color":"000000","profile_background_image_url":"http://abs.twimg.com/images/themes/theme1/bg.png","profile_background_image_url_https":"https://abs.twimg.com/images/themes/theme1/bg.png","profile_background_tile":false,"profile_link_color":"102B54","profile_sidebar_border_color":"000000","profile_sidebar_fill_color":"000000","profile_text_color":"000000","profile_use_background_image":false,"profile_image_url":"http://pbs.twimg.com/profile_images/1002671070283878400/ESkpD6Nn_normal.jpg","profile_image_url_https":"https://pbs.twimg.com/profile_images/1002671070283878400/ESkpD6Nn_normal.jpg","profile_banner_url":"https://pbs.twimg.com/profile_banners/1000099799507419136/1530976125","default_profile":false,"default_profile_image":false,"following":null,"follow_request_sent":null,"notifications":null},"geo":null,"coordinates":null,"place":null,"contributors":null,"is_quote_status":false,"extended_tweet":{"full_text":"Exciting news LendLedger will be at Blockchain Pioneers Summit (https://t.co/1BGcpYXWJ7 )\non September 21st in Singapore - come and meet us! #blockchain #Singapore #Stellar https://t.co/WGQkxMLFTU","display_text_range":[0,172],"entities":{"hashtags":[{"text":"blockchain","indices":[141,152]},{"text":"Singapore","indices":[153,163]},{"text":"Stellar","indices":[164,172]}],"urls":[{"url":"https://t.co/1BGcpYXWJ7","expanded_url":"http://www.blockchainpioneerssummit.com","display_url":"blockchainpioneerssummit.com","indices":[64,87]}],"user_mentions":[],"symbols":[],"media":[{"id":1041711773399871500,"id_str":"1041711773399871488","indices":[173,196],"media_url":"http://pbs.twimg.com/media/DnTnVrPXcAAz-D0.jpg","media_url_https":"https://pbs.twimg.com/media/DnTnVrPXcAAz-D0.jpg","url":"https://t.co/WGQkxMLFTU","display_url":"pic.twitter.com/WGQkxMLFTU","expanded_url":"https://twitter.com/LendLedger/status/1041721711874531328/photo/1","type":"photo","sizes":{"medium":{"w":794,"h":1123,"resize":"fit"},"thumb":{"w":150,"h":150,"resize":"crop"},"small":{"w":481,"h":680,"resize":"fit"},"large":{"w":794,"h":1123,"resize":"fit"}}}]},"extended_entities":{"media":[{"id":1041711773399871500,"id_str":"1041711773399871488","indices":[173,196],"media_url":"http://pbs.twimg.com/media/DnTnVrPXcAAz-D0.jpg","media_url_https":"https://pbs.twimg.com/media/DnTnVrPXcAAz-D0.jpg","url":"https://t.co/WGQkxMLFTU","display_url":"pic.twitter.com/WGQkxMLFTU","expanded_url":"https://twitter.com/LendLedger/status/1041721711874531328/photo/1","type":"photo","sizes":{"medium":{"w":794,"h":1123,"resize":"fit"},"thumb":{"w":150,"h":150,"resize":"crop"},"small":{"w":481,"h":680,"resize":"fit"},"large":{"w":794,"h":1123,"resize":"fit"}}}]}},"quote_count":1,"reply_count":2,"retweet_count":474,"favorite_count":216,"entities":{"hashtags":[],"urls":[{"url":"https://t.co/1BGcpYXWJ7","expanded_url":"http://www.blockchainpioneerssummit.com","display_url":"blockchainpioneerssummit.com","indices":[64,87]},{"url":"https://t.co/GF2WkBiuJK","expanded_url":"https://twitter.com/i/web/status/1041721711874531328","display_url":"twitter.com/i/web/status/1…","indices":[117,140]}],"user_mentions":[],"symbols":[]},"favorited":false,"retweeted":false,"possibly_sensitive":false,"filter_level":"low","lang":"en"},"is_quote_status":false,"quote_count":0,"reply_count":0,"retweet_count":0,"favorite_count":0,"entities":{"hashtags":[],"urls":[{"url":"https://t.co/1BGcpYXWJ7","expanded_url":"http://www.blockchainpioneerssummit.com","display_url":"blockchainpioneerssummit.com","indices":[80,103]}],"user_mentions":[{"screen_name":"LendLedger","name":"LendLedger","id":1000099799507419100,"id_str":"1000099799507419136","indices":[3,14]}],"symbols":[]},"favorited":false,"retweeted":false,"possibly_sensitive":false,"filter_level":"low","lang":"en","timestamp_ms":"1537268078363"}