{"created_at":"Tue Sep 18 11:23:18 +0000 2018","id":1042011174932492300,"id_str":"1042011174932492289","text":"Let’s have a fun!!!! #specialevent #jaansg #singapore #ilristorantelucafantin #asias50best @ Singapore https://t.co/orzJ539jr5","source":"<a href=\"http://instagram.com\" rel=\"nofollow\">Instagram</a>","truncated":false,"in_reply_to_status_id":null,"in_reply_to_status_id_str":null,"in_reply_to_user_id":null,"in_reply_to_user_id_str":null,"in_reply_to_screen_name":null,"user":{"id":502254699,"id_str":"502254699","name":"luca fantin","screen_name":"fantin_luca","location":"tokyo","url":"http://www.bulgarihotels.com/en-us/tokyo-restaurants/ginza/il-ristorante/il-ristorante","description":"executive chef bulgari tokyo restaurant","translator_type":"none","protected":false,"verified":false,"followers_count":848,"friends_count":1288,"listed_count":19,"favourites_count":222,"statuses_count":1448,"created_at":"Fri Feb 24 23:41:30 +0000 2012","utc_offset":null,"time_zone":null,"geo_enabled":true,"lang":"it","contributors_enabled":false,"is_translator":false,"profile_background_color":"C0DEED","profile_background_image_url":"http://abs.twimg.com/images/themes/theme1/bg.png","profile_background_image_url_https":"https://abs.twimg.com/images/themes/theme1/bg.png","profile_background_tile":false,"profile_link_color":"1DA1F2","profile_sidebar_border_color":"C0DEED","profile_sidebar_fill_color":"DDEEF6","profile_text_color":"333333","profile_use_background_image":true,"profile_image_url":"http://pbs.twimg.com/profile_images/1938767649/image_normal.jpg","profile_image_url_https":"https://pbs.twimg.com/profile_images/1938767649/image_normal.jpg","default_profile":true,"default_profile_image":false,"following":null,"follow_request_sent":null,"notifications":null},"geo":{"type":"Point","coordinates":[1.29306,103.856]},"coordinates":{"type":"Point","coordinates":[103.856,1.29306]},"place":{"id":"58a4c3a0d54e1400","url":"https://api.twitter.com/1.1/geo/id/58a4c3a0d54e1400.json","place_type":"admin","name":"中区","full_name":"中区, 新加坡","country_code":"SG","country":"新加坡","bounding_box":{"type":"Polygon","coordinates":[[[103.74996,1.212314],[103.74996,1.368745],[103.918427,1.368745],[103.918427,1.212314]]]},"attributes":{}},"contributors":null,"is_quote_status":false,"quote_count":0,"reply_count":0,"retweet_count":0,"favorite_count":0,"entities":{"hashtags":[{"text":"specialevent","indices":[21,34]},{"text":"jaansg","indices":[35,42]},{"text":"singapore","indices":[43,53]},{"text":"ilristorantelucafantin","indices":[54,77]},{"text":"asias50best","indices":[78,90]}],"urls":[{"url":"https://t.co/orzJ539jr5","expanded_url":"https://www.instagram.com/p/Bn3ZrE0BMuU/?utm_source=ig_twitter_share&igshid=8wggb8zp2smj","display_url":"instagram.com/p/Bn3ZrE0BMuU/…","indices":[103,126]}],"user_mentions":[],"symbols":[]},"favorited":false,"retweeted":false,"possibly_sensitive":false,"filter_level":"low","lang":"en","timestamp_ms":"1537269798392"}