{"created_at":"Tue Sep 18 10:26:04 +0000 2018","id":1041996773445623800,"id_str":"1041996773445623809","text":"RT @HWPL_Chicago: #Singapore loves #Peace - Thanks for watching! https://t.co/uYBWiZ9DUr https://t.co/1AF6qPPlll","source":"<a href=\"http://twitter.com\" rel=\"nofollow\">Twitter Web Client</a>","truncated":false,"in_reply_to_status_id":null,"in_reply_to_status_id_str":null,"in_reply_to_user_id":null,"in_reply_to_user_id_str":null,"in_reply_to_screen_name":null,"user":{"id":2609425334,"id_str":"2609425334","name":"starsung","screen_name":"dhzpdlrnt","location":null,"url":null,"description":null,"translator_type":"none","protected":false,"verified":false,"followers_count":240,"friends_count":415,"listed_count":11,"favourites_count":389,"statuses_count":1840,"created_at":"Mon Jul 07 11:12:06 +0000 2014","utc_offset":null,"time_zone":null,"geo_enabled":false,"lang":"ko","contributors_enabled":false,"is_translator":false,"profile_background_color":"C0DEED","profile_background_image_url":"http://abs.twimg.com/images/themes/theme1/bg.png","profile_background_image_url_https":"https://abs.twimg.com/images/themes/theme1/bg.png","profile_background_tile":false,"profile_link_color":"1DA1F2","profile_sidebar_border_color":"C0DEED","profile_sidebar_fill_color":"DDEEF6","profile_text_color":"333333","profile_use_background_image":true,"profile_image_url":"http://pbs.twimg.com/profile_images/636714009341788160/k58shaLP_normal.jpg","profile_image_url_https":"https://pbs.twimg.com/profile_images/636714009341788160/k58shaLP_normal.jpg","default_profile":true,"default_profile_image":false,"following":null,"follow_request_sent":null,"notifications":null},"geo":null,"coordinates":null,"place":null,"contributors":null,"retweeted_status":{"created_at":"Tue Sep 18 08:51:51 +0000 2018","id":1041973063796097000,"id_str":"1041973063796097024","text":"#Singapore loves #Peace - Thanks for watching! https://t.co/uYBWiZ9DUr https://t.co/1AF6qPPlll","display_text_range":[0,70],"source":"<a href=\"http://twitter.com/download/iphone\" rel=\"nofollow\">Twitter for iPhone</a>","truncated":false,"in_reply_to_status_id":null,"in_reply_to_status_id_str":null,"in_reply_to_user_id":null,"in_reply_to_user_id_str":null,"in_reply_to_screen_name":null,"user":{"id":2462843036,"id_str":"2462843036","name":"HWPL WORLD PEACE","screen_name":"HWPL_Chicago","location":"RT/Following ≠ Endorsement","url":"http://peacelaw.org","description":"Heavenly Culture, World Peace, Restoration of Light (HWPL) is a non-governmental organization whose mandate is to put an end to war and restore world peace.","translator_type":"none","protected":false,"verified":false,"followers_count":6244,"friends_count":3783,"listed_count":61,"favourites_count":3367,"statuses_count":6068,"created_at":"Fri Apr 25 07:30:41 +0000 2014","utc_offset":null,"time_zone":null,"geo_enabled":true,"lang":"en","contributors_enabled":false,"is_translator":false,"profile_background_color":"C0DEED","profile_background_image_url":"http://abs.twimg.com/images/themes/theme1/bg.png","profile_background_image_url_https":"https://abs.twimg.com/images/themes/theme1/bg.png","profile_background_tile":false,"profile_link_color":"732EDB","profile_sidebar_border_color":"C0DEED","profile_sidebar_fill_color":"DDEEF6","profile_text_color":"333333","profile_use_background_image":true,"profile_image_url":"http://pbs.twimg.com/profile_images/966174493235470336/pqtgzSjl_normal.jpg","profile_image_url_https":"https://pbs.twimg.com/profile_images/966174493235470336/pqtgzSjl_normal.jpg","profile_banner_url":"https://pbs.twimg.com/profile_banners/2462843036/1521093217","default_profile":false,"default_profile_image":false,"following":null,"follow_request_sent":null,"notifications":null},"geo":null,"coordinates":null,"place":null,"contributors":null,"is_quote_status":false,"quote_count":0,"reply_count":0,"retweet_count":14,"favorite_count":7,"entities":{"hashtags":[{"text":"Singapore","indices":[0,10]},{"text":"Peace","indices":[17,23]}],"urls":[{"url":"https://t.co/uYBWiZ9DUr","expanded_url":"https://m.youtube.com/watch?feature=share&v=nZo_76DrW4E","display_url":"m.youtube.com/watch?feature=…","indices":[47,70]}],"user_mentions":[],"symbols":[],"media":[{"id":1041973059559682000,"id_str":"1041973059559682049","indices":[71,94],"media_url":"http://pbs.twimg.com/media/DnXU-iCU8AEXj9a.jpg","media_url_https":"https://pbs.twimg.com/media/DnXU-iCU8AEXj9a.jpg","url":"https://t.co/1AF6qPPlll","display_url":"pic.twitter.com/1AF6qPPlll","expanded_url":"https://twitter.com/HWPL_Chicago/status/1041973063796097024/photo/1","type":"photo","sizes":{"thumb":{"w":150,"h":150,"resize":"crop"},"medium":{"w":1200,"h":675,"resize":"fit"},"small":{"w":680,"h":382,"resize":"fit"},"large":{"w":1334,"h":750,"resize":"fit"}}}]},"extended_entities":{"media":[{"id":1041973059559682000,"id_str":"1041973059559682049","indices":[71,94],"media_url":"http://pbs.twimg.com/media/DnXU-iCU8AEXj9a.jpg","media_url_https":"https://pbs.twimg.com/media/DnXU-iCU8AEXj9a.jpg","url":"https://t.co/1AF6qPPlll","display_url":"pic.twitter.com/1AF6qPPlll","expanded_url":"https://twitter.com/HWPL_Chicago/status/1041973063796097024/photo/1","type":"photo","sizes":{"thumb":{"w":150,"h":150,"resize":"crop"},"medium":{"w":1200,"h":675,"resize":"fit"},"small":{"w":680,"h":382,"resize":"fit"},"large":{"w":1334,"h":750,"resize":"fit"}}}]},"favorited":false,"retweeted":false,"possibly_sensitive":false,"filter_level":"low","lang":"en"},"is_quote_status":false,"quote_count":0,"reply_count":0,"retweet_count":0,"favorite_count":0,"entities":{"hashtags":[{"text":"Singapore","indices":[18,28]},{"text":"Peace","indices":[35,41]}],"urls":[{"url":"https://t.co/uYBWiZ9DUr","expanded_url":"https://m.youtube.com/watch?feature=share&v=nZo_76DrW4E","display_url":"m.youtube.com/watch?feature=…","indices":[65,88]}],"user_mentions":[{"screen_name":"HWPL_Chicago","name":"HWPL WORLD PEACE","id":2462843036,"id_str":"2462843036","indices":[3,16]}],"symbols":[],"media":[{"id":1041973059559682000,"id_str":"1041973059559682049","indices":[89,112],"media_url":"http://pbs.twimg.com/media/DnXU-iCU8AEXj9a.jpg","media_url_https":"https://pbs.twimg.com/media/DnXU-iCU8AEXj9a.jpg","url":"https://t.co/1AF6qPPlll","display_url":"pic.twitter.com/1AF6qPPlll","expanded_url":"https://twitter.com/HWPL_Chicago/status/1041973063796097024/photo/1","type":"photo","sizes":{"thumb":{"w":150,"h":150,"resize":"crop"},"medium":{"w":1200,"h":675,"resize":"fit"},"small":{"w":680,"h":382,"resize":"fit"},"large":{"w":1334,"h":750,"resize":"fit"}},"source_status_id":1041973063796097000,"source_status_id_str":"1041973063796097024","source_user_id":2462843036,"source_user_id_str":"2462843036"}]},"extended_entities":{"media":[{"id":1041973059559682000,"id_str":"1041973059559682049","indices":[89,112],"media_url":"http://pbs.twimg.com/media/DnXU-iCU8AEXj9a.jpg","media_url_https":"https://pbs.twimg.com/media/DnXU-iCU8AEXj9a.jpg","url":"https://t.co/1AF6qPPlll","display_url":"pic.twitter.com/1AF6qPPlll","expanded_url":"https://twitter.com/HWPL_Chicago/status/1041973063796097024/photo/1","type":"photo","sizes":{"thumb":{"w":150,"h":150,"resize":"crop"},"medium":{"w":1200,"h":675,"resize":"fit"},"small":{"w":680,"h":382,"resize":"fit"},"large":{"w":1334,"h":750,"resize":"fit"}},"source_status_id":1041973063796097000,"source_status_id_str":"1041973063796097024","source_user_id":2462843036,"source_user_id_str":"2462843036"}]},"favorited":false,"retweeted":false,"possibly_sensitive":false,"filter_level":"low","lang":"en","timestamp_ms":"1537266364810"}