{"created_at":"Tue Sep 18 11:16:12 +0000 2018","id":1042009387257221100,"id_str":"1042009387257221120","text":"SIA Engineering Company Ltd Is Trading At A 52-Week Low Price: Is It A Good… https://t.co/DDQrZGzdrL #sg #singapore","source":"<a href=\"https://www.google.com/\" rel=\"nofollow\">Google</a>","truncated":false,"in_reply_to_status_id":null,"in_reply_to_status_id_str":null,"in_reply_to_user_id":null,"in_reply_to_user_id_str":null,"in_reply_to_screen_name":null,"user":{"id":2311495554,"id_str":"2311495554","name":"WeInvest.net","screen_name":"WeInvestNet","location":"Singapore","url":"http://weinvest.net/","description":"The platform for investors to make informed investing decisions. Discover the best investments for your portfolio across Real Estate, Funds and Deposits.","translator_type":"none","protected":false,"verified":false,"followers_count":465,"friends_count":437,"listed_count":96,"favourites_count":203,"statuses_count":38753,"created_at":"Sun Jan 26 08:33:58 +0000 2014","utc_offset":null,"time_zone":null,"geo_enabled":false,"lang":"en","contributors_enabled":false,"is_translator":false,"profile_background_color":"F1F2F2","profile_background_image_url":"http://abs.twimg.com/images/themes/theme1/bg.png","profile_background_image_url_https":"https://abs.twimg.com/images/themes/theme1/bg.png","profile_background_tile":false,"profile_link_color":"1E84C5","profile_sidebar_border_color":"FFFFFF","profile_sidebar_fill_color":"DDEEF6","profile_text_color":"333333","profile_use_background_image":true,"profile_image_url":"http://pbs.twimg.com/profile_images/456455789675159553/av-6x4gj_normal.png","profile_image_url_https":"https://pbs.twimg.com/profile_images/456455789675159553/av-6x4gj_normal.png","profile_banner_url":"https://pbs.twimg.com/profile_banners/2311495554/1421724856","default_profile":false,"default_profile_image":false,"following":null,"follow_request_sent":null,"notifications":null},"geo":null,"coordinates":null,"place":null,"contributors":null,"is_quote_status":false,"quote_count":0,"reply_count":0,"retweet_count":0,"favorite_count":0,"entities":{"hashtags":[{"text":"sg","indices":[101,104]},{"text":"singapore","indices":[105,115]}],"urls":[{"url":"https://t.co/DDQrZGzdrL","expanded_url":"https://goo.gl/fb/geSPjU","display_url":"goo.gl/fb/geSPjU","indices":[77,100]}],"user_mentions":[],"symbols":[]},"favorited":false,"retweeted":false,"possibly_sensitive":false,"filter_level":"low","lang":"en","timestamp_ms":"1537269372177"}