{"created_at":"Tue Sep 18 11:09:08 +0000 2018","id":1042007612252872700,"id_str":"1042007612252872709","text":"Thank you so much.\nandomich \n#singapore https://t.co/ISgaYujEOB","source":"<a href=\"http://instagram.com\" rel=\"nofollow\">Instagram</a>","truncated":false,"in_reply_to_status_id":null,"in_reply_to_status_id_str":null,"in_reply_to_user_id":null,"in_reply_to_user_id_str":null,"in_reply_to_screen_name":null,"user":{"id":4537122864,"id_str":"4537122864","name":"Amjo Meneses 😺🐽","screen_name":"amjo_meneses","location":"Republic of the Philippines","url":null,"description":"As long as y0u have a Faith in God, you will always a G0od Christian..\n\nLove ang Serve the Lord 😇\n\nako to eh!!..\n\nvolleyball is life ❤","translator_type":"none","protected":false,"verified":false,"followers_count":19,"friends_count":116,"listed_count":0,"favourites_count":251,"statuses_count":661,"created_at":"Sat Dec 12 10:58:53 +0000 2015","utc_offset":null,"time_zone":null,"geo_enabled":true,"lang":"en","contributors_enabled":false,"is_translator":false,"profile_background_color":"F5F8FA","profile_background_image_url":"","profile_background_image_url_https":"","profile_background_tile":false,"profile_link_color":"1DA1F2","profile_sidebar_border_color":"C0DEED","profile_sidebar_fill_color":"DDEEF6","profile_text_color":"333333","profile_use_background_image":true,"profile_image_url":"http://pbs.twimg.com/profile_images/873365774903033856/ti2jXrSF_normal.jpg","profile_image_url_https":"https://pbs.twimg.com/profile_images/873365774903033856/ti2jXrSF_normal.jpg","profile_banner_url":"https://pbs.twimg.com/profile_banners/4537122864/1526860764","default_profile":true,"default_profile_image":false,"following":null,"follow_request_sent":null,"notifications":null},"geo":null,"coordinates":null,"place":null,"contributors":null,"is_quote_status":false,"quote_count":0,"reply_count":0,"retweet_count":0,"favorite_count":0,"entities":{"hashtags":[{"text":"singapore","indices":[29,39]}],"urls":[{"url":"https://t.co/ISgaYujEOB","expanded_url":"https://www.instagram.com/p/Bn3YDksB6qzQLTcgGdLzDf9caFiXodXGspXR980/?utm_source=ig_twitter_share&igshid=1i1m1dqxdtcaf","display_url":"instagram.com/p/Bn3YDksB6qzQ…","indices":[40,63]}],"user_mentions":[],"symbols":[]},"favorited":false,"retweeted":false,"possibly_sensitive":false,"filter_level":"low","lang":"en","timestamp_ms":"1537268948983"}