{"created_at":"Tue Sep 18 11:09:11 +0000 2018","id":1042007622994423800,"id_str":"1042007622994423809","text":"【シンガポール】衰えを知らぬ日本酒人気をイベントで実感！\nSake Festival Singaporeは年に1度開かれる大掛かりなイベントですが、今年で6回目となる好評ぶりです。\nどのようなものか見に行ってきましたので、紹介しま… https://t.co/8cyLTqQG6J","source":"<a href=\"http://twitter.com\" rel=\"nofollow\">Twitter Web Client</a>","truncated":true,"in_reply_to_status_id":null,"in_reply_to_status_id_str":null,"in_reply_to_user_id":null,"in_reply_to_user_id_str":null,"in_reply_to_screen_name":null,"user":{"id":890769534218412000,"id_str":"890769534218412033","name":"教えてASEAN.NET","screen_name":"OaseanNet","location":null,"url":"http://e-asean.net/","description":"教えてASEANでは海外の「生情報」を提供していきます。 また出店に必要な資金計画、海外ならではの法律関係等、出店にあたっての様々な情報を網羅できるサイトを目指しています。","translator_type":"none","protected":false,"verified":false,"followers_count":132,"friends_count":236,"listed_count":1,"favourites_count":83,"statuses_count":217,"created_at":"Fri Jul 28 03:03:01 +0000 2017","utc_offset":null,"time_zone":null,"geo_enabled":false,"lang":"ja","contributors_enabled":false,"is_translator":false,"profile_background_color":"000000","profile_background_image_url":"http://abs.twimg.com/images/themes/theme1/bg.png","profile_background_image_url_https":"https://abs.twimg.com/images/themes/theme1/bg.png","profile_background_tile":false,"profile_link_color":"063B63","profile_sidebar_border_color":"000000","profile_sidebar_fill_color":"000000","profile_text_color":"000000","profile_use_background_image":false,"profile_image_url":"http://pbs.twimg.com/profile_images/890770727997026304/uU3IyVcy_normal.jpg","profile_image_url_https":"https://pbs.twimg.com/profile_images/890770727997026304/uU3IyVcy_normal.jpg","profile_banner_url":"https://pbs.twimg.com/profile_banners/890769534218412033/1501212187","default_profile":false,"default_profile_image":false,"following":null,"follow_request_sent":null,"notifications":null},"geo":null,"coordinates":null,"place":null,"contributors":null,"is_quote_status":false,"extended_tweet":{"full_text":"【シンガポール】衰えを知らぬ日本酒人気をイベントで実感！\nSake Festival Singaporeは年に1度開かれる大掛かりなイベントですが、今年で6回目となる好評ぶりです。\nどのようなものか見に行ってきましたので、紹介します。\n\nhttps://t.co/RjrYmflZS5 #Singapore #sake #日本酒","display_text_range":[0,164],"entities":{"hashtags":[{"text":"Singapore","indices":[143,153]},{"text":"sake","indices":[154,159]},{"text":"日本酒","indices":[160,164]}],"urls":[{"url":"https://t.co/RjrYmflZS5","expanded_url":"http://e-asean.net/15498","display_url":"e-asean.net/15498","indices":[119,142]}],"user_mentions":[],"symbols":[]}},"quote_count":0,"reply_count":0,"retweet_count":0,"favorite_count":0,"entities":{"hashtags":[],"urls":[{"url":"https://t.co/8cyLTqQG6J","expanded_url":"https://twitter.com/i/web/status/1042007622994423809","display_url":"twitter.com/i/web/status/1…","indices":[117,140]}],"user_mentions":[],"symbols":[]},"favorited":false,"retweeted":false,"possibly_sensitive":false,"filter_level":"low","lang":"ja","timestamp_ms":"1537268951544"}