{"created_at":"Tue Sep 18 10:47:44 +0000 2018","id":1042002225667694600,"id_str":"1042002225667694592","text":"RT @VTrofimchuk: Great panel! Private event #singapore #eleven11 https://t.co/5jxErZM16l","source":"<a href=\"http://twitter.com\" rel=\"nofollow\">Twitter Web Client</a>","truncated":false,"in_reply_to_status_id":null,"in_reply_to_status_id_str":null,"in_reply_to_user_id":null,"in_reply_to_user_id_str":null,"in_reply_to_screen_name":null,"user":{"id":3026232268,"id_str":"3026232268","name":"Santa","screen_name":"SantaWarglaive","location":"Челябинск, Россия","url":null,"description":"(◕ω◕)","translator_type":"none","protected":false,"verified":false,"followers_count":25,"friends_count":49,"listed_count":1,"favourites_count":599,"statuses_count":123,"created_at":"Mon Feb 09 08:46:10 +0000 2015","utc_offset":null,"time_zone":null,"geo_enabled":false,"lang":"ru","contributors_enabled":false,"is_translator":false,"profile_background_color":"000000","profile_background_image_url":"http://abs.twimg.com/images/themes/theme1/bg.png","profile_background_image_url_https":"https://abs.twimg.com/images/themes/theme1/bg.png","profile_background_tile":false,"profile_link_color":"1B95E0","profile_sidebar_border_color":"000000","profile_sidebar_fill_color":"000000","profile_text_color":"000000","profile_use_background_image":false,"profile_image_url":"http://pbs.twimg.com/profile_images/764215904116826112/mWU1tBmZ_normal.jpg","profile_image_url_https":"https://pbs.twimg.com/profile_images/764215904116826112/mWU1tBmZ_normal.jpg","profile_banner_url":"https://pbs.twimg.com/profile_banners/3026232268/1423738331","default_profile":false,"default_profile_image":false,"following":null,"follow_request_sent":null,"notifications":null},"geo":null,"coordinates":null,"place":null,"contributors":null,"retweeted_status":{"created_at":"Tue Sep 18 09:53:25 +0000 2018","id":1041988554510020600,"id_str":"1041988554510020608","text":"Great panel! Private event #singapore #eleven11 https://t.co/5jxErZM16l","display_text_range":[0,47],"source":"<a href=\"http://twitter.com/download/iphone\" rel=\"nofollow\">Twitter for iPhone</a>","truncated":false,"in_reply_to_status_id":null,"in_reply_to_status_id_str":null,"in_reply_to_user_id":null,"in_reply_to_user_id_str":null,"in_reply_to_screen_name":null,"user":{"id":701842771,"id_str":"701842771","name":"Vasily Trofimchuk","screen_name":"VTrofimchuk","location":"San Jose, CA","url":"http://www.multitoken.com","description":"Founder & CEO @multitokencom","translator_type":"none","protected":false,"verified":false,"followers_count":2073,"friends_count":322,"listed_count":4,"favourites_count":63,"statuses_count":86,"created_at":"Tue Jul 17 21:52:04 +0000 2012","utc_offset":null,"time_zone":null,"geo_enabled":false,"lang":"en","contributors_enabled":false,"is_translator":false,"profile_background_color":"000000","profile_background_image_url":"http://abs.twimg.com/images/themes/theme1/bg.png","profile_background_image_url_https":"https://abs.twimg.com/images/themes/theme1/bg.png","profile_background_tile":false,"profile_link_color":"1B95E0","profile_sidebar_border_color":"000000","profile_sidebar_fill_color":"000000","profile_text_color":"000000","profile_use_background_image":false,"profile_image_url":"http://pbs.twimg.com/profile_images/793642033990762498/bg2eaQHv_normal.jpg","profile_image_url_https":"https://pbs.twimg.com/profile_images/793642033990762498/bg2eaQHv_normal.jpg","default_profile":false,"default_profile_image":false,"following":null,"follow_request_sent":null,"notifications":null},"geo":null,"coordinates":null,"place":null,"contributors":null,"is_quote_status":false,"quote_count":0,"reply_count":0,"retweet_count":1,"favorite_count":2,"entities":{"hashtags":[{"text":"singapore","indices":[27,37]},{"text":"eleven11","indices":[38,47]}],"urls":[],"user_mentions":[],"symbols":[],"media":[{"id":1041988443105050600,"id_str":"1041988443105050624","indices":[48,71],"media_url":"http://pbs.twimg.com/media/DnXi9-NWwAAl43Q.jpg","media_url_https":"https://pbs.twimg.com/media/DnXi9-NWwAAl43Q.jpg","url":"https://t.co/5jxErZM16l","display_url":"pic.twitter.com/5jxErZM16l","expanded_url":"https://twitter.com/VTrofimchuk/status/1041988554510020608/photo/1","type":"photo","sizes":{"thumb":{"w":150,"h":150,"resize":"crop"},"small":{"w":680,"h":510,"resize":"fit"},"medium":{"w":1024,"h":768,"resize":"fit"},"large":{"w":1024,"h":768,"resize":"fit"}}}]},"extended_entities":{"media":[{"id":1041988443105050600,"id_str":"1041988443105050624","indices":[48,71],"media_url":"http://pbs.twimg.com/media/DnXi9-NWwAAl43Q.jpg","media_url_https":"https://pbs.twimg.com/media/DnXi9-NWwAAl43Q.jpg","url":"https://t.co/5jxErZM16l","display_url":"pic.twitter.com/5jxErZM16l","expanded_url":"https://twitter.com/VTrofimchuk/status/1041988554510020608/photo/1","type":"photo","sizes":{"thumb":{"w":150,"h":150,"resize":"crop"},"small":{"w":680,"h":510,"resize":"fit"},"medium":{"w":1024,"h":768,"resize":"fit"},"large":{"w":1024,"h":768,"resize":"fit"}}}]},"favorited":false,"retweeted":false,"possibly_sensitive":false,"filter_level":"low","lang":"en"},"is_quote_status":false,"quote_count":0,"reply_count":0,"retweet_count":0,"favorite_count":0,"entities":{"hashtags":[{"text":"singapore","indices":[44,54]},{"text":"eleven11","indices":[55,64]}],"urls":[],"user_mentions":[{"screen_name":"VTrofimchuk","name":"Vasily Trofimchuk","id":701842771,"id_str":"701842771","indices":[3,15]}],"symbols":[],"media":[{"id":1041988443105050600,"id_str":"1041988443105050624","indices":[65,88],"media_url":"http://pbs.twimg.com/media/DnXi9-NWwAAl43Q.jpg","media_url_https":"https://pbs.twimg.com/media/DnXi9-NWwAAl43Q.jpg","url":"https://t.co/5jxErZM16l","display_url":"pic.twitter.com/5jxErZM16l","expanded_url":"https://twitter.com/VTrofimchuk/status/1041988554510020608/photo/1","type":"photo","sizes":{"thumb":{"w":150,"h":150,"resize":"crop"},"small":{"w":680,"h":510,"resize":"fit"},"medium":{"w":1024,"h":768,"resize":"fit"},"large":{"w":1024,"h":768,"resize":"fit"}},"source_status_id":1041988554510020600,"source_status_id_str":"1041988554510020608","source_user_id":701842771,"source_user_id_str":"701842771"}]},"extended_entities":{"media":[{"id":1041988443105050600,"id_str":"1041988443105050624","indices":[65,88],"media_url":"http://pbs.twimg.com/media/DnXi9-NWwAAl43Q.jpg","media_url_https":"https://pbs.twimg.com/media/DnXi9-NWwAAl43Q.jpg","url":"https://t.co/5jxErZM16l","display_url":"pic.twitter.com/5jxErZM16l","expanded_url":"https://twitter.com/VTrofimchuk/status/1041988554510020608/photo/1","type":"photo","sizes":{"thumb":{"w":150,"h":150,"resize":"crop"},"small":{"w":680,"h":510,"resize":"fit"},"medium":{"w":1024,"h":768,"resize":"fit"},"large":{"w":1024,"h":768,"resize":"fit"}},"source_status_id":1041988554510020600,"source_status_id_str":"1041988554510020608","source_user_id":701842771,"source_user_id_str":"701842771"}]},"favorited":false,"retweeted":false,"possibly_sensitive":false,"filter_level":"low","lang":"en","timestamp_ms":"1537267664721"}