{"created_at":"Tue Sep 18 10:47:45 +0000 2018","id":1042002229484380200,"id_str":"1042002229484380160","text":"#JustRun #Singapore #Runkeeper #TomTomSports #adidasRunning https://t.co/kQqNzmFhSI","display_text_range":[0,59],"source":"<a href=\"http://twitter.com/download/iphone\" rel=\"nofollow\">Twitter for iPhone</a>","truncated":false,"in_reply_to_status_id":null,"in_reply_to_status_id_str":null,"in_reply_to_user_id":null,"in_reply_to_user_id_str":null,"in_reply_to_screen_name":null,"user":{"id":247611655,"id_str":"247611655","name":"xu zhiwei • 许志伟","screen_name":"2hiwei","location":"singapore","url":"http://facebook.com/anothersundayafternoon","description":"Copywriter, avid runner, sometime drummer in Singaporean indie band Another Sunday Afternoon (@grandlittletale). Supports Arsenal FC for life, not for trophies.","translator_type":"none","protected":false,"verified":false,"followers_count":46,"friends_count":44,"listed_count":2,"favourites_count":1029,"statuses_count":938,"created_at":"Sat Feb 05 04:59:55 +0000 2011","utc_offset":null,"time_zone":null,"geo_enabled":true,"lang":"en","contributors_enabled":false,"is_translator":false,"profile_background_color":"C0DEED","profile_background_image_url":"http://abs.twimg.com/images/themes/theme1/bg.png","profile_background_image_url_https":"https://abs.twimg.com/images/themes/theme1/bg.png","profile_background_tile":false,"profile_link_color":"1DA1F2","profile_sidebar_border_color":"C0DEED","profile_sidebar_fill_color":"DDEEF6","profile_text_color":"333333","profile_use_background_image":true,"profile_image_url":"http://pbs.twimg.com/profile_images/1911726666/image_normal.jpg","profile_image_url_https":"https://pbs.twimg.com/profile_images/1911726666/image_normal.jpg","profile_banner_url":"https://pbs.twimg.com/profile_banners/247611655/1448937237","default_profile":true,"default_profile_image":false,"following":null,"follow_request_sent":null,"notifications":null},"geo":null,"coordinates":null,"place":null,"contributors":null,"is_quote_status":false,"quote_count":0,"reply_count":0,"retweet_count":0,"favorite_count":0,"entities":{"hashtags":[{"text":"JustRun","indices":[0,8]},{"text":"Singapore","indices":[9,19]},{"text":"Runkeeper","indices":[20,30]},{"text":"TomTomSports","indices":[31,44]},{"text":"adidasRunning","indices":[45,59]}],"urls":[],"user_mentions":[],"symbols":[],"media":[{"id":1042002228272279600,"id_str":"1042002228272279554","indices":[60,83],"media_url":"http://pbs.twimg.com/media/DnXvgX9VsAIClcP.jpg","media_url_https":"https://pbs.twimg.com/media/DnXvgX9VsAIClcP.jpg","url":"https://t.co/kQqNzmFhSI","display_url":"pic.twitter.com/kQqNzmFhSI","expanded_url":"https://twitter.com/2hiwei/status/1042002229484380160/photo/1","type":"photo","sizes":{"thumb":{"w":150,"h":150,"resize":"crop"},"small":{"w":680,"h":680,"resize":"fit"},"large":{"w":1089,"h":1089,"resize":"fit"},"medium":{"w":1089,"h":1089,"resize":"fit"}}}]},"extended_entities":{"media":[{"id":1042002228272279600,"id_str":"1042002228272279554","indices":[60,83],"media_url":"http://pbs.twimg.com/media/DnXvgX9VsAIClcP.jpg","media_url_https":"https://pbs.twimg.com/media/DnXvgX9VsAIClcP.jpg","url":"https://t.co/kQqNzmFhSI","display_url":"pic.twitter.com/kQqNzmFhSI","expanded_url":"https://twitter.com/2hiwei/status/1042002229484380160/photo/1","type":"photo","sizes":{"thumb":{"w":150,"h":150,"resize":"crop"},"small":{"w":680,"h":680,"resize":"fit"},"large":{"w":1089,"h":1089,"resize":"fit"},"medium":{"w":1089,"h":1089,"resize":"fit"}}}]},"favorited":false,"retweeted":false,"possibly_sensitive":false,"filter_level":"low","lang":"und","timestamp_ms":"1537267665631"}