{"created_at":"Tue Sep 18 11:02:05 +0000 2018","id":1042005836682481700,"id_str":"1042005836682481664","text":"🔥🔥🔥🔥 the best DJ 🔥🔥🔥🔥\n@joehahnLP #joehahn #art #dj #linkinpark #SingaporeGP #Singapore https://t.co/2nYNbcQHHa","source":"<a href=\"http://instagram.com\" rel=\"nofollow\">Instagram</a>","truncated":false,"in_reply_to_status_id":null,"in_reply_to_status_id_str":null,"in_reply_to_user_id":null,"in_reply_to_user_id_str":null,"in_reply_to_screen_name":null,"user":{"id":146531876,"id_str":"146531876","name":"soleil444","screen_name":"soleil444","location":"Tunisia","url":"http://soleil444blog.wordpress.com","description":"🌜Fan de séries tv et d'émissions d'aventure (KohLanta only🏝️), blogueur Tunisien amoureux de la nature, du rock & du metal.🎸Un peu fou pour les explorations!🌠","translator_type":"none","protected":false,"verified":false,"followers_count":536,"friends_count":493,"listed_count":21,"favourites_count":37685,"statuses_count":54698,"created_at":"Fri May 21 17:29:58 +0000 2010","utc_offset":null,"time_zone":null,"geo_enabled":false,"lang":"fr","contributors_enabled":false,"is_translator":false,"profile_background_color":"022330","profile_background_image_url":"http://abs.twimg.com/images/themes/theme15/bg.png","profile_background_image_url_https":"https://abs.twimg.com/images/themes/theme15/bg.png","profile_background_tile":false,"profile_link_color":"0084B4","profile_sidebar_border_color":"A8C7F7","profile_sidebar_fill_color":"C0DFEC","profile_text_color":"333333","profile_use_background_image":true,"profile_image_url":"http://pbs.twimg.com/profile_images/869290488033140736/OYy6Utv9_normal.jpg","profile_image_url_https":"https://pbs.twimg.com/profile_images/869290488033140736/OYy6Utv9_normal.jpg","profile_banner_url":"https://pbs.twimg.com/profile_banners/146531876/1511708310","default_profile":false,"default_profile_image":false,"following":null,"follow_request_sent":null,"notifications":null},"geo":null,"coordinates":null,"place":null,"contributors":null,"is_quote_status":false,"quote_count":0,"reply_count":0,"retweet_count":0,"favorite_count":0,"entities":{"hashtags":[{"text":"joehahn","indices":[33,41]},{"text":"art","indices":[42,46]},{"text":"dj","indices":[47,50]},{"text":"linkinpark","indices":[51,62]},{"text":"SingaporeGP","indices":[63,75]},{"text":"Singapore","indices":[76,86]}],"urls":[{"url":"https://t.co/2nYNbcQHHa","expanded_url":"https://www.instagram.com/p/Bn3XPqrjTNG/?utm_source=ig_twitter_share&igshid=kjdoxc8tr49k","display_url":"instagram.com/p/Bn3XPqrjTNG/…","indices":[87,110]}],"user_mentions":[{"screen_name":"joehahnLP","name":"Joe Hahn","id":135648787,"id_str":"135648787","indices":[22,32]}],"symbols":[]},"favorited":false,"retweeted":false,"possibly_sensitive":false,"filter_level":"low","lang":"en","timestamp_ms":"1537268525654"}