{"created_at":"Tue Sep 18 10:26:18 +0000 2018","id":1041996832425902100,"id_str":"1041996832425902080","text":"RT @brandontpe: #Taiwan#Taipei#Formosa#Singapore\n https://t.co/m7gmmkptJH","source":"<a href=\"http://twitter.com/download/android\" rel=\"nofollow\">Twitter for Android</a>","truncated":false,"in_reply_to_status_id":null,"in_reply_to_status_id_str":null,"in_reply_to_user_id":null,"in_reply_to_user_id_str":null,"in_reply_to_screen_name":null,"user":{"id":67831383,"id_str":"67831383","name":"Brandon","screen_name":"brandontpe","location":null,"url":null,"description":null,"translator_type":"none","protected":false,"verified":false,"followers_count":12,"friends_count":8,"listed_count":0,"favourites_count":2,"statuses_count":307,"created_at":"Sat Aug 22 06:22:49 +0000 2009","utc_offset":null,"time_zone":null,"geo_enabled":true,"lang":"zh-TW","contributors_enabled":false,"is_translator":false,"profile_background_color":"C6E2EE","profile_background_image_url":"http://abs.twimg.com/images/themes/theme2/bg.gif","profile_background_image_url_https":"https://abs.twimg.com/images/themes/theme2/bg.gif","profile_background_tile":false,"profile_link_color":"1F98C7","profile_sidebar_border_color":"C6E2EE","profile_sidebar_fill_color":"DAECF4","profile_text_color":"663B12","profile_use_background_image":true,"profile_image_url":"http://pbs.twimg.com/profile_images/575585770087415808/yY5kDALy_normal.jpeg","profile_image_url_https":"https://pbs.twimg.com/profile_images/575585770087415808/yY5kDALy_normal.jpeg","profile_banner_url":"https://pbs.twimg.com/profile_banners/67831383/1373929399","default_profile":false,"default_profile_image":false,"following":null,"follow_request_sent":null,"notifications":null},"geo":null,"coordinates":null,"place":null,"contributors":null,"retweeted_status":{"created_at":"Tue Feb 06 19:42:27 +0000 2018","id":960961909263667200,"id_str":"960961909263667201","text":"#Taiwan#Taipei#Formosa#Singapore\n https://t.co/m7gmmkptJH","source":"<a href=\"http://twitter.com/download/android\" rel=\"nofollow\">Twitter for Android</a>","truncated":false,"in_reply_to_status_id":null,"in_reply_to_status_id_str":null,"in_reply_to_user_id":null,"in_reply_to_user_id_str":null,"in_reply_to_screen_name":null,"user":{"id":67831383,"id_str":"67831383","name":"Brandon","screen_name":"brandontpe","location":null,"url":null,"description":null,"translator_type":"none","protected":false,"verified":false,"followers_count":12,"friends_count":8,"listed_count":0,"favourites_count":2,"statuses_count":306,"created_at":"Sat Aug 22 06:22:49 +0000 2009","utc_offset":null,"time_zone":null,"geo_enabled":true,"lang":"zh-TW","contributors_enabled":false,"is_translator":false,"profile_background_color":"C6E2EE","profile_background_image_url":"http://abs.twimg.com/images/themes/theme2/bg.gif","profile_background_image_url_https":"https://abs.twimg.com/images/themes/theme2/bg.gif","profile_background_tile":false,"profile_link_color":"1F98C7","profile_sidebar_border_color":"C6E2EE","profile_sidebar_fill_color":"DAECF4","profile_text_color":"663B12","profile_use_background_image":true,"profile_image_url":"http://pbs.twimg.com/profile_images/575585770087415808/yY5kDALy_normal.jpeg","profile_image_url_https":"https://pbs.twimg.com/profile_images/575585770087415808/yY5kDALy_normal.jpeg","profile_banner_url":"https://pbs.twimg.com/profile_banners/67831383/1373929399","default_profile":false,"default_profile_image":false,"following":null,"follow_request_sent":null,"notifications":null},"geo":null,"coordinates":null,"place":null,"contributors":null,"is_quote_status":false,"quote_count":0,"reply_count":0,"retweet_count":1,"favorite_count":0,"entities":{"hashtags":[],"urls":[{"url":"https://t.co/m7gmmkptJH","expanded_url":"https://hk.news.appledaily.com/international/daily/article/20040929/4339618","display_url":"hk.news.appledaily.com/international/…","indices":[34,57]}],"user_mentions":[],"symbols":[]},"favorited":false,"retweeted":false,"possibly_sensitive":false,"filter_level":"low","lang":"pt"},"is_quote_status":false,"quote_count":0,"reply_count":0,"retweet_count":0,"favorite_count":0,"entities":{"hashtags":[],"urls":[{"url":"https://t.co/m7gmmkptJH","expanded_url":"https://hk.news.appledaily.com/international/daily/article/20040929/4339618","display_url":"hk.news.appledaily.com/international/…","indices":[50,73]}],"user_mentions":[{"screen_name":"brandontpe","name":"Brandon","id":67831383,"id_str":"67831383","indices":[3,14]}],"symbols":[]},"favorited":false,"retweeted":false,"possibly_sensitive":false,"filter_level":"low","lang":"pt","timestamp_ms":"1537266378872"}