{"created_at":"Tue Sep 18 11:16:25 +0000 2018","id":1042009444899377200,"id_str":"1042009444899377152","text":"RT @tosblock_EN: We are going to hold T.OS meetup on Aug 7 in Singapore!\n\nFor more information, Please refer to this link below!\nhttps://t.…","source":"<a href=\"http://twitter.com\" rel=\"nofollow\">Twitter Web Client</a>","truncated":false,"in_reply_to_status_id":null,"in_reply_to_status_id_str":null,"in_reply_to_user_id":null,"in_reply_to_user_id_str":null,"in_reply_to_screen_name":null,"user":{"id":1041996594822963200,"id_str":"1041996594822963200","name":"علاء عبدالله","screen_name":"DAgSuGO8s5WLLpW","location":null,"url":null,"description":null,"translator_type":"none","protected":false,"verified":false,"followers_count":0,"friends_count":0,"listed_count":0,"favourites_count":0,"statuses_count":6,"created_at":"Tue Sep 18 10:25:22 +0000 2018","utc_offset":null,"time_zone":null,"geo_enabled":false,"lang":"en","contributors_enabled":false,"is_translator":false,"profile_background_color":"F5F8FA","profile_background_image_url":"","profile_background_image_url_https":"","profile_background_tile":false,"profile_link_color":"1DA1F2","profile_sidebar_border_color":"C0DEED","profile_sidebar_fill_color":"DDEEF6","profile_text_color":"333333","profile_use_background_image":true,"profile_image_url":"http://pbs.twimg.com/profile_images/1041997817533923328/_s003Y4s_normal.jpg","profile_image_url_https":"https://pbs.twimg.com/profile_images/1041997817533923328/_s003Y4s_normal.jpg","default_profile":true,"default_profile_image":false,"following":null,"follow_request_sent":null,"notifications":null},"geo":null,"coordinates":null,"place":null,"contributors":null,"retweeted_status":{"created_at":"Wed Aug 01 06:39:59 +0000 2018","id":1024545258900582400,"id_str":"1024545258900582400","text":"We are going to hold T.OS meetup on Aug 7 in Singapore!\n\nFor more information, Please refer to this link below!… https://t.co/fwXaaKtS8Z","source":"<a href=\"http://twitter.com\" rel=\"nofollow\">Twitter Web Client</a>","truncated":true,"in_reply_to_status_id":null,"in_reply_to_status_id_str":null,"in_reply_to_user_id":null,"in_reply_to_user_id_str":null,"in_reply_to_screen_name":null,"user":{"id":898778815668736000,"id_str":"898778815668736000","name":"T.OS","screen_name":"tosblock_EN","location":null,"url":"http://tosblock.com/","description":"T.OS, The Most Perfect Hybrid Blockchain System.\n\nT.OS aims to advance into a new payment system market by adopting a digital currency system.","translator_type":"none","protected":false,"verified":false,"followers_count":1398,"friends_count":696,"listed_count":6,"favourites_count":416,"statuses_count":276,"created_at":"Sat Aug 19 05:29:02 +0000 2017","utc_offset":null,"time_zone":null,"geo_enabled":false,"lang":"ko","contributors_enabled":false,"is_translator":false,"profile_background_color":"000000","profile_background_image_url":"http://abs.twimg.com/images/themes/theme1/bg.png","profile_background_image_url_https":"https://abs.twimg.com/images/themes/theme1/bg.png","profile_background_tile":false,"profile_link_color":"0018B7","profile_sidebar_border_color":"000000","profile_sidebar_fill_color":"000000","profile_text_color":"000000","profile_use_background_image":false,"profile_image_url":"http://pbs.twimg.com/profile_images/1001652378846740482/gu_0LpV7_normal.jpg","profile_image_url_https":"https://pbs.twimg.com/profile_images/1001652378846740482/gu_0LpV7_normal.jpg","profile_banner_url":"https://pbs.twimg.com/profile_banners/898778815668736000/1533687892","default_profile":false,"default_profile_image":false,"following":null,"follow_request_sent":null,"notifications":null},"geo":null,"coordinates":null,"place":null,"contributors":null,"is_quote_status":false,"extended_tweet":{"full_text":"We are going to hold T.OS meetup on Aug 7 in Singapore!\n\nFor more information, Please refer to this link below!\nhttps://t.co/0VsYtUH1um\nVenue: Paypal Innovation Lab https://t.co/KBK2vaEcmo\n\n#meetup #Singapore #tos #tosp #tosc #toscoin #tosblock #cryptocurrency #crypto #altcoin","display_text_range":[0,277],"entities":{"hashtags":[{"text":"meetup","indices":[190,197]},{"text":"Singapore","indices":[198,208]},{"text":"tos","indices":[209,213]},{"text":"tosp","indices":[214,219]},{"text":"tosc","indices":[220,225]},{"text":"toscoin","indices":[226,234]},{"text":"tosblock","indices":[235,244]},{"text":"cryptocurrency","indices":[245,260]},{"text":"crypto","indices":[261,268]},{"text":"altcoin","indices":[269,277]}],"urls":[{"url":"https://t.co/0VsYtUH1um","expanded_url":"https://www.meetup.com/ja-JP/Ethereum-Singapore/events/252765765/","display_url":"meetup.com/ja-JP/Ethereum…","indices":[112,135]},{"url":"https://t.co/KBK2vaEcmo","expanded_url":"https://goo.gl/maps/qGC8eDYrxUy","display_url":"goo.gl/maps/qGC8eDYrx…","indices":[165,188]}],"user_mentions":[],"symbols":[]}},"quote_count":0,"reply_count":0,"retweet_count":21,"favorite_count":159,"entities":{"hashtags":[],"urls":[{"url":"https://t.co/fwXaaKtS8Z","expanded_url":"https://twitter.com/i/web/status/1024545258900582400","display_url":"twitter.com/i/web/status/1…","indices":[113,136]}],"user_mentions":[],"symbols":[]},"favorited":false,"retweeted":false,"possibly_sensitive":false,"filter_level":"low","lang":"en"},"is_quote_status":false,"quote_count":0,"reply_count":0,"retweet_count":0,"favorite_count":0,"entities":{"hashtags":[],"urls":[],"user_mentions":[{"screen_name":"tosblock_EN","name":"T.OS","id":898778815668736000,"id_str":"898778815668736000","indices":[3,15]}],"symbols":[]},"favorited":false,"retweeted":false,"filter_level":"low","lang":"en","timestamp_ms":"1537269385920"}