{"created_at":"Tue Sep 18 10:33:34 +0000 2018","id":1041998659749994500,"id_str":"1041998659749994497","text":"RT @psbhumi: My Tribe @samikshap 💕\n#BPTravels #Hello #Singapore #Love https://t.co/c7Y4QiXFHJ","source":"<a href=\"http://twitter.com/download/android\" rel=\"nofollow\">Twitter for Android</a>","truncated":false,"in_reply_to_status_id":null,"in_reply_to_status_id_str":null,"in_reply_to_user_id":null,"in_reply_to_user_id_str":null,"in_reply_to_screen_name":null,"user":{"id":844199954927169500,"id_str":"844199954927169537","name":"Prince Tuteja","screen_name":"PrinceTuteja1","location":"Bilaspur, chhattishgarh","url":null,"description":"sectry bilaspur Congres and President Indian youth congress","translator_type":"none","protected":false,"verified":false,"followers_count":140,"friends_count":276,"listed_count":0,"favourites_count":10778,"statuses_count":1890,"created_at":"Tue Mar 21 14:52:08 +0000 2017","utc_offset":null,"time_zone":null,"geo_enabled":false,"lang":"en","contributors_enabled":false,"is_translator":false,"profile_background_color":"F5F8FA","profile_background_image_url":"","profile_background_image_url_https":"","profile_background_tile":false,"profile_link_color":"1DA1F2","profile_sidebar_border_color":"C0DEED","profile_sidebar_fill_color":"DDEEF6","profile_text_color":"333333","profile_use_background_image":true,"profile_image_url":"http://pbs.twimg.com/profile_images/844202347861610497/LC7A9sjj_normal.jpg","profile_image_url_https":"https://pbs.twimg.com/profile_images/844202347861610497/LC7A9sjj_normal.jpg","profile_banner_url":"https://pbs.twimg.com/profile_banners/844199954927169537/1490889959","default_profile":true,"default_profile_image":false,"following":null,"follow_request_sent":null,"notifications":null},"geo":null,"coordinates":null,"place":null,"contributors":null,"retweeted_status":{"created_at":"Mon Sep 17 12:30:54 +0000 2018","id":1041665798346027000,"id_str":"1041665798346027008","text":"My Tribe @samikshap 💕\n#BPTravels #Hello #Singapore #Love https://t.co/c7Y4QiXFHJ","display_text_range":[0,56],"source":"<a href=\"http://twitter.com/download/android\" rel=\"nofollow\">Twitter for Android</a>","truncated":false,"in_reply_to_status_id":null,"in_reply_to_status_id_str":null,"in_reply_to_user_id":null,"in_reply_to_user_id_str":null,"in_reply_to_screen_name":null,"user":{"id":243332437,"id_str":"243332437","name":"bhumi pednekar","screen_name":"psbhumi","location":null,"url":null,"description":"Actor,Dreamer,Future Leader 🇮🇳","translator_type":"none","protected":false,"verified":true,"followers_count":333920,"friends_count":134,"listed_count":158,"favourites_count":4086,"statuses_count":3335,"created_at":"Wed Jan 26 20:34:08 +0000 2011","utc_offset":null,"time_zone":null,"geo_enabled":true,"lang":"en","contributors_enabled":false,"is_translator":false,"profile_background_color":"1A1B1F","profile_background_image_url":"http://abs.twimg.com/images/themes/theme9/bg.gif","profile_background_image_url_https":"https://abs.twimg.com/images/themes/theme9/bg.gif","profile_background_tile":false,"profile_link_color":"2FC2EF","profile_sidebar_border_color":"181A1E","profile_sidebar_fill_color":"252429","profile_text_color":"666666","profile_use_background_image":true,"profile_image_url":"http://pbs.twimg.com/profile_images/933381174763933697/wGpOWzAz_normal.jpg","profile_image_url_https":"https://pbs.twimg.com/profile_images/933381174763933697/wGpOWzAz_normal.jpg","profile_banner_url":"https://pbs.twimg.com/profile_banners/243332437/1515405918","default_profile":false,"default_profile_image":false,"following":null,"follow_request_sent":null,"notifications":null},"geo":null,"coordinates":null,"place":null,"contributors":null,"is_quote_status":false,"quote_count":0,"reply_count":33,"retweet_count":44,"favorite_count":1069,"entities":{"hashtags":[{"text":"BPTravels","indices":[22,32]},{"text":"Hello","indices":[33,39]},{"text":"Singapore","indices":[40,50]},{"text":"Love","indices":[51,56]}],"urls":[],"user_mentions":[{"screen_name":"samikshap","name":"Samiksha Pednekar","id":203094247,"id_str":"203094247","indices":[9,19]}],"symbols":[],"media":[{"id":1041665774430179300,"id_str":"1041665774430179328","indices":[57,80],"media_url":"http://pbs.twimg.com/media/DnS9gLuX0AAnYGx.jpg","media_url_https":"https://pbs.twimg.com/media/DnS9gLuX0AAnYGx.jpg","url":"https://t.co/c7Y4QiXFHJ","display_url":"pic.twitter.com/c7Y4QiXFHJ","expanded_url":"https://twitter.com/psbhumi/status/1041665798346027008/photo/1","type":"photo","sizes":{"medium":{"w":687,"h":1080,"resize":"fit"},"thumb":{"w":150,"h":150,"resize":"crop"},"small":{"w":433,"h":680,"resize":"fit"},"large":{"w":687,"h":1080,"resize":"fit"}}}]},"extended_entities":{"media":[{"id":1041665774430179300,"id_str":"1041665774430179328","indices":[57,80],"media_url":"http://pbs.twimg.com/media/DnS9gLuX0AAnYGx.jpg","media_url_https":"https://pbs.twimg.com/media/DnS9gLuX0AAnYGx.jpg","url":"https://t.co/c7Y4QiXFHJ","display_url":"pic.twitter.com/c7Y4QiXFHJ","expanded_url":"https://twitter.com/psbhumi/status/1041665798346027008/photo/1","type":"photo","sizes":{"medium":{"w":687,"h":1080,"resize":"fit"},"thumb":{"w":150,"h":150,"resize":"crop"},"small":{"w":433,"h":680,"resize":"fit"},"large":{"w":687,"h":1080,"resize":"fit"}}}]},"favorited":false,"retweeted":false,"possibly_sensitive":false,"filter_level":"low","lang":"en"},"is_quote_status":false,"quote_count":0,"reply_count":0,"retweet_count":0,"favorite_count":0,"entities":{"hashtags":[{"text":"BPTravels","indices":[35,45]},{"text":"Hello","indices":[46,52]},{"text":"Singapore","indices":[53,63]},{"text":"Love","indices":[64,69]}],"urls":[],"user_mentions":[{"screen_name":"psbhumi","name":"bhumi pednekar","id":243332437,"id_str":"243332437","indices":[3,11]},{"screen_name":"samikshap","name":"Samiksha Pednekar","id":203094247,"id_str":"203094247","indices":[22,32]}],"symbols":[],"media":[{"id":1041665774430179300,"id_str":"1041665774430179328","indices":[70,93],"media_url":"http://pbs.twimg.com/media/DnS9gLuX0AAnYGx.jpg","media_url_https":"https://pbs.twimg.com/media/DnS9gLuX0AAnYGx.jpg","url":"https://t.co/c7Y4QiXFHJ","display_url":"pic.twitter.com/c7Y4QiXFHJ","expanded_url":"https://twitter.com/psbhumi/status/1041665798346027008/photo/1","type":"photo","sizes":{"medium":{"w":687,"h":1080,"resize":"fit"},"thumb":{"w":150,"h":150,"resize":"crop"},"small":{"w":433,"h":680,"resize":"fit"},"large":{"w":687,"h":1080,"resize":"fit"}},"source_status_id":1041665798346027000,"source_status_id_str":"1041665798346027008","source_user_id":243332437,"source_user_id_str":"243332437"}]},"extended_entities":{"media":[{"id":1041665774430179300,"id_str":"1041665774430179328","indices":[70,93],"media_url":"http://pbs.twimg.com/media/DnS9gLuX0AAnYGx.jpg","media_url_https":"https://pbs.twimg.com/media/DnS9gLuX0AAnYGx.jpg","url":"https://t.co/c7Y4QiXFHJ","display_url":"pic.twitter.com/c7Y4QiXFHJ","expanded_url":"https://twitter.com/psbhumi/status/1041665798346027008/photo/1","type":"photo","sizes":{"medium":{"w":687,"h":1080,"resize":"fit"},"thumb":{"w":150,"h":150,"resize":"crop"},"small":{"w":433,"h":680,"resize":"fit"},"large":{"w":687,"h":1080,"resize":"fit"}},"source_status_id":1041665798346027000,"source_status_id_str":"1041665798346027008","source_user_id":243332437,"source_user_id_str":"243332437"}]},"favorited":false,"retweeted":false,"possibly_sensitive":false,"filter_level":"low","lang":"en","timestamp_ms":"1537266814540"}