{"created_at":"Tue Sep 18 10:33:37 +0000 2018","id":1041998671703879700,"id_str":"1041998671703879680","text":"BOOK or View amazing 🔥 #HotelDiscount in #Singapore starting N4,000 per night. BOOK here and help RT… https://t.co/qoKsgiDpwE","display_text_range":[0,140],"source":"<a href=\"http://twitter.com\" rel=\"nofollow\">Twitter Web Client</a>","truncated":true,"in_reply_to_status_id":null,"in_reply_to_status_id_str":null,"in_reply_to_user_id":null,"in_reply_to_user_id_str":null,"in_reply_to_screen_name":null,"user":{"id":964253850,"id_str":"964253850","name":"Cloudsurfers Tours","screen_name":"cloudsurfersltd","location":"Lagos, Nigeria","url":"http://www.cloudsurferstours.com","description":"We do visas, air tickets, group travel, tours & hotel bookings. To reserve, email: info@cloudsurferstours.com or call (+234) 014542837/08099050076","translator_type":"none","protected":false,"verified":false,"followers_count":1563,"friends_count":1089,"listed_count":54,"favourites_count":2579,"statuses_count":14970,"created_at":"Thu Nov 22 13:30:21 +0000 2012","utc_offset":null,"time_zone":null,"geo_enabled":true,"lang":"en","contributors_enabled":false,"is_translator":false,"profile_background_color":"131516","profile_background_image_url":"http://abs.twimg.com/images/themes/theme1/bg.png","profile_background_image_url_https":"https://abs.twimg.com/images/themes/theme1/bg.png","profile_background_tile":false,"profile_link_color":"009999","profile_sidebar_border_color":"FFFFFF","profile_sidebar_fill_color":"DDEEF6","profile_text_color":"333333","profile_use_background_image":true,"profile_image_url":"http://pbs.twimg.com/profile_images/888197591120433152/LjoIiIyN_normal.jpg","profile_image_url_https":"https://pbs.twimg.com/profile_images/888197591120433152/LjoIiIyN_normal.jpg","profile_banner_url":"https://pbs.twimg.com/profile_banners/964253850/1404899947","default_profile":false,"default_profile_image":false,"following":null,"follow_request_sent":null,"notifications":null},"geo":null,"coordinates":null,"place":null,"contributors":null,"is_quote_status":false,"extended_tweet":{"full_text":"BOOK or View amazing 🔥 #HotelDiscount in #Singapore starting N4,000 per night. BOOK here and help RT https://t.co/ojlqp442M2 https://t.co/dic4SX4gz8","display_text_range":[0,124],"entities":{"hashtags":[{"text":"HotelDiscount","indices":[23,37]},{"text":"Singapore","indices":[41,51]}],"urls":[{"url":"https://t.co/ojlqp442M2","expanded_url":"https://goo.gl/sbh8iY","display_url":"goo.gl/sbh8iY","indices":[101,124]}],"user_mentions":[],"symbols":[],"media":[{"id":1041998653328711700,"id_str":"1041998653328711681","indices":[125,148],"media_url":"http://pbs.twimg.com/media/DnXsQSQX4AECP_a.jpg","media_url_https":"https://pbs.twimg.com/media/DnXsQSQX4AECP_a.jpg","url":"https://t.co/dic4SX4gz8","display_url":"pic.twitter.com/dic4SX4gz8","expanded_url":"https://twitter.com/cloudsurfersltd/status/1041998671703879680/photo/1","type":"photo","sizes":{"thumb":{"w":150,"h":150,"resize":"crop"},"small":{"w":675,"h":359,"resize":"fit"},"large":{"w":675,"h":359,"resize":"fit"},"medium":{"w":675,"h":359,"resize":"fit"}}}]},"extended_entities":{"media":[{"id":1041998653328711700,"id_str":"1041998653328711681","indices":[125,148],"media_url":"http://pbs.twimg.com/media/DnXsQSQX4AECP_a.jpg","media_url_https":"https://pbs.twimg.com/media/DnXsQSQX4AECP_a.jpg","url":"https://t.co/dic4SX4gz8","display_url":"pic.twitter.com/dic4SX4gz8","expanded_url":"https://twitter.com/cloudsurfersltd/status/1041998671703879680/photo/1","type":"photo","sizes":{"thumb":{"w":150,"h":150,"resize":"crop"},"small":{"w":675,"h":359,"resize":"fit"},"large":{"w":675,"h":359,"resize":"fit"},"medium":{"w":675,"h":359,"resize":"fit"}}}]}},"quote_count":0,"reply_count":0,"retweet_count":0,"favorite_count":0,"entities":{"hashtags":[{"text":"HotelDiscount","indices":[23,37]},{"text":"Singapore","indices":[41,51]}],"urls":[{"url":"https://t.co/qoKsgiDpwE","expanded_url":"https://twitter.com/i/web/status/1041998671703879680","display_url":"twitter.com/i/web/status/1…","indices":[102,125]}],"user_mentions":[],"symbols":[]},"favorited":false,"retweeted":false,"possibly_sensitive":false,"filter_level":"low","lang":"en","timestamp_ms":"1537266817390"}