{"created_at":"Tue Sep 18 10:40:48 +0000 2018","id":1042000478567985200,"id_str":"1042000478567985152","text":"UWA alumni from Singapore providing career advice to current students FROM Singapore in Perth #uwa #UWAalumni… https://t.co/U29tAqUaKN","display_text_range":[0,140],"source":"<a href=\"http://twitter.com/download/iphone\" rel=\"nofollow\">Twitter for iPhone</a>","truncated":true,"in_reply_to_status_id":null,"in_reply_to_status_id_str":null,"in_reply_to_user_id":null,"in_reply_to_user_id_str":null,"in_reply_to_screen_name":null,"user":{"id":705281547025264600,"id_str":"705281547025264640","name":"UWA Alumni","screen_name":"AlumniUWA","location":null,"url":null,"description":null,"translator_type":"none","protected":false,"verified":false,"followers_count":548,"friends_count":271,"listed_count":7,"favourites_count":222,"statuses_count":466,"created_at":"Thu Mar 03 06:39:59 +0000 2016","utc_offset":null,"time_zone":null,"geo_enabled":true,"lang":"en","contributors_enabled":false,"is_translator":false,"profile_background_color":"F5F8FA","profile_background_image_url":"","profile_background_image_url_https":"","profile_background_tile":false,"profile_link_color":"1DA1F2","profile_sidebar_border_color":"C0DEED","profile_sidebar_fill_color":"DDEEF6","profile_text_color":"333333","profile_use_background_image":true,"profile_image_url":"http://pbs.twimg.com/profile_images/927440075612237824/we0i6Yc3_normal.jpg","profile_image_url_https":"https://pbs.twimg.com/profile_images/927440075612237824/we0i6Yc3_normal.jpg","profile_banner_url":"https://pbs.twimg.com/profile_banners/705281547025264640/1513071995","default_profile":true,"default_profile_image":false,"following":null,"follow_request_sent":null,"notifications":null},"geo":null,"coordinates":null,"place":null,"contributors":null,"is_quote_status":false,"extended_tweet":{"full_text":"UWA alumni from Singapore providing career advice to current students FROM Singapore in Perth #uwa #UWAalumni #singapore https://t.co/7avhjRTVbz","display_text_range":[0,120],"entities":{"hashtags":[{"text":"uwa","indices":[94,98]},{"text":"UWAalumni","indices":[99,109]},{"text":"singapore","indices":[110,120]}],"urls":[],"user_mentions":[],"symbols":[],"media":[{"id":1042000470435217400,"id_str":"1042000470435217410","indices":[121,144],"media_url":"http://pbs.twimg.com/media/DnXt6DgUwAIfD8_.jpg","media_url_https":"https://pbs.twimg.com/media/DnXt6DgUwAIfD8_.jpg","url":"https://t.co/7avhjRTVbz","display_url":"pic.twitter.com/7avhjRTVbz","expanded_url":"https://twitter.com/AlumniUWA/status/1042000478567985152/photo/1","type":"photo","sizes":{"thumb":{"w":150,"h":150,"resize":"crop"},"large":{"w":2048,"h":1536,"resize":"fit"},"medium":{"w":1200,"h":900,"resize":"fit"},"small":{"w":680,"h":510,"resize":"fit"}}}]},"extended_entities":{"media":[{"id":1042000470435217400,"id_str":"1042000470435217410","indices":[121,144],"media_url":"http://pbs.twimg.com/media/DnXt6DgUwAIfD8_.jpg","media_url_https":"https://pbs.twimg.com/media/DnXt6DgUwAIfD8_.jpg","url":"https://t.co/7avhjRTVbz","display_url":"pic.twitter.com/7avhjRTVbz","expanded_url":"https://twitter.com/AlumniUWA/status/1042000478567985152/photo/1","type":"photo","sizes":{"thumb":{"w":150,"h":150,"resize":"crop"},"large":{"w":2048,"h":1536,"resize":"fit"},"medium":{"w":1200,"h":900,"resize":"fit"},"small":{"w":680,"h":510,"resize":"fit"}}}]}},"quote_count":0,"reply_count":0,"retweet_count":0,"favorite_count":0,"entities":{"hashtags":[{"text":"uwa","indices":[94,98]},{"text":"UWAalumni","indices":[99,109]}],"urls":[{"url":"https://t.co/U29tAqUaKN","expanded_url":"https://twitter.com/i/web/status/1042000478567985152","display_url":"twitter.com/i/web/status/1…","indices":[111,134]}],"user_mentions":[],"symbols":[]},"favorited":false,"retweeted":false,"possibly_sensitive":false,"filter_level":"low","lang":"en","timestamp_ms":"1537267248180"}