{"created_at":"Tue Sep 18 11:23:45 +0000 2018","id":1042011289025830900,"id_str":"1042011289025830913","text":"@ChangiAirport #AirportPolice #Singapore @blackdrargo put this forward at your next work meeting 😂 https://t.co/6mVPg0XMyK","display_text_range":[0,98],"source":"<a href=\"http://twitter.com/download/iphone\" rel=\"nofollow\">Twitter for iPhone</a>","truncated":false,"in_reply_to_status_id":null,"in_reply_to_status_id_str":null,"in_reply_to_user_id":65268724,"in_reply_to_user_id_str":"65268724","in_reply_to_screen_name":"ChangiAirport","user":{"id":281986048,"id_str":"281986048","name":"Shane Fowles","screen_name":"jedinight76","location":"Adelaide, South Australia","url":null,"description":"May the force be with you......always","translator_type":"none","protected":false,"verified":false,"followers_count":107,"friends_count":589,"listed_count":4,"favourites_count":1639,"statuses_count":4372,"created_at":"Thu Apr 14 10:49:38 +0000 2011","utc_offset":null,"time_zone":null,"geo_enabled":true,"lang":"en","contributors_enabled":false,"is_translator":false,"profile_background_color":"C0DEED","profile_background_image_url":"http://abs.twimg.com/images/themes/theme1/bg.png","profile_background_image_url_https":"https://abs.twimg.com/images/themes/theme1/bg.png","profile_background_tile":true,"profile_link_color":"0084B4","profile_sidebar_border_color":"C0DEED","profile_sidebar_fill_color":"DDEEF6","profile_text_color":"333333","profile_use_background_image":true,"profile_image_url":"http://pbs.twimg.com/profile_images/480824106116345856/tDMX4OJk_normal.jpeg","profile_image_url_https":"https://pbs.twimg.com/profile_images/480824106116345856/tDMX4OJk_normal.jpeg","profile_banner_url":"https://pbs.twimg.com/profile_banners/281986048/1367618752","default_profile":false,"default_profile_image":false,"following":null,"follow_request_sent":null,"notifications":null},"geo":null,"coordinates":null,"place":null,"contributors":null,"is_quote_status":false,"quote_count":0,"reply_count":0,"retweet_count":0,"favorite_count":0,"entities":{"hashtags":[{"text":"AirportPolice","indices":[15,29]},{"text":"Singapore","indices":[30,40]}],"urls":[],"user_mentions":[{"screen_name":"ChangiAirport","name":"Changi Airport","id":65268724,"id_str":"65268724","indices":[0,14]},{"screen_name":"blackdrargo","name":"blackdrago","id":186543039,"id_str":"186543039","indices":[41,53]}],"symbols":[],"media":[{"id":1042011281635430400,"id_str":"1042011281635430400","indices":[99,122],"media_url":"http://pbs.twimg.com/media/DnX3vWXUUAA3g-N.jpg","media_url_https":"https://pbs.twimg.com/media/DnX3vWXUUAA3g-N.jpg","url":"https://t.co/6mVPg0XMyK","display_url":"pic.twitter.com/6mVPg0XMyK","expanded_url":"https://twitter.com/jedinight76/status/1042011289025830913/photo/1","type":"photo","sizes":{"large":{"w":1536,"h":2048,"resize":"fit"},"thumb":{"w":150,"h":150,"resize":"crop"},"medium":{"w":900,"h":1200,"resize":"fit"},"small":{"w":510,"h":680,"resize":"fit"}}}]},"extended_entities":{"media":[{"id":1042011281635430400,"id_str":"1042011281635430400","indices":[99,122],"media_url":"http://pbs.twimg.com/media/DnX3vWXUUAA3g-N.jpg","media_url_https":"https://pbs.twimg.com/media/DnX3vWXUUAA3g-N.jpg","url":"https://t.co/6mVPg0XMyK","display_url":"pic.twitter.com/6mVPg0XMyK","expanded_url":"https://twitter.com/jedinight76/status/1042011289025830913/photo/1","type":"photo","sizes":{"large":{"w":1536,"h":2048,"resize":"fit"},"thumb":{"w":150,"h":150,"resize":"crop"},"medium":{"w":900,"h":1200,"resize":"fit"},"small":{"w":510,"h":680,"resize":"fit"}}},{"id":1042011281635475500,"id_str":"1042011281635475457","indices":[99,122],"media_url":"http://pbs.twimg.com/media/DnX3vWXVAAESxWH.jpg","media_url_https":"https://pbs.twimg.com/media/DnX3vWXVAAESxWH.jpg","url":"https://t.co/6mVPg0XMyK","display_url":"pic.twitter.com/6mVPg0XMyK","expanded_url":"https://twitter.com/jedinight76/status/1042011289025830913/photo/1","type":"photo","sizes":{"large":{"w":1536,"h":2048,"resize":"fit"},"thumb":{"w":150,"h":150,"resize":"crop"},"medium":{"w":900,"h":1200,"resize":"fit"},"small":{"w":510,"h":680,"resize":"fit"}}}]},"favorited":false,"retweeted":false,"possibly_sensitive":false,"filter_level":"low","lang":"en","timestamp_ms":"1537269825594"}