{"created_at":"Tue Sep 18 10:33:40 +0000 2018","id":1041998685062803500,"id_str":"1041998685062803456","text":"RT @BplusSingapore: We are so glad to be invited to Bitkan meetup!🤘🏼\nIt's such a fabulous meeting!👻\n\n#meetup #blockchain #blockchainnews  #…","source":"<a href=\"http://twitter.com\" rel=\"nofollow\">Twitter Web Client</a>","truncated":false,"in_reply_to_status_id":null,"in_reply_to_status_id_str":null,"in_reply_to_user_id":null,"in_reply_to_user_id_str":null,"in_reply_to_screen_name":null,"user":{"id":2902974999,"id_str":"2902974999","name":"Dean","screen_name":"DEAN_Knows_Tech","location":"New Orleans, LA","url":"http://deanknows.com","description":"Real Estate Technology Consulting - SEO - Social Media Marketing - Web Design and IT Support","translator_type":"none","protected":false,"verified":false,"followers_count":4157,"friends_count":2790,"listed_count":3504,"favourites_count":45623,"statuses_count":79077,"created_at":"Tue Dec 02 22:32:19 +0000 2014","utc_offset":null,"time_zone":null,"geo_enabled":false,"lang":"en","contributors_enabled":false,"is_translator":false,"profile_background_color":"000000","profile_background_image_url":"http://abs.twimg.com/images/themes/theme1/bg.png","profile_background_image_url_https":"https://abs.twimg.com/images/themes/theme1/bg.png","profile_background_tile":false,"profile_link_color":"DD2E44","profile_sidebar_border_color":"000000","profile_sidebar_fill_color":"000000","profile_text_color":"000000","profile_use_background_image":false,"profile_image_url":"http://pbs.twimg.com/profile_images/682687621894569985/zaH0pfSD_normal.jpg","profile_image_url_https":"https://pbs.twimg.com/profile_images/682687621894569985/zaH0pfSD_normal.jpg","profile_banner_url":"https://pbs.twimg.com/profile_banners/2902974999/1451461373","default_profile":false,"default_profile_image":false,"following":null,"follow_request_sent":null,"notifications":null},"geo":null,"coordinates":null,"place":null,"contributors":null,"retweeted_status":{"created_at":"Tue Sep 18 08:27:12 +0000 2018","id":1041966857857642500,"id_str":"1041966857857642497","text":"We are so glad to be invited to Bitkan meetup!🤘🏼\nIt's such a fabulous meeting!👻\n\n#meetup #blockchain… https://t.co/J6jg1LHA5Z","display_text_range":[0,140],"source":"<a href=\"http://twitter.com/download/iphone\" rel=\"nofollow\">Twitter for iPhone</a>","truncated":true,"in_reply_to_status_id":null,"in_reply_to_status_id_str":null,"in_reply_to_user_id":null,"in_reply_to_user_id_str":null,"in_reply_to_screen_name":null,"user":{"id":978122261235343400,"id_str":"978122261235343360","name":"Bplus","screen_name":"BplusSingapore","location":"Singapore","url":"http://bplus.sg","description":"Based in Singapore, Bplus is a professional incubation platform which is committed to providing outstanding entrepreneurship programs.","translator_type":"none","protected":false,"verified":false,"followers_count":232,"friends_count":269,"listed_count":2,"favourites_count":86,"statuses_count":298,"created_at":"Mon Mar 26 04:11:34 +0000 2018","utc_offset":null,"time_zone":null,"geo_enabled":true,"lang":"en","contributors_enabled":false,"is_translator":false,"profile_background_color":"000000","profile_background_image_url":"http://abs.twimg.com/images/themes/theme1/bg.png","profile_background_image_url_https":"https://abs.twimg.com/images/themes/theme1/bg.png","profile_background_tile":false,"profile_link_color":"91D2FA","profile_sidebar_border_color":"000000","profile_sidebar_fill_color":"000000","profile_text_color":"000000","profile_use_background_image":false,"profile_image_url":"http://pbs.twimg.com/profile_images/978122945338925058/LkJ0bdZl_normal.jpg","profile_image_url_https":"https://pbs.twimg.com/profile_images/978122945338925058/LkJ0bdZl_normal.jpg","profile_banner_url":"https://pbs.twimg.com/profile_banners/978122261235343360/1522037935","default_profile":false,"default_profile_image":false,"following":null,"follow_request_sent":null,"notifications":null},"geo":null,"coordinates":null,"place":{"id":"0b37664066a8962a","url":"https://api.twitter.com/1.1/geo/id/0b37664066a8962a.json","place_type":"admin","name":"West Region","full_name":"West Region, Singapore","country_code":"SG","country":"Singapore","bounding_box":{"type":"Polygon","coordinates":[[[103.605441,1.166389],[103.605441,1.435746],[103.801598,1.435746],[103.801598,1.166389]]]},"attributes":{}},"contributors":null,"is_quote_status":false,"extended_tweet":{"full_text":"We are so glad to be invited to Bitkan meetup!🤘🏼\nIt's such a fabulous meeting!👻\n\n#meetup #blockchain #blockchainnews  #blockchaintechnology #encyclopedia #token #cryptocurrency #bitcoin #bitcoinmemes #mediacorp #Singapore #future #technology #digitalmarketing #finance #startup https://t.co/GPs3CcpJ0l","display_text_range":[0,277],"entities":{"hashtags":[{"text":"meetup","indices":[81,88]},{"text":"blockchain","indices":[89,100]},{"text":"blockchainnews","indices":[101,116]},{"text":"blockchaintechnology","indices":[118,139]},{"text":"encyclopedia","indices":[140,153]},{"text":"token","indices":[154,160]},{"text":"cryptocurrency","indices":[161,176]},{"text":"bitcoin","indices":[177,185]},{"text":"bitcoinmemes","indices":[186,199]},{"text":"mediacorp","indices":[200,210]},{"text":"Singapore","indices":[211,221]},{"text":"future","indices":[222,229]},{"text":"technology","indices":[230,241]},{"text":"digitalmarketing","indices":[242,259]},{"text":"finance","indices":[260,268]},{"text":"startup","indices":[269,277]}],"urls":[],"user_mentions":[],"symbols":[],"media":[{"id":1041966767449370600,"id_str":"1041966767449370624","indices":[278,301],"media_url":"http://pbs.twimg.com/media/DnXPQSGU8AA647W.jpg","media_url_https":"https://pbs.twimg.com/media/DnXPQSGU8AA647W.jpg","url":"https://t.co/GPs3CcpJ0l","display_url":"pic.twitter.com/GPs3CcpJ0l","expanded_url":"https://twitter.com/BplusSingapore/status/1041966857857642497/photo/1","type":"photo","sizes":{"thumb":{"w":150,"h":150,"resize":"crop"},"medium":{"w":900,"h":1200,"resize":"fit"},"small":{"w":510,"h":680,"resize":"fit"},"large":{"w":1080,"h":1440,"resize":"fit"}}},{"id":1041966767432552400,"id_str":"1041966767432552449","indices":[278,301],"media_url":"http://pbs.twimg.com/media/DnXPQSCUUAEqgrK.jpg","media_url_https":"https://pbs.twimg.com/media/DnXPQSCUUAEqgrK.jpg","url":"https://t.co/GPs3CcpJ0l","display_url":"pic.twitter.com/GPs3CcpJ0l","expanded_url":"https://twitter.com/BplusSingapore/status/1041966857857642497/photo/1","type":"photo","sizes":{"thumb":{"w":150,"h":150,"resize":"crop"},"medium":{"w":1200,"h":900,"resize":"fit"},"small":{"w":680,"h":510,"resize":"fit"},"large":{"w":1440,"h":1080,"resize":"fit"}}},{"id":1041966767441031200,"id_str":"1041966767441031168","indices":[278,301],"media_url":"http://pbs.twimg.com/media/DnXPQSEVsAAwCMF.jpg","media_url_https":"https://pbs.twimg.com/media/DnXPQSEVsAAwCMF.jpg","url":"https://t.co/GPs3CcpJ0l","display_url":"pic.twitter.com/GPs3CcpJ0l","expanded_url":"https://twitter.com/BplusSingapore/status/1041966857857642497/photo/1","type":"photo","sizes":{"thumb":{"w":150,"h":150,"resize":"crop"},"small":{"w":680,"h":510,"resize":"fit"},"medium":{"w":1200,"h":900,"resize":"fit"},"large":{"w":1440,"h":1080,"resize":"fit"}}}]},"extended_entities":{"media":[{"id":1041966767449370600,"id_str":"1041966767449370624","indices":[278,301],"media_url":"http://pbs.twimg.com/media/DnXPQSGU8AA647W.jpg","media_url_https":"https://pbs.twimg.com/media/DnXPQSGU8AA647W.jpg","url":"https://t.co/GPs3CcpJ0l","display_url":"pic.twitter.com/GPs3CcpJ0l","expanded_url":"https://twitter.com/BplusSingapore/status/1041966857857642497/photo/1","type":"photo","sizes":{"thumb":{"w":150,"h":150,"resize":"crop"},"medium":{"w":900,"h":1200,"resize":"fit"},"small":{"w":510,"h":680,"resize":"fit"},"large":{"w":1080,"h":1440,"resize":"fit"}}},{"id":1041966767432552400,"id_str":"1041966767432552449","indices":[278,301],"media_url":"http://pbs.twimg.com/media/DnXPQSCUUAEqgrK.jpg","media_url_https":"https://pbs.twimg.com/media/DnXPQSCUUAEqgrK.jpg","url":"https://t.co/GPs3CcpJ0l","display_url":"pic.twitter.com/GPs3CcpJ0l","expanded_url":"https://twitter.com/BplusSingapore/status/1041966857857642497/photo/1","type":"photo","sizes":{"thumb":{"w":150,"h":150,"resize":"crop"},"medium":{"w":1200,"h":900,"resize":"fit"},"small":{"w":680,"h":510,"resize":"fit"},"large":{"w":1440,"h":1080,"resize":"fit"}}},{"id":1041966767441031200,"id_str":"1041966767441031168","indices":[278,301],"media_url":"http://pbs.twimg.com/media/DnXPQSEVsAAwCMF.jpg","media_url_https":"https://pbs.twimg.com/media/DnXPQSEVsAAwCMF.jpg","url":"https://t.co/GPs3CcpJ0l","display_url":"pic.twitter.com/GPs3CcpJ0l","expanded_url":"https://twitter.com/BplusSingapore/status/1041966857857642497/photo/1","type":"photo","sizes":{"thumb":{"w":150,"h":150,"resize":"crop"},"small":{"w":680,"h":510,"resize":"fit"},"medium":{"w":1200,"h":900,"resize":"fit"},"large":{"w":1440,"h":1080,"resize":"fit"}}}]}},"quote_count":0,"reply_count":0,"retweet_count":13,"favorite_count":17,"entities":{"hashtags":[{"text":"meetup","indices":[81,88]},{"text":"blockchain","indices":[89,100]}],"urls":[{"url":"https://t.co/J6jg1LHA5Z","expanded_url":"https://twitter.com/i/web/status/1041966857857642497","display_url":"twitter.com/i/web/status/1…","indices":[102,125]}],"user_mentions":[],"symbols":[]},"favorited":false,"retweeted":false,"possibly_sensitive":false,"filter_level":"low","lang":"en"},"is_quote_status":false,"quote_count":0,"reply_count":0,"retweet_count":0,"favorite_count":0,"entities":{"hashtags":[{"text":"meetup","indices":[101,108]},{"text":"blockchain","indices":[109,120]},{"text":"blockchainnews","indices":[121,136]}],"urls":[],"user_mentions":[{"screen_name":"BplusSingapore","name":"Bplus","id":978122261235343400,"id_str":"978122261235343360","indices":[3,18]}],"symbols":[]},"favorited":false,"retweeted":false,"filter_level":"low","lang":"en","timestamp_ms":"1537266820575"}