{"created_at":"Tue Sep 18 10:26:37 +0000 2018","id":1041996908766552000,"id_str":"1041996908766552066","text":"RT @reddotdiva: NEW! Join indie artists and #art fans at #IllustrationArtsFest, LASALLE College, 22-23 Sep. Get to meet creators including…","source":"<a href=\"http://twitter.com/download/android\" rel=\"nofollow\">Twitter for Android</a>","truncated":false,"in_reply_to_status_id":null,"in_reply_to_status_id_str":null,"in_reply_to_user_id":null,"in_reply_to_user_id_str":null,"in_reply_to_screen_name":null,"user":{"id":2496223430,"id_str":"2496223430","name":"!?!!??!","screen_name":"weallwelpdown","location":"!?!?!?!?!?!!","url":null,"description":"tryna be more critical of what I consume. // dc // 1d // hawkeye // probably andi mack.","translator_type":"none","protected":false,"verified":false,"followers_count":350,"friends_count":578,"listed_count":17,"favourites_count":20249,"statuses_count":92431,"created_at":"Thu May 15 12:02:08 +0000 2014","utc_offset":null,"time_zone":null,"geo_enabled":false,"lang":"en","contributors_enabled":false,"is_translator":false,"profile_background_color":"000000","profile_background_image_url":"http://abs.twimg.com/images/themes/theme18/bg.gif","profile_background_image_url_https":"https://abs.twimg.com/images/themes/theme18/bg.gif","profile_background_tile":false,"profile_link_color":"981CEB","profile_sidebar_border_color":"000000","profile_sidebar_fill_color":"000000","profile_text_color":"000000","profile_use_background_image":false,"profile_image_url":"http://pbs.twimg.com/profile_images/1038461214731296769/UUjbR59Z_normal.jpg","profile_image_url_https":"https://pbs.twimg.com/profile_images/1038461214731296769/UUjbR59Z_normal.jpg","profile_banner_url":"https://pbs.twimg.com/profile_banners/2496223430/1536423420","default_profile":false,"default_profile_image":false,"following":null,"follow_request_sent":null,"notifications":null},"geo":null,"coordinates":null,"place":null,"contributors":null,"retweeted_status":{"created_at":"Tue Sep 18 09:48:27 +0000 2018","id":1041987304628281300,"id_str":"1041987304628281344","text":"NEW! Join indie artists and #art fans at #IllustrationArtsFest, LASALLE College, 22-23 Sep. Get to meet creators in… https://t.co/jxgGw3kzWr","source":"<a href=\"http://www.echofon.com/\" rel=\"nofollow\">Echofon</a>","truncated":true,"in_reply_to_status_id":null,"in_reply_to_status_id_str":null,"in_reply_to_user_id":null,"in_reply_to_user_id_str":null,"in_reply_to_screen_name":null,"user":{"id":2832524851,"id_str":"2832524851","name":"Red Dot Diva","screen_name":"reddotdiva","location":"Singapore","url":"http://reddotdiva.blogspot.com","description":"Pop-culture island diva covering news and articles with a dash of spice. Has a terrible weakness for bicepstousness.","translator_type":"none","protected":false,"verified":false,"followers_count":364,"friends_count":830,"listed_count":41,"favourites_count":489,"statuses_count":12406,"created_at":"Fri Sep 26 03:34:07 +0000 2014","utc_offset":null,"time_zone":null,"geo_enabled":false,"lang":"en","contributors_enabled":false,"is_translator":false,"profile_background_color":"000000","profile_background_image_url":"http://abs.twimg.com/images/themes/theme1/bg.png","profile_background_image_url_https":"https://abs.twimg.com/images/themes/theme1/bg.png","profile_background_tile":false,"profile_link_color":"DD2E44","profile_sidebar_border_color":"000000","profile_sidebar_fill_color":"000000","profile_text_color":"000000","profile_use_background_image":false,"profile_image_url":"http://pbs.twimg.com/profile_images/901838983495204869/X71KXJqf_normal.jpg","profile_image_url_https":"https://pbs.twimg.com/profile_images/901838983495204869/X71KXJqf_normal.jpg","profile_banner_url":"https://pbs.twimg.com/profile_banners/2832524851/1505399125","default_profile":false,"default_profile_image":false,"following":null,"follow_request_sent":null,"notifications":null},"geo":null,"coordinates":null,"place":null,"contributors":null,"is_quote_status":false,"extended_tweet":{"full_text":"NEW! Join indie artists and #art fans at #IllustrationArtsFest, LASALLE College, 22-23 Sep. Get to meet creators including HK veteran #LiChiTak and Fishball of My Giant Nerd Boyfriend! #Singapore #comics #illustration https://t.co/7KkgefZyjF","display_text_range":[0,241],"entities":{"hashtags":[{"text":"art","indices":[28,32]},{"text":"IllustrationArtsFest","indices":[41,62]},{"text":"LiChiTak","indices":[134,143]},{"text":"Singapore","indices":[185,195]},{"text":"comics","indices":[196,203]},{"text":"illustration","indices":[204,217]}],"urls":[{"url":"https://t.co/7KkgefZyjF","expanded_url":"https://reddotdiva.blogspot.com/2018/09/illustration-arts-fest-is-back-on-22-23.html","display_url":"reddotdiva.blogspot.com/2018/09/illust…","indices":[218,241]}],"user_mentions":[],"symbols":[]}},"quote_count":1,"reply_count":0,"retweet_count":1,"favorite_count":1,"entities":{"hashtags":[{"text":"art","indices":[28,32]},{"text":"IllustrationArtsFest","indices":[41,62]}],"urls":[{"url":"https://t.co/jxgGw3kzWr","expanded_url":"https://twitter.com/i/web/status/1041987304628281344","display_url":"twitter.com/i/web/status/1…","indices":[117,140]}],"user_mentions":[],"symbols":[]},"favorited":false,"retweeted":false,"possibly_sensitive":false,"filter_level":"low","lang":"en"},"is_quote_status":false,"quote_count":0,"reply_count":0,"retweet_count":0,"favorite_count":0,"entities":{"hashtags":[{"text":"art","indices":[44,48]},{"text":"IllustrationArtsFest","indices":[57,78]}],"urls":[],"user_mentions":[{"screen_name":"reddotdiva","name":"Red Dot Diva","id":2832524851,"id_str":"2832524851","indices":[3,14]}],"symbols":[]},"favorited":false,"retweeted":false,"filter_level":"low","lang":"en","timestamp_ms":"1537266397073"}