{"created_at":"Tue Sep 18 11:09:40 +0000 2018","id":1042007744956588000,"id_str":"1042007744956588032","text":"RT @IzaacEZ: Check my song “Singapore” on @Spotify #Emmys #PresentYOU #GOT7 #MdTRenovacion #iOS12 #NEWS #MusicMonday #Lullaby #NewMusic #LO…","source":"<a href=\"http://twitter.com/download/iphone\" rel=\"nofollow\">Twitter for iPhone</a>","truncated":false,"in_reply_to_status_id":null,"in_reply_to_status_id_str":null,"in_reply_to_user_id":null,"in_reply_to_user_id_str":null,"in_reply_to_screen_name":null,"user":{"id":2203945212,"id_str":"2203945212","name":"Izaac Ezura","screen_name":"IzaacEZ","location":"Waverly, NY","url":"https://soundcloud.com/user-331642209","description":"Producer/Guitar N Piano ✌️Music touch our Soul and Heart no matter where are you from or where you go https://open.spotify.com/artist/585JErQhxMjZeZpigwgVhf","translator_type":"none","protected":false,"verified":false,"followers_count":1033,"friends_count":959,"listed_count":2,"favourites_count":199,"statuses_count":161,"created_at":"Tue Nov 19 23:54:03 +0000 2013","utc_offset":null,"time_zone":null,"geo_enabled":false,"lang":"en","contributors_enabled":false,"is_translator":false,"profile_background_color":"000000","profile_background_image_url":"http://abs.twimg.com/images/themes/theme1/bg.png","profile_background_image_url_https":"https://abs.twimg.com/images/themes/theme1/bg.png","profile_background_tile":false,"profile_link_color":"FF691F","profile_sidebar_border_color":"000000","profile_sidebar_fill_color":"000000","profile_text_color":"000000","profile_use_background_image":false,"profile_image_url":"http://pbs.twimg.com/profile_images/1025842073277222913/WSxfbKrJ_normal.jpg","profile_image_url_https":"https://pbs.twimg.com/profile_images/1025842073277222913/WSxfbKrJ_normal.jpg","profile_banner_url":"https://pbs.twimg.com/profile_banners/2203945212/1533595115","default_profile":false,"default_profile_image":false,"following":null,"follow_request_sent":null,"notifications":null},"geo":null,"coordinates":null,"place":null,"contributors":null,"retweeted_status":{"created_at":"Tue Sep 18 00:06:15 +0000 2018","id":1041840790463492100,"id_str":"1041840790463492096","text":"Check my song “Singapore” on @Spotify #Emmys #PresentYOU #GOT7 #MdTRenovacion #iOS12 #NEWS #MusicMonday #Lullaby… https://t.co/kAopHwHVVg","display_text_range":[0,140],"source":"<a href=\"http://twitter.com/download/iphone\" rel=\"nofollow\">Twitter for iPhone</a>","truncated":true,"in_reply_to_status_id":null,"in_reply_to_status_id_str":null,"in_reply_to_user_id":null,"in_reply_to_user_id_str":null,"in_reply_to_screen_name":null,"user":{"id":2203945212,"id_str":"2203945212","name":"Izaac Ezura","screen_name":"IzaacEZ","location":"Waverly, NY","url":"https://soundcloud.com/user-331642209","description":"Producer/Guitar N Piano ✌️Music touch our Soul and Heart no matter where are you from or where you go https://open.spotify.com/artist/585JErQhxMjZeZpigwgVhf","translator_type":"none","protected":false,"verified":false,"followers_count":1033,"friends_count":959,"listed_count":2,"favourites_count":199,"statuses_count":160,"created_at":"Tue Nov 19 23:54:03 +0000 2013","utc_offset":null,"time_zone":null,"geo_enabled":false,"lang":"en","contributors_enabled":false,"is_translator":false,"profile_background_color":"000000","profile_background_image_url":"http://abs.twimg.com/images/themes/theme1/bg.png","profile_background_image_url_https":"https://abs.twimg.com/images/themes/theme1/bg.png","profile_background_tile":false,"profile_link_color":"FF691F","profile_sidebar_border_color":"000000","profile_sidebar_fill_color":"000000","profile_text_color":"000000","profile_use_background_image":false,"profile_image_url":"http://pbs.twimg.com/profile_images/1025842073277222913/WSxfbKrJ_normal.jpg","profile_image_url_https":"https://pbs.twimg.com/profile_images/1025842073277222913/WSxfbKrJ_normal.jpg","profile_banner_url":"https://pbs.twimg.com/profile_banners/2203945212/1533595115","default_profile":false,"default_profile_image":false,"following":null,"follow_request_sent":null,"notifications":null},"geo":null,"coordinates":null,"place":null,"contributors":null,"is_quote_status":false,"extended_tweet":{"full_text":"Check my song “Singapore” on @Spotify #Emmys #PresentYOU #GOT7 #MdTRenovacion #iOS12 #NEWS #MusicMonday #Lullaby #NewMusic #LOVE_YOURSELF_結_Answer #BTSLoveYourselfTour #MusicModernizationAct #SingaporeGP #Singapore https://t.co/wjvfU4Xfes https://t.co/LCoJwVzJk7","display_text_range":[0,238],"entities":{"hashtags":[{"text":"Emmys","indices":[38,44]},{"text":"PresentYOU","indices":[45,56]},{"text":"GOT7","indices":[57,62]},{"text":"MdTRenovacion","indices":[63,77]},{"text":"iOS12","indices":[78,84]},{"text":"NEWS","indices":[85,90]},{"text":"MusicMonday","indices":[91,103]},{"text":"Lullaby","indices":[104,112]},{"text":"NewMusic","indices":[113,122]},{"text":"LOVE_YOURSELF_結_Answer","indices":[123,146]},{"text":"BTSLoveYourselfTour","indices":[147,167]},{"text":"MusicModernizationAct","indices":[168,190]},{"text":"SingaporeGP","indices":[191,203]},{"text":"Singapore","indices":[204,214]}],"urls":[{"url":"https://t.co/wjvfU4Xfes","expanded_url":"https://open.spotify.com/track/4S93DyseR31VZBkf743QlG?si=JqyeEU90Qr6ZM3jFWNz9GA","display_url":"open.spotify.com/track/4S93Dyse…","indices":[215,238]}],"user_mentions":[{"screen_name":"Spotify","name":"Spotify","id":17230018,"id_str":"17230018","indices":[29,37]}],"symbols":[],"media":[{"id":1041840644740677600,"id_str":"1041840644740677632","indices":[239,262],"additional_media_info":{"monetizable":false},"media_url":"http://pbs.twimg.com/ext_tw_video_thumb/1041840644740677632/pu/img/svLtfaJhHRTCT6p2.jpg","media_url_https":"https://pbs.twimg.com/ext_tw_video_thumb/1041840644740677632/pu/img/svLtfaJhHRTCT6p2.jpg","url":"https://t.co/LCoJwVzJk7","display_url":"pic.twitter.com/LCoJwVzJk7","expanded_url":"https://twitter.com/IzaacEZ/status/1041840790463492096/video/1","type":"video","video_info":{"aspect_ratio":[1,1],"duration_millis":15967,"variants":[{"bitrate":1280000,"content_type":"video/mp4","url":"https://video.twimg.com/ext_tw_video/1041840644740677632/pu/vid/720x720/y2b0ud9WSgImtJ1q.mp4?tag=5"},{"content_type":"application/x-mpegURL","url":"https://video.twimg.com/ext_tw_video/1041840644740677632/pu/pl/aW9VWxPISfq5xf8N.m3u8?tag=5"},{"bitrate":832000,"content_type":"video/mp4","url":"https://video.twimg.com/ext_tw_video/1041840644740677632/pu/vid/480x480/xWbv04ncob4K8kqi.mp4?tag=5"},{"bitrate":256000,"content_type":"video/mp4","url":"https://video.twimg.com/ext_tw_video/1041840644740677632/pu/vid/240x240/XGp6yo9Yi0P924wq.mp4?tag=5"}]},"sizes":{"thumb":{"w":150,"h":150,"resize":"crop"},"small":{"w":680,"h":680,"resize":"fit"},"medium":{"w":720,"h":720,"resize":"fit"},"large":{"w":720,"h":720,"resize":"fit"}}}]},"extended_entities":{"media":[{"id":1041840644740677600,"id_str":"1041840644740677632","indices":[239,262],"additional_media_info":{"monetizable":false},"media_url":"http://pbs.twimg.com/ext_tw_video_thumb/1041840644740677632/pu/img/svLtfaJhHRTCT6p2.jpg","media_url_https":"https://pbs.twimg.com/ext_tw_video_thumb/1041840644740677632/pu/img/svLtfaJhHRTCT6p2.jpg","url":"https://t.co/LCoJwVzJk7","display_url":"pic.twitter.com/LCoJwVzJk7","expanded_url":"https://twitter.com/IzaacEZ/status/1041840790463492096/video/1","type":"video","video_info":{"aspect_ratio":[1,1],"duration_millis":15967,"variants":[{"bitrate":1280000,"content_type":"video/mp4","url":"https://video.twimg.com/ext_tw_video/1041840644740677632/pu/vid/720x720/y2b0ud9WSgImtJ1q.mp4?tag=5"},{"content_type":"application/x-mpegURL","url":"https://video.twimg.com/ext_tw_video/1041840644740677632/pu/pl/aW9VWxPISfq5xf8N.m3u8?tag=5"},{"bitrate":832000,"content_type":"video/mp4","url":"https://video.twimg.com/ext_tw_video/1041840644740677632/pu/vid/480x480/xWbv04ncob4K8kqi.mp4?tag=5"},{"bitrate":256000,"content_type":"video/mp4","url":"https://video.twimg.com/ext_tw_video/1041840644740677632/pu/vid/240x240/XGp6yo9Yi0P924wq.mp4?tag=5"}]},"sizes":{"thumb":{"w":150,"h":150,"resize":"crop"},"small":{"w":680,"h":680,"resize":"fit"},"medium":{"w":720,"h":720,"resize":"fit"},"large":{"w":720,"h":720,"resize":"fit"}}}]}},"quote_count":0,"reply_count":0,"retweet_count":1,"favorite_count":1,"entities":{"hashtags":[{"text":"Emmys","indices":[38,44]},{"text":"PresentYOU","indices":[45,56]},{"text":"GOT7","indices":[57,62]},{"text":"MdTRenovacion","indices":[63,77]},{"text":"iOS12","indices":[78,84]},{"text":"NEWS","indices":[85,90]},{"text":"MusicMonday","indices":[91,103]},{"text":"Lullaby","indices":[104,112]}],"urls":[{"url":"https://t.co/kAopHwHVVg","expanded_url":"https://twitter.com/i/web/status/1041840790463492096","display_url":"twitter.com/i/web/status/1…","indices":[114,137]}],"user_mentions":[{"screen_name":"Spotify","name":"Spotify","id":17230018,"id_str":"17230018","indices":[29,37]}],"symbols":[]},"favorited":false,"retweeted":false,"possibly_sensitive":false,"filter_level":"low","lang":"en"},"is_quote_status":false,"quote_count":0,"reply_count":0,"retweet_count":0,"favorite_count":0,"entities":{"hashtags":[{"text":"Emmys","indices":[51,57]},{"text":"PresentYOU","indices":[58,69]},{"text":"GOT7","indices":[70,75]},{"text":"MdTRenovacion","indices":[76,90]},{"text":"iOS12","indices":[91,97]},{"text":"NEWS","indices":[98,103]},{"text":"MusicMonday","indices":[104,116]},{"text":"Lullaby","indices":[117,125]},{"text":"NewMusic","indices":[126,135]}],"urls":[],"user_mentions":[{"screen_name":"IzaacEZ","name":"Izaac Ezura","id":2203945212,"id_str":"2203945212","indices":[3,11]},{"screen_name":"Spotify","name":"Spotify","id":17230018,"id_str":"17230018","indices":[42,50]}],"symbols":[]},"favorited":false,"retweeted":false,"filter_level":"low","lang":"en","timestamp_ms":"1537268980622"}