{"created_at":"Tue Sep 18 10:33:52 +0000 2018","id":1041998734609924100,"id_str":"1041998734609924097","text":"RT @PeachApricity: [Singapore only] Peach Apricity - BTS inspired phone cases Group Order #01 (CLOSING 14 OCT). \n\n🌸Form: https://t.co/UkO6e…","source":"<a href=\"http://twitter.com/download/android\" rel=\"nofollow\">Twitter for Android</a>","truncated":false,"in_reply_to_status_id":null,"in_reply_to_status_id_str":null,"in_reply_to_user_id":null,"in_reply_to_user_id_str":null,"in_reply_to_screen_name":null,"user":{"id":953790278770438100,"id_str":"953790278770438144","name":"ᴅᴀɪ","screen_name":"v_taehv","location":"ot7/95z/supv/sujim/vmon/etc","url":null,"description":"🇸🇬・ENG/中文/日本語OK・main_ 방탄소년단🐯🐭🐹🐰🐨🐥🦄・side_ SVT/j&k-drama/music/anime・태태 #보라해 💜 'Yơυɾ ʅơvє ƅєƈʌɱє ɱɣ ʅɪƒє'_ 180521・fan account・ music reco's: #DAI_music","translator_type":"none","protected":false,"verified":false,"followers_count":45,"friends_count":258,"listed_count":0,"favourites_count":16029,"statuses_count":8832,"created_at":"Thu Jan 18 00:44:57 +0000 2018","utc_offset":null,"time_zone":null,"geo_enabled":false,"lang":"en","contributors_enabled":false,"is_translator":false,"profile_background_color":"F5F8FA","profile_background_image_url":"","profile_background_image_url_https":"","profile_background_tile":false,"profile_link_color":"1DA1F2","profile_sidebar_border_color":"C0DEED","profile_sidebar_fill_color":"DDEEF6","profile_text_color":"333333","profile_use_background_image":true,"profile_image_url":"http://pbs.twimg.com/profile_images/1040184735836729344/PMlBq5pw_normal.jpg","profile_image_url_https":"https://pbs.twimg.com/profile_images/1040184735836729344/PMlBq5pw_normal.jpg","profile_banner_url":"https://pbs.twimg.com/profile_banners/953790278770438144/1536340928","default_profile":true,"default_profile_image":false,"following":null,"follow_request_sent":null,"notifications":null},"geo":null,"coordinates":null,"place":null,"contributors":null,"retweeted_status":{"created_at":"Sun Sep 16 14:40:44 +0000 2018","id":1041336087296204800,"id_str":"1041336087296204800","text":"[Singapore only] Peach Apricity - BTS inspired phone cases Group Order #01 (CLOSING 14 OCT). \n\n🌸Form:… https://t.co/LoRO1NN48i","display_text_range":[0,140],"source":"<a href=\"http://twitter.com\" rel=\"nofollow\">Twitter Web Client</a>","truncated":true,"in_reply_to_status_id":null,"in_reply_to_status_id_str":null,"in_reply_to_user_id":null,"in_reply_to_user_id_str":null,"in_reply_to_screen_name":null,"user":{"id":1040971554111205400,"id_str":"1040971554111205377","name":"Peach Apricity 🍑","screen_name":"PeachApricity","location":"Singapore","url":null,"description":"SG based account designing Bts inspired phonecases. \nDM or contact us at askfm (https://ask.fm/peachapricity) or email peach.apricity@gmail.com 💕","translator_type":"none","protected":false,"verified":false,"followers_count":15,"friends_count":4,"listed_count":0,"favourites_count":0,"statuses_count":3,"created_at":"Sat Sep 15 14:32:13 +0000 2018","utc_offset":null,"time_zone":null,"geo_enabled":false,"lang":"en","contributors_enabled":false,"is_translator":false,"profile_background_color":"000000","profile_background_image_url":"http://abs.twimg.com/images/themes/theme1/bg.png","profile_background_image_url_https":"https://abs.twimg.com/images/themes/theme1/bg.png","profile_background_tile":false,"profile_link_color":"F58EA8","profile_sidebar_border_color":"000000","profile_sidebar_fill_color":"000000","profile_text_color":"000000","profile_use_background_image":false,"profile_image_url":"http://pbs.twimg.com/profile_images/1040979996871815174/pen-n6SY_normal.jpg","profile_image_url_https":"https://pbs.twimg.com/profile_images/1040979996871815174/pen-n6SY_normal.jpg","profile_banner_url":"https://pbs.twimg.com/profile_banners/1040971554111205377/1537024101","default_profile":false,"default_profile_image":false,"following":null,"follow_request_sent":null,"notifications":null},"geo":null,"coordinates":null,"place":null,"contributors":null,"is_quote_status":false,"extended_tweet":{"full_text":"[Singapore only] Peach Apricity - BTS inspired phone cases Group Order #01 (CLOSING 14 OCT). \n\n🌸Form: https://t.co/UkO6eiYfLr (kindly make payment before submitting the form)\n\n#BTS #방탄 #Phonecases #Grouporder #Singapore #Kpop #Designs #PeachApricityGO https://t.co/o0nTX4Ter0","display_text_range":[0,251],"entities":{"hashtags":[{"text":"BTS","indices":[176,180]},{"text":"방탄","indices":[181,184]},{"text":"Phonecases","indices":[185,196]},{"text":"Grouporder","indices":[197,208]},{"text":"Singapore","indices":[209,219]},{"text":"Kpop","indices":[220,225]},{"text":"Designs","indices":[226,234]},{"text":"PeachApricityGO","indices":[235,251]}],"urls":[{"url":"https://t.co/UkO6eiYfLr","expanded_url":"https://goo.gl/forms/UQQoxGUzxpl71ezB3","display_url":"goo.gl/forms/UQQoxGUz…","indices":[102,125]}],"user_mentions":[],"symbols":[],"media":[{"id":1041335528635822100,"id_str":"1041335528635822080","indices":[252,275],"media_url":"http://pbs.twimg.com/media/DnORJWRU8AAbUSE.jpg","media_url_https":"https://pbs.twimg.com/media/DnORJWRU8AAbUSE.jpg","url":"https://t.co/o0nTX4Ter0","display_url":"pic.twitter.com/o0nTX4Ter0","expanded_url":"https://twitter.com/PeachApricity/status/1041336087296204800/photo/1","type":"photo","sizes":{"small":{"w":680,"h":383,"resize":"fit"},"thumb":{"w":150,"h":150,"resize":"crop"},"medium":{"w":1200,"h":675,"resize":"fit"},"large":{"w":1920,"h":1080,"resize":"fit"}}}]},"extended_entities":{"media":[{"id":1041335528635822100,"id_str":"1041335528635822080","indices":[252,275],"media_url":"http://pbs.twimg.com/media/DnORJWRU8AAbUSE.jpg","media_url_https":"https://pbs.twimg.com/media/DnORJWRU8AAbUSE.jpg","url":"https://t.co/o0nTX4Ter0","display_url":"pic.twitter.com/o0nTX4Ter0","expanded_url":"https://twitter.com/PeachApricity/status/1041336087296204800/photo/1","type":"photo","sizes":{"small":{"w":680,"h":383,"resize":"fit"},"thumb":{"w":150,"h":150,"resize":"crop"},"medium":{"w":1200,"h":675,"resize":"fit"},"large":{"w":1920,"h":1080,"resize":"fit"}}}]}},"quote_count":7,"reply_count":1,"retweet_count":31,"favorite_count":49,"entities":{"hashtags":[],"urls":[{"url":"https://t.co/LoRO1NN48i","expanded_url":"https://twitter.com/i/web/status/1041336087296204800","display_url":"twitter.com/i/web/status/1…","indices":[103,126]}],"user_mentions":[],"symbols":[]},"favorited":false,"retweeted":false,"possibly_sensitive":false,"filter_level":"low","lang":"en"},"is_quote_status":false,"quote_count":0,"reply_count":0,"retweet_count":0,"favorite_count":0,"entities":{"hashtags":[],"urls":[],"user_mentions":[{"screen_name":"PeachApricity","name":"Peach Apricity 🍑","id":1040971554111205400,"id_str":"1040971554111205377","indices":[3,17]}],"symbols":[]},"favorited":false,"retweeted":false,"filter_level":"low","lang":"en","timestamp_ms":"1537266832388"}