{"created_at":"Tue Sep 18 11:02:34 +0000 2018","id":1042005958631731200,"id_str":"1042005958631731200","text":"My “ready to eat everything in #Singapore” face! This dish is called cendol - an iced dessert w/ green rice flour j… https://t.co/Dx4uiw9fmD","display_text_range":[0,140],"source":"<a href=\"http://twitter.com/download/iphone\" rel=\"nofollow\">Twitter for iPhone</a>","truncated":true,"in_reply_to_status_id":null,"in_reply_to_status_id_str":null,"in_reply_to_user_id":null,"in_reply_to_user_id_str":null,"in_reply_to_screen_name":null,"user":{"id":935547025189322800,"id_str":"935547025189322752","name":"WordsUntangled","screen_name":"WordsUntangled","location":null,"url":"http://monicamizzi.com","description":"Freelance Writer + Online #Marketer. Interested in writing, ribs, and #cryptocurrency in equal amounts. Ex  Online Marketing Manager @COBINHOOD","translator_type":"none","protected":false,"verified":false,"followers_count":202,"friends_count":393,"listed_count":4,"favourites_count":807,"statuses_count":431,"created_at":"Tue Nov 28 16:32:47 +0000 2017","utc_offset":null,"time_zone":null,"geo_enabled":true,"lang":"en","contributors_enabled":false,"is_translator":false,"profile_background_color":"000000","profile_background_image_url":"http://abs.twimg.com/images/themes/theme1/bg.png","profile_background_image_url_https":"https://abs.twimg.com/images/themes/theme1/bg.png","profile_background_tile":false,"profile_link_color":"981CEB","profile_sidebar_border_color":"000000","profile_sidebar_fill_color":"000000","profile_text_color":"000000","profile_use_background_image":false,"profile_image_url":"http://pbs.twimg.com/profile_images/1038258609807753216/5A8OcV3p_normal.jpg","profile_image_url_https":"https://pbs.twimg.com/profile_images/1038258609807753216/5A8OcV3p_normal.jpg","profile_banner_url":"https://pbs.twimg.com/profile_banners/935547025189322752/1528953263","default_profile":false,"default_profile_image":false,"following":null,"follow_request_sent":null,"notifications":null},"geo":null,"coordinates":null,"place":null,"contributors":null,"is_quote_status":false,"extended_tweet":{"full_text":"My “ready to eat everything in #Singapore” face! This dish is called cendol - an iced dessert w/ green rice flour jelly, condensed milk, red beans, black jelly, and glutinous balls. And I added mango... I can’t hide I’m a bit of a #foodie, although I hate the term! 🥣 https://t.co/b0KBbMKZPN","display_text_range":[0,267],"entities":{"hashtags":[{"text":"Singapore","indices":[31,41]},{"text":"foodie","indices":[231,238]}],"urls":[],"user_mentions":[],"symbols":[],"media":[{"id":1042005939375636500,"id_str":"1042005939375636481","indices":[268,291],"media_url":"http://pbs.twimg.com/media/DnXy4Y5VAAE9bqL.jpg","media_url_https":"https://pbs.twimg.com/media/DnXy4Y5VAAE9bqL.jpg","url":"https://t.co/b0KBbMKZPN","display_url":"pic.twitter.com/b0KBbMKZPN","expanded_url":"https://twitter.com/WordsUntangled/status/1042005958631731200/photo/1","type":"photo","sizes":{"thumb":{"w":150,"h":150,"resize":"crop"},"medium":{"w":768,"h":1024,"resize":"fit"},"small":{"w":510,"h":680,"resize":"fit"},"large":{"w":768,"h":1024,"resize":"fit"}}}]},"extended_entities":{"media":[{"id":1042005939375636500,"id_str":"1042005939375636481","indices":[268,291],"media_url":"http://pbs.twimg.com/media/DnXy4Y5VAAE9bqL.jpg","media_url_https":"https://pbs.twimg.com/media/DnXy4Y5VAAE9bqL.jpg","url":"https://t.co/b0KBbMKZPN","display_url":"pic.twitter.com/b0KBbMKZPN","expanded_url":"https://twitter.com/WordsUntangled/status/1042005958631731200/photo/1","type":"photo","sizes":{"thumb":{"w":150,"h":150,"resize":"crop"},"medium":{"w":768,"h":1024,"resize":"fit"},"small":{"w":510,"h":680,"resize":"fit"},"large":{"w":768,"h":1024,"resize":"fit"}}}]}},"quote_count":0,"reply_count":0,"retweet_count":0,"favorite_count":0,"entities":{"hashtags":[{"text":"Singapore","indices":[31,41]}],"urls":[{"url":"https://t.co/Dx4uiw9fmD","expanded_url":"https://twitter.com/i/web/status/1042005958631731200","display_url":"twitter.com/i/web/status/1…","indices":[117,140]}],"user_mentions":[],"symbols":[]},"favorited":false,"retweeted":false,"possibly_sensitive":false,"filter_level":"low","lang":"en","timestamp_ms":"1537268554729"}