{"created_at":"Tue Sep 18 10:19:41 +0000 2018","id":1041995166700195800,"id_str":"1041995166700195840","text":"RT @Panoramix_Radio: https://t.co/kDrnRh6vLz\n\nhttps://t.co/RxtRfOcUrU\n\n#Australia\n#Israel\n#CzechRepublic\n#Switzerland\n#Belarus\n#Turkey\n#Sin…","source":"<a href=\"http://twitter.com\" rel=\"nofollow\">Twitter Web Client</a>","truncated":false,"in_reply_to_status_id":null,"in_reply_to_status_id_str":null,"in_reply_to_user_id":null,"in_reply_to_user_id_str":null,"in_reply_to_screen_name":null,"user":{"id":94924938,"id_str":"94924938","name":"Yannick Yan","screen_name":"djyannickyan","location":"France","url":"http://www.panoramix-agency.fr","description":"Yannick Yan French Dj Producer","translator_type":"none","protected":false,"verified":false,"followers_count":5004,"friends_count":5018,"listed_count":512,"favourites_count":345,"statuses_count":20675,"created_at":"Sun Dec 06 03:27:21 +0000 2009","utc_offset":null,"time_zone":null,"geo_enabled":true,"lang":"fr","contributors_enabled":false,"is_translator":false,"profile_background_color":"1A1B1F","profile_background_image_url":"http://abs.twimg.com/images/themes/theme14/bg.gif","profile_background_image_url_https":"https://abs.twimg.com/images/themes/theme14/bg.gif","profile_background_tile":true,"profile_link_color":"981CEB","profile_sidebar_border_color":"000000","profile_sidebar_fill_color":"252429","profile_text_color":"666666","profile_use_background_image":true,"profile_image_url":"http://pbs.twimg.com/profile_images/1016178864274493442/mrYBE4_y_normal.jpg","profile_image_url_https":"https://pbs.twimg.com/profile_images/1016178864274493442/mrYBE4_y_normal.jpg","profile_banner_url":"https://pbs.twimg.com/profile_banners/94924938/1501536133","default_profile":false,"default_profile_image":false,"following":null,"follow_request_sent":null,"notifications":null},"geo":null,"coordinates":null,"place":null,"contributors":null,"retweeted_status":{"created_at":"Wed May 02 14:30:53 +0000 2018","id":991686467259916300,"id_str":"991686467259916288","text":"https://t.co/kDrnRh6vLz\n\nhttps://t.co/RxtRfOcUrU\n\n#Australia\n#Israel\n#CzechRepublic\n#Switzerland\n#Belarus\n#Turkey… https://t.co/cjV0j7tVAD","display_text_range":[0,140],"source":"<a href=\"http://twitter.com\" rel=\"nofollow\">Twitter Web Client</a>","truncated":true,"in_reply_to_status_id":null,"in_reply_to_status_id_str":null,"in_reply_to_user_id":null,"in_reply_to_user_id_str":null,"in_reply_to_screen_name":null,"user":{"id":2151278150,"id_str":"2151278150","name":"PanoramixRadio","screen_name":"Panoramix_Radio","location":null,"url":"http://panoramix-radio-station.com","description":"appli https://play.google.com/store/apps/details?id=com.nobexinc.wls_3042441149.rc","translator_type":"none","protected":false,"verified":false,"followers_count":7103,"friends_count":7153,"listed_count":529,"favourites_count":3703,"statuses_count":140130,"created_at":"Wed Oct 23 16:20:11 +0000 2013","utc_offset":null,"time_zone":null,"geo_enabled":false,"lang":"fr","contributors_enabled":false,"is_translator":false,"profile_background_color":"131516","profile_background_image_url":"http://abs.twimg.com/images/themes/theme14/bg.gif","profile_background_image_url_https":"https://abs.twimg.com/images/themes/theme14/bg.gif","profile_background_tile":true,"profile_link_color":"FF691F","profile_sidebar_border_color":"EEEEEE","profile_sidebar_fill_color":"EFEFEF","profile_text_color":"333333","profile_use_background_image":true,"profile_image_url":"http://pbs.twimg.com/profile_images/975719459334868994/hCQphNHs_normal.jpg","profile_image_url_https":"https://pbs.twimg.com/profile_images/975719459334868994/hCQphNHs_normal.jpg","profile_banner_url":"https://pbs.twimg.com/profile_banners/2151278150/1536824459","default_profile":false,"default_profile_image":false,"following":null,"follow_request_sent":null,"notifications":null},"geo":null,"coordinates":null,"place":null,"contributors":null,"is_quote_status":false,"extended_tweet":{"full_text":"https://t.co/kDrnRh6vLz\n\nhttps://t.co/RxtRfOcUrU\n\n#Australia\n#Israel\n#CzechRepublic\n#Switzerland\n#Belarus\n#Turkey\n#Singapore\n#Ireland\n#Ukraine\n#Mexico\n#Romania\n#India\n#Tunisia\n#Pakistan\n#Indonesia\n#Argentina\n#Kazakhstan\n#Philippines\n#SouthAfrica\n#NewCaledonia\n#Cambodia\n#Hungary https://t.co/ooTuDSk9l9","display_text_range":[0,278],"entities":{"hashtags":[{"text":"Australia","indices":[50,60]},{"text":"Israel","indices":[61,68]},{"text":"CzechRepublic","indices":[69,83]},{"text":"Switzerland","indices":[84,96]},{"text":"Belarus","indices":[97,105]},{"text":"Turkey","indices":[106,113]},{"text":"Singapore","indices":[114,124]},{"text":"Ireland","indices":[125,133]},{"text":"Ukraine","indices":[134,142]},{"text":"Mexico","indices":[143,150]},{"text":"Romania","indices":[151,159]},{"text":"India","indices":[160,166]},{"text":"Tunisia","indices":[167,175]},{"text":"Pakistan","indices":[176,185]},{"text":"Indonesia","indices":[186,196]},{"text":"Argentina","indices":[197,207]},{"text":"Kazakhstan","indices":[208,219]},{"text":"Philippines","indices":[220,232]},{"text":"SouthAfrica","indices":[233,245]},{"text":"NewCaledonia","indices":[246,259]},{"text":"Cambodia","indices":[260,269]},{"text":"Hungary","indices":[270,278]}],"urls":[{"url":"https://t.co/kDrnRh6vLz","expanded_url":"http://streaming.pro-fhi.net/Panoramix-Radio-Station","display_url":"streaming.pro-fhi.net/Panoramix-Radi…","indices":[0,23]},{"url":"https://t.co/RxtRfOcUrU","expanded_url":"http://www.panoramix-agency.fr","display_url":"panoramix-agency.fr","indices":[25,48]}],"user_mentions":[],"symbols":[],"media":[{"id":991686451170553900,"id_str":"991686451170553856","indices":[279,302],"media_url":"http://pbs.twimg.com/media/DcMtkrqWsAA9Etr.jpg","media_url_https":"https://pbs.twimg.com/media/DcMtkrqWsAA9Etr.jpg","url":"https://t.co/ooTuDSk9l9","display_url":"pic.twitter.com/ooTuDSk9l9","expanded_url":"https://twitter.com/Panoramix_Radio/status/991686467259916288/photo/1","type":"photo","sizes":{"thumb":{"w":150,"h":150,"resize":"crop"},"large":{"w":1275,"h":1875,"resize":"fit"},"medium":{"w":816,"h":1200,"resize":"fit"},"small":{"w":462,"h":680,"resize":"fit"}}}]},"extended_entities":{"media":[{"id":991686451170553900,"id_str":"991686451170553856","indices":[279,302],"media_url":"http://pbs.twimg.com/media/DcMtkrqWsAA9Etr.jpg","media_url_https":"https://pbs.twimg.com/media/DcMtkrqWsAA9Etr.jpg","url":"https://t.co/ooTuDSk9l9","display_url":"pic.twitter.com/ooTuDSk9l9","expanded_url":"https://twitter.com/Panoramix_Radio/status/991686467259916288/photo/1","type":"photo","sizes":{"thumb":{"w":150,"h":150,"resize":"crop"},"large":{"w":1275,"h":1875,"resize":"fit"},"medium":{"w":816,"h":1200,"resize":"fit"},"small":{"w":462,"h":680,"resize":"fit"}}}]}},"quote_count":0,"reply_count":0,"retweet_count":4,"favorite_count":2,"entities":{"hashtags":[{"text":"Australia","indices":[50,60]},{"text":"Israel","indices":[61,68]},{"text":"CzechRepublic","indices":[69,83]},{"text":"Switzerland","indices":[84,96]},{"text":"Belarus","indices":[97,105]},{"text":"Turkey","indices":[106,113]}],"urls":[{"url":"https://t.co/kDrnRh6vLz","expanded_url":"http://streaming.pro-fhi.net/Panoramix-Radio-Station","display_url":"streaming.pro-fhi.net/Panoramix-Radi…","indices":[0,23]},{"url":"https://t.co/RxtRfOcUrU","expanded_url":"http://www.panoramix-agency.fr","display_url":"panoramix-agency.fr","indices":[25,48]},{"url":"https://t.co/cjV0j7tVAD","expanded_url":"https://twitter.com/i/web/status/991686467259916288","display_url":"twitter.com/i/web/status/9…","indices":[115,138]}],"user_mentions":[],"symbols":[]},"favorited":false,"retweeted":false,"possibly_sensitive":false,"filter_level":"low","lang":"und"},"is_quote_status":false,"quote_count":0,"reply_count":0,"retweet_count":0,"favorite_count":0,"entities":{"hashtags":[{"text":"Australia","indices":[71,81]},{"text":"Israel","indices":[82,89]},{"text":"CzechRepublic","indices":[90,104]},{"text":"Switzerland","indices":[105,117]},{"text":"Belarus","indices":[118,126]},{"text":"Turkey","indices":[127,134]}],"urls":[{"url":"https://t.co/kDrnRh6vLz","expanded_url":"http://streaming.pro-fhi.net/Panoramix-Radio-Station","display_url":"streaming.pro-fhi.net/Panoramix-Radi…","indices":[21,44]},{"url":"https://t.co/RxtRfOcUrU","expanded_url":"http://www.panoramix-agency.fr","display_url":"panoramix-agency.fr","indices":[46,69]}],"user_mentions":[{"screen_name":"Panoramix_Radio","name":"PanoramixRadio","id":2151278150,"id_str":"2151278150","indices":[3,19]}],"symbols":[]},"favorited":false,"retweeted":false,"possibly_sensitive":false,"filter_level":"low","lang":"und","timestamp_ms":"1537265981732"}