{"created_at":"Tue Sep 18 10:34:03 +0000 2018","id":1041998780529172500,"id_str":"1041998780529172480","text":"🎉 Rise Ini Kalilah in Singapore 🎉\nDear Malaysians &amp; Singaporeans, get ready to watch Rise Ini Kalilah in Singapore… https://t.co/YAIp5DmX2U","source":"<a href=\"http://twitter.com\" rel=\"nofollow\">Twitter Web Client</a>","truncated":true,"in_reply_to_status_id":null,"in_reply_to_status_id_str":null,"in_reply_to_user_id":null,"in_reply_to_user_id_str":null,"in_reply_to_screen_name":null,"user":{"id":1024186163572043800,"id_str":"1024186163572043782","name":"Rise: Ini Kalilah","screen_name":"riseinikalilah","location":"Malaysia","url":null,"description":null,"translator_type":"none","protected":false,"verified":false,"followers_count":83,"friends_count":0,"listed_count":1,"favourites_count":97,"statuses_count":198,"created_at":"Tue Jul 31 06:53:04 +0000 2018","utc_offset":null,"time_zone":null,"geo_enabled":false,"lang":"en","contributors_enabled":false,"is_translator":false,"profile_background_color":"F5F8FA","profile_background_image_url":"","profile_background_image_url_https":"","profile_background_tile":false,"profile_link_color":"1DA1F2","profile_sidebar_border_color":"C0DEED","profile_sidebar_fill_color":"DDEEF6","profile_text_color":"333333","profile_use_background_image":true,"profile_image_url":"http://pbs.twimg.com/profile_images/1035114100257222658/zmW6emj5_normal.jpg","profile_image_url_https":"https://pbs.twimg.com/profile_images/1035114100257222658/zmW6emj5_normal.jpg","profile_banner_url":"https://pbs.twimg.com/profile_banners/1024186163572043782/1536301352","default_profile":true,"default_profile_image":false,"following":null,"follow_request_sent":null,"notifications":null},"geo":null,"coordinates":null,"place":null,"contributors":null,"is_quote_status":false,"extended_tweet":{"full_text":"🎉 Rise Ini Kalilah in Singapore 🎉\nDear Malaysians &amp; Singaporeans, get ready to watch Rise Ini Kalilah in Singapore this 20th September 2018! https://t.co/IJT3wKbtfG\n\nCatch the movie in:\nCathay Cineplaxes\nGolden Village Cinemas\n\n#Riseinikalilah\n#inikalilah\n#Singapore","display_text_range":[0,270],"entities":{"hashtags":[{"text":"Riseinikalilah","indices":[232,247]},{"text":"inikalilah","indices":[248,259]},{"text":"Singapore","indices":[260,270]}],"urls":[{"url":"https://t.co/IJT3wKbtfG","expanded_url":"http://bit.ly/RiseSGTrailer","display_url":"bit.ly/RiseSGTrailer","indices":[145,168]}],"user_mentions":[],"symbols":[]}},"quote_count":0,"reply_count":0,"retweet_count":0,"favorite_count":0,"entities":{"hashtags":[],"urls":[{"url":"https://t.co/YAIp5DmX2U","expanded_url":"https://twitter.com/i/web/status/1041998780529172480","display_url":"twitter.com/i/web/status/1…","indices":[120,143]}],"user_mentions":[],"symbols":[]},"favorited":false,"retweeted":false,"possibly_sensitive":false,"filter_level":"low","lang":"en","timestamp_ms":"1537266843336"}