{"created_at":"Tue Sep 18 10:19:48 +0000 2018","id":1041995193652633600,"id_str":"1041995193652633600","text":"RT @Pantip1996: 🛫 ทริปสั้นๆ ศุกร์-เสาร์-อาทิตย์ ..ตะลุยมุมใหม่ๆ ใน “สิงคโปร์\" หูยยย 😁 รูปสวยมากเลย เห็นแล้วอยากไปตามแชะภาพกับแลนด์มาร์คทั้ง…","source":"<a href=\"http://twitter.com/download/android\" rel=\"nofollow\">Twitter for Android</a>","truncated":false,"in_reply_to_status_id":null,"in_reply_to_status_id_str":null,"in_reply_to_user_id":null,"in_reply_to_user_id_str":null,"in_reply_to_screen_name":null,"user":{"id":924423031,"id_str":"924423031","name":"Feeling alive","screen_name":"got_kittitat","location":"Bangkok, Thailand","url":null,"description":"20 ☆ IG : gotthearchie 💪","translator_type":"none","protected":false,"verified":false,"followers_count":218,"friends_count":990,"listed_count":2,"favourites_count":4214,"statuses_count":29324,"created_at":"Sun Nov 04 01:41:11 +0000 2012","utc_offset":null,"time_zone":null,"geo_enabled":true,"lang":"en","contributors_enabled":false,"is_translator":false,"profile_background_color":"FFCC4D","profile_background_image_url":"http://abs.twimg.com/images/themes/theme4/bg.gif","profile_background_image_url_https":"https://abs.twimg.com/images/themes/theme4/bg.gif","profile_background_tile":false,"profile_link_color":"981CEB","profile_sidebar_border_color":"5ED4DC","profile_sidebar_fill_color":"95E8EC","profile_text_color":"3C3940","profile_use_background_image":true,"profile_image_url":"http://pbs.twimg.com/profile_images/1007623747094773761/1-V1gQae_normal.jpg","profile_image_url_https":"https://pbs.twimg.com/profile_images/1007623747094773761/1-V1gQae_normal.jpg","profile_banner_url":"https://pbs.twimg.com/profile_banners/924423031/1519481919","default_profile":false,"default_profile_image":false,"following":null,"follow_request_sent":null,"notifications":null},"geo":null,"coordinates":null,"place":null,"contributors":null,"retweeted_status":{"created_at":"Mon Sep 17 09:58:17 +0000 2018","id":1041627394052771800,"id_str":"1041627394052771840","text":"🛫 ทริปสั้นๆ ศุกร์-เสาร์-อาทิตย์ ..ตะลุยมุมใหม่ๆ ใน “สิงคโปร์\" หูยยย 😁 รูปสวยมากเลย เห็นแล้วอยากไปตามแชะภาพกับแลนด์ม… https://t.co/csfnzL5j0A","display_text_range":[0,140],"source":"<a href=\"https://about.twitter.com/products/tweetdeck\" rel=\"nofollow\">TweetDeck</a>","truncated":true,"in_reply_to_status_id":null,"in_reply_to_status_id_str":null,"in_reply_to_user_id":null,"in_reply_to_user_id_str":null,"in_reply_to_screen_name":null,"user":{"id":68903409,"id_str":"68903409","name":"Pantip.com","screen_name":"Pantip1996","location":"Thailand","url":"http://www.pantip.com","description":"✪ Website ☛ http://Pantip.com\n✪ Facebook ☛ https://www.facebook.com/pantipdotcom\n✪ Line ☛ https://line.me/R/ti/p/%40pantip.com","translator_type":"none","protected":false,"verified":false,"followers_count":239962,"friends_count":4,"listed_count":391,"favourites_count":1,"statuses_count":16370,"created_at":"Wed Aug 26 05:04:05 +0000 2009","utc_offset":null,"time_zone":null,"geo_enabled":true,"lang":"en","contributors_enabled":false,"is_translator":false,"profile_background_color":"352726","profile_background_image_url":"http://abs.twimg.com/images/themes/theme5/bg.gif","profile_background_image_url_https":"https://abs.twimg.com/images/themes/theme5/bg.gif","profile_background_tile":false,"profile_link_color":"D02B55","profile_sidebar_border_color":"829D5E","profile_sidebar_fill_color":"99CC33","profile_text_color":"3E4415","profile_use_background_image":true,"profile_image_url":"http://pbs.twimg.com/profile_images/924888316914180096/-u19dnaH_normal.jpg","profile_image_url_https":"https://pbs.twimg.com/profile_images/924888316914180096/-u19dnaH_normal.jpg","profile_banner_url":"https://pbs.twimg.com/profile_banners/68903409/1509618628","default_profile":false,"default_profile_image":false,"following":null,"follow_request_sent":null,"notifications":null},"geo":null,"coordinates":null,"place":null,"contributors":null,"is_quote_status":false,"extended_tweet":{"full_text":"🛫 ทริปสั้นๆ ศุกร์-เสาร์-อาทิตย์ ..ตะลุยมุมใหม่ๆ ใน “สิงคโปร์\" หูยยย 😁 รูปสวยมากเลย เห็นแล้วอยากไปตามแชะภาพกับแลนด์มาร์คทั้งหมดนี้จัง 📸 #เที่ยวสิงคโปร์ #เที่ยวได้แม้เวลามีน้อย #บลูแพลนเที่ยว #สิงคโปร์ #Singapore \nhttps://t.co/bDdB9TINhV https://t.co/WC4io0oLxR","display_text_range":[0,235],"entities":{"hashtags":[{"text":"เที่ยวสิงคโปร์","indices":[135,150]},{"text":"เที่ยวได้แม้เวลามีน้อย","indices":[151,174]},{"text":"บลูแพลนเที่ยว","indices":[175,189]},{"text":"สิงคโปร์","indices":[190,199]},{"text":"Singapore","indices":[200,210]}],"urls":[{"url":"https://t.co/bDdB9TINhV","expanded_url":"https://pantip.com/s/931yy","display_url":"pantip.com/s/931yy","indices":[212,235]}],"user_mentions":[],"symbols":[],"media":[{"id":1041579543608217600,"id_str":"1041579543608217605","indices":[236,259],"media_url":"http://pbs.twimg.com/media/DnRvE44U0AUD6gG.jpg","media_url_https":"https://pbs.twimg.com/media/DnRvE44U0AUD6gG.jpg","url":"https://t.co/WC4io0oLxR","display_url":"pic.twitter.com/WC4io0oLxR","expanded_url":"https://twitter.com/Pantip1996/status/1041627394052771840/photo/1","type":"photo","sizes":{"large":{"w":1500,"h":1000,"resize":"fit"},"thumb":{"w":150,"h":150,"resize":"crop"},"medium":{"w":1200,"h":800,"resize":"fit"},"small":{"w":680,"h":453,"resize":"fit"}}},{"id":1041579543616577500,"id_str":"1041579543616577536","indices":[236,259],"media_url":"http://pbs.twimg.com/media/DnRvE46UYAAcrCr.jpg","media_url_https":"https://pbs.twimg.com/media/DnRvE46UYAAcrCr.jpg","url":"https://t.co/WC4io0oLxR","display_url":"pic.twitter.com/WC4io0oLxR","expanded_url":"https://twitter.com/Pantip1996/status/1041627394052771840/photo/1","type":"photo","sizes":{"medium":{"w":600,"h":901,"resize":"fit"},"thumb":{"w":150,"h":150,"resize":"crop"},"large":{"w":600,"h":901,"resize":"fit"},"small":{"w":453,"h":680,"resize":"fit"}}},{"id":1041579543616663600,"id_str":"1041579543616663552","indices":[236,259],"media_url":"http://pbs.twimg.com/media/DnRvE46VsAA9Ihv.jpg","media_url_https":"https://pbs.twimg.com/media/DnRvE46VsAA9Ihv.jpg","url":"https://t.co/WC4io0oLxR","display_url":"pic.twitter.com/WC4io0oLxR","expanded_url":"https://twitter.com/Pantip1996/status/1041627394052771840/photo/1","type":"photo","sizes":{"thumb":{"w":150,"h":150,"resize":"crop"},"large":{"w":600,"h":901,"resize":"fit"},"small":{"w":453,"h":680,"resize":"fit"},"medium":{"w":600,"h":901,"resize":"fit"}}},{"id":1041579543616581600,"id_str":"1041579543616581632","indices":[236,259],"media_url":"http://pbs.twimg.com/media/DnRvE46UcAA4OgA.jpg","media_url_https":"https://pbs.twimg.com/media/DnRvE46UcAA4OgA.jpg","url":"https://t.co/WC4io0oLxR","display_url":"pic.twitter.com/WC4io0oLxR","expanded_url":"https://twitter.com/Pantip1996/status/1041627394052771840/photo/1","type":"photo","sizes":{"thumb":{"w":150,"h":150,"resize":"crop"},"large":{"w":600,"h":901,"resize":"fit"},"medium":{"w":600,"h":901,"resize":"fit"},"small":{"w":453,"h":680,"resize":"fit"}}}]},"extended_entities":{"media":[{"id":1041579543608217600,"id_str":"1041579543608217605","indices":[236,259],"media_url":"http://pbs.twimg.com/media/DnRvE44U0AUD6gG.jpg","media_url_https":"https://pbs.twimg.com/media/DnRvE44U0AUD6gG.jpg","url":"https://t.co/WC4io0oLxR","display_url":"pic.twitter.com/WC4io0oLxR","expanded_url":"https://twitter.com/Pantip1996/status/1041627394052771840/photo/1","type":"photo","sizes":{"large":{"w":1500,"h":1000,"resize":"fit"},"thumb":{"w":150,"h":150,"resize":"crop"},"medium":{"w":1200,"h":800,"resize":"fit"},"small":{"w":680,"h":453,"resize":"fit"}}},{"id":1041579543616577500,"id_str":"1041579543616577536","indices":[236,259],"media_url":"http://pbs.twimg.com/media/DnRvE46UYAAcrCr.jpg","media_url_https":"https://pbs.twimg.com/media/DnRvE46UYAAcrCr.jpg","url":"https://t.co/WC4io0oLxR","display_url":"pic.twitter.com/WC4io0oLxR","expanded_url":"https://twitter.com/Pantip1996/status/1041627394052771840/photo/1","type":"photo","sizes":{"medium":{"w":600,"h":901,"resize":"fit"},"thumb":{"w":150,"h":150,"resize":"crop"},"large":{"w":600,"h":901,"resize":"fit"},"small":{"w":453,"h":680,"resize":"fit"}}},{"id":1041579543616663600,"id_str":"1041579543616663552","indices":[236,259],"media_url":"http://pbs.twimg.com/media/DnRvE46VsAA9Ihv.jpg","media_url_https":"https://pbs.twimg.com/media/DnRvE46VsAA9Ihv.jpg","url":"https://t.co/WC4io0oLxR","display_url":"pic.twitter.com/WC4io0oLxR","expanded_url":"https://twitter.com/Pantip1996/status/1041627394052771840/photo/1","type":"photo","sizes":{"thumb":{"w":150,"h":150,"resize":"crop"},"large":{"w":600,"h":901,"resize":"fit"},"small":{"w":453,"h":680,"resize":"fit"},"medium":{"w":600,"h":901,"resize":"fit"}}},{"id":1041579543616581600,"id_str":"1041579543616581632","indices":[236,259],"media_url":"http://pbs.twimg.com/media/DnRvE46UcAA4OgA.jpg","media_url_https":"https://pbs.twimg.com/media/DnRvE46UcAA4OgA.jpg","url":"https://t.co/WC4io0oLxR","display_url":"pic.twitter.com/WC4io0oLxR","expanded_url":"https://twitter.com/Pantip1996/status/1041627394052771840/photo/1","type":"photo","sizes":{"thumb":{"w":150,"h":150,"resize":"crop"},"large":{"w":600,"h":901,"resize":"fit"},"medium":{"w":600,"h":901,"resize":"fit"},"small":{"w":453,"h":680,"resize":"fit"}}}]}},"quote_count":6,"reply_count":0,"retweet_count":167,"favorite_count":205,"entities":{"hashtags":[],"urls":[{"url":"https://t.co/csfnzL5j0A","expanded_url":"https://twitter.com/i/web/status/1041627394052771840","display_url":"twitter.com/i/web/status/1…","indices":[117,140]}],"user_mentions":[],"symbols":[]},"favorited":false,"retweeted":false,"possibly_sensitive":false,"filter_level":"low","lang":"th"},"is_quote_status":false,"quote_count":0,"reply_count":0,"retweet_count":0,"favorite_count":0,"entities":{"hashtags":[],"urls":[],"user_mentions":[{"screen_name":"Pantip1996","name":"Pantip.com","id":68903409,"id_str":"68903409","indices":[3,14]}],"symbols":[]},"favorited":false,"retweeted":false,"filter_level":"low","lang":"th","timestamp_ms":"1537265988158"}