{"created_at":"Tue Sep 18 11:24:14 +0000 2018","id":1042011410090393600,"id_str":"1042011410090393600","text":"\"Tweede plek van Max Verstappen was eigenlijk indrukwekkender dan zege Hamilton\" https://t.co/9biw6NcOGo Martin Bru… https://t.co/dYWf83EcRo","source":"<a href=\"https://ifttt.com\" rel=\"nofollow\">IFTTT</a>","truncated":true,"in_reply_to_status_id":null,"in_reply_to_status_id_str":null,"in_reply_to_user_id":null,"in_reply_to_user_id_str":null,"in_reply_to_screen_name":null,"user":{"id":418529672,"id_str":"418529672","name":"Auto Nieuws","screen_name":"_auto_nieuws","location":null,"url":"http://drimble.nl/auto/autonieuws/","description":"Het laatste autonieuws","translator_type":"none","protected":false,"verified":false,"followers_count":621,"friends_count":13,"listed_count":56,"favourites_count":0,"statuses_count":217886,"created_at":"Tue Nov 22 08:44:50 +0000 2011","utc_offset":null,"time_zone":null,"geo_enabled":false,"lang":"nl","contributors_enabled":false,"is_translator":false,"profile_background_color":"131516","profile_background_image_url":"http://abs.twimg.com/images/themes/theme14/bg.gif","profile_background_image_url_https":"https://abs.twimg.com/images/themes/theme14/bg.gif","profile_background_tile":true,"profile_link_color":"009999","profile_sidebar_border_color":"EEEEEE","profile_sidebar_fill_color":"EFEFEF","profile_text_color":"333333","profile_use_background_image":true,"profile_image_url":"http://pbs.twimg.com/profile_images/1651695239/auto_normal.jpg","profile_image_url_https":"https://pbs.twimg.com/profile_images/1651695239/auto_normal.jpg","profile_banner_url":"https://pbs.twimg.com/profile_banners/418529672/1451488290","default_profile":false,"default_profile_image":false,"following":null,"follow_request_sent":null,"notifications":null},"geo":null,"coordinates":null,"place":null,"contributors":null,"is_quote_status":false,"extended_tweet":{"full_text":"\"Tweede plek van Max Verstappen was eigenlijk indrukwekkender dan zege Hamilton\" https://t.co/9biw6NcOGo Martin Brundle vindt het jammer dat #MaxVerstappen in #Singapore niet echt de strijd aan kon gaan met #LewisHamilton. In zijn...","display_text_range":[0,233],"entities":{"hashtags":[{"text":"MaxVerstappen","indices":[141,155]},{"text":"Singapore","indices":[159,169]},{"text":"LewisHamilton","indices":[207,221]}],"urls":[{"url":"https://t.co/9biw6NcOGo","expanded_url":"https://ift.tt/2xwdXMQ","display_url":"ift.tt/2xwdXMQ","indices":[81,104]}],"user_mentions":[],"symbols":[]}},"quote_count":0,"reply_count":0,"retweet_count":0,"favorite_count":0,"entities":{"hashtags":[],"urls":[{"url":"https://t.co/9biw6NcOGo","expanded_url":"https://ift.tt/2xwdXMQ","display_url":"ift.tt/2xwdXMQ","indices":[81,104]},{"url":"https://t.co/dYWf83EcRo","expanded_url":"https://twitter.com/i/web/status/1042011410090393600","display_url":"twitter.com/i/web/status/1…","indices":[117,140]}],"user_mentions":[],"symbols":[]},"favorited":false,"retweeted":false,"possibly_sensitive":false,"filter_level":"low","lang":"nl","timestamp_ms":"1537269854458"}