{"created_at":"Tue Sep 18 11:10:00 +0000 2018","id":1042007827815051300,"id_str":"1042007827815051269","text":"#SavetheDate: 31 Oct-1 Nov @IRENA is holding #IOREC — the Int'l Off-grid Renewable Energy Conference, alongside the… https://t.co/bwAuWXtffH","display_text_range":[0,140],"source":"<a href=\"https://about.twitter.com/products/tweetdeck\" rel=\"nofollow\">TweetDeck</a>","truncated":true,"in_reply_to_status_id":null,"in_reply_to_status_id_str":null,"in_reply_to_user_id":null,"in_reply_to_user_id_str":null,"in_reply_to_screen_name":null,"user":{"id":1926360631,"id_str":"1926360631","name":"IRENA","screen_name":"IRENA","location":"Abu Dhabi ","url":"http://www.irena.org/","description":"The International Renewable Energy Agency is an intergovernmental organisation that supports countries in their transition to a sustainable energy future.","translator_type":"none","protected":false,"verified":true,"followers_count":51602,"friends_count":367,"listed_count":1205,"favourites_count":4161,"statuses_count":14047,"created_at":"Wed Oct 02 09:32:23 +0000 2013","utc_offset":null,"time_zone":null,"geo_enabled":true,"lang":"en","contributors_enabled":false,"is_translator":false,"profile_background_color":"0079AE","profile_background_image_url":"http://abs.twimg.com/images/themes/theme1/bg.png","profile_background_image_url_https":"https://abs.twimg.com/images/themes/theme1/bg.png","profile_background_tile":false,"profile_link_color":"0073AB","profile_sidebar_border_color":"FFFFFF","profile_sidebar_fill_color":"DDEEF6","profile_text_color":"333333","profile_use_background_image":true,"profile_image_url":"http://pbs.twimg.com/profile_images/824233436533686272/A5kC3VsQ_normal.jpg","profile_image_url_https":"https://pbs.twimg.com/profile_images/824233436533686272/A5kC3VsQ_normal.jpg","profile_banner_url":"https://pbs.twimg.com/profile_banners/1926360631/1433945213","default_profile":false,"default_profile_image":false,"following":null,"follow_request_sent":null,"notifications":null},"geo":null,"coordinates":null,"place":null,"contributors":null,"is_quote_status":false,"extended_tweet":{"full_text":"#SavetheDate: 31 Oct-1 Nov @IRENA is holding #IOREC — the Int'l Off-grid Renewable Energy Conference, alongside the Asia Clean Energy Summit — in #Singapore during #SIEW2018. See what’s happening &amp; how you can get involved https://t.co/8dTI29oU2f #Renewables4Development @SIEW_sg https://t.co/vcw6CQyKrb","display_text_range":[0,283],"entities":{"hashtags":[{"text":"SavetheDate","indices":[0,12]},{"text":"IOREC","indices":[45,51]},{"text":"Singapore","indices":[146,156]},{"text":"SIEW2018","indices":[164,173]},{"text":"Renewables4Development","indices":[251,274]}],"urls":[{"url":"https://t.co/8dTI29oU2f","expanded_url":"http://iorec.irena.org","display_url":"iorec.irena.org","indices":[227,250]}],"user_mentions":[{"screen_name":"IRENA","name":"IRENA","id":1926360631,"id_str":"1926360631","indices":[27,33]},{"screen_name":"SIEW_sg","name":"SingaporeEnergyWeek","id":175301859,"id_str":"175301859","indices":[275,283]}],"symbols":[],"media":[{"id":1041952750001631200,"id_str":"1041952750001631238","indices":[284,307],"media_url":"http://pbs.twimg.com/media/DnXCgXCWsAYIzvz.jpg","media_url_https":"https://pbs.twimg.com/media/DnXCgXCWsAYIzvz.jpg","url":"https://t.co/vcw6CQyKrb","display_url":"pic.twitter.com/vcw6CQyKrb","expanded_url":"https://twitter.com/IRENA/status/1042007827815051269/photo/1","type":"photo","sizes":{"thumb":{"w":150,"h":150,"resize":"crop"},"large":{"w":1200,"h":627,"resize":"fit"},"medium":{"w":1200,"h":627,"resize":"fit"},"small":{"w":680,"h":355,"resize":"fit"}}}]},"extended_entities":{"media":[{"id":1041952750001631200,"id_str":"1041952750001631238","indices":[284,307],"media_url":"http://pbs.twimg.com/media/DnXCgXCWsAYIzvz.jpg","media_url_https":"https://pbs.twimg.com/media/DnXCgXCWsAYIzvz.jpg","url":"https://t.co/vcw6CQyKrb","display_url":"pic.twitter.com/vcw6CQyKrb","expanded_url":"https://twitter.com/IRENA/status/1042007827815051269/photo/1","type":"photo","sizes":{"thumb":{"w":150,"h":150,"resize":"crop"},"large":{"w":1200,"h":627,"resize":"fit"},"medium":{"w":1200,"h":627,"resize":"fit"},"small":{"w":680,"h":355,"resize":"fit"}}}]}},"quote_count":0,"reply_count":0,"retweet_count":0,"favorite_count":0,"entities":{"hashtags":[{"text":"SavetheDate","indices":[0,12]},{"text":"IOREC","indices":[45,51]}],"urls":[{"url":"https://t.co/bwAuWXtffH","expanded_url":"https://twitter.com/i/web/status/1042007827815051269","display_url":"twitter.com/i/web/status/1…","indices":[117,140]}],"user_mentions":[{"screen_name":"IRENA","name":"IRENA","id":1926360631,"id_str":"1926360631","indices":[27,33]}],"symbols":[]},"favorited":false,"retweeted":false,"possibly_sensitive":false,"filter_level":"low","lang":"en","timestamp_ms":"1537269000377"}