{"created_at":"Tue Sep 18 11:10:10 +0000 2018","id":1042007868629807100,"id_str":"1042007868629807104","text":"Back safely in #HongKong. Had the opportunity to work with the talented team here in #Singapore. From the great foo… https://t.co/Fj5mySkhq2","source":"<a href=\"https://www.hootsuite.com\" rel=\"nofollow\">Hootsuite Inc.</a>","truncated":true,"in_reply_to_status_id":null,"in_reply_to_status_id_str":null,"in_reply_to_user_id":null,"in_reply_to_user_id_str":null,"in_reply_to_screen_name":null,"user":{"id":219253371,"id_str":"219253371","name":"Ken Wong","screen_name":"Ken_Wong","location":"Hong Kong","url":"https://hk.linkedin.com/in/ken-wong-lenovo-ap","description":"President @Lenovo Asia Pacific. Crossfit or Muay Thai for intensity, focus & fitness. Strive for continuous learning! Expertise in #Strategy #Leadership #Tech","translator_type":"none","protected":false,"verified":false,"followers_count":1319,"friends_count":353,"listed_count":40,"favourites_count":422,"statuses_count":1212,"created_at":"Wed Nov 24 10:37:01 +0000 2010","utc_offset":null,"time_zone":null,"geo_enabled":false,"lang":"en","contributors_enabled":false,"is_translator":false,"profile_background_color":"C0DEED","profile_background_image_url":"http://abs.twimg.com/images/themes/theme1/bg.png","profile_background_image_url_https":"https://abs.twimg.com/images/themes/theme1/bg.png","profile_background_tile":false,"profile_link_color":"1DA1F2","profile_sidebar_border_color":"C0DEED","profile_sidebar_fill_color":"DDEEF6","profile_text_color":"333333","profile_use_background_image":true,"profile_image_url":"http://pbs.twimg.com/profile_images/928804395210350592/tvkCiTrO_normal.jpg","profile_image_url_https":"https://pbs.twimg.com/profile_images/928804395210350592/tvkCiTrO_normal.jpg","profile_banner_url":"https://pbs.twimg.com/profile_banners/219253371/1474340615","default_profile":true,"default_profile_image":false,"following":null,"follow_request_sent":null,"notifications":null},"geo":null,"coordinates":null,"place":null,"contributors":null,"is_quote_status":false,"extended_tweet":{"full_text":"Back safely in #HongKong. Had the opportunity to work with the talented team here in #Singapore. From the great food to the beautiful sights and most importantly, the wonderful people, I had the most amazing time. Can’t wait to be back in this #LittleRedDot!","display_text_range":[0,258],"entities":{"hashtags":[{"text":"HongKong","indices":[15,24]},{"text":"Singapore","indices":[85,95]},{"text":"LittleRedDot","indices":[244,257]}],"urls":[],"user_mentions":[],"symbols":[]}},"quote_count":0,"reply_count":0,"retweet_count":0,"favorite_count":0,"entities":{"hashtags":[{"text":"HongKong","indices":[15,24]},{"text":"Singapore","indices":[85,95]}],"urls":[{"url":"https://t.co/Fj5mySkhq2","expanded_url":"https://twitter.com/i/web/status/1042007868629807104","display_url":"twitter.com/i/web/status/1…","indices":[117,140]}],"user_mentions":[],"symbols":[]},"favorited":false,"retweeted":false,"filter_level":"low","lang":"en","timestamp_ms":"1537269010108"}