{"created_at":"Tue Sep 18 10:20:03 +0000 2018","id":1041995259377590300,"id_str":"1041995259377590277","text":"See how #Singapore's #SeniorCitizens are taking on #technology by learning to #code! 50 - 80 year olds are enrolled… https://t.co/8tTxT3LZmH","source":"<a href=\"https://www.hootsuite.com\" rel=\"nofollow\">Hootsuite Inc.</a>","truncated":true,"in_reply_to_status_id":null,"in_reply_to_status_id_str":null,"in_reply_to_user_id":null,"in_reply_to_user_id_str":null,"in_reply_to_screen_name":null,"user":{"id":602783207,"id_str":"602783207","name":"Mitra Innovation","screen_name":"MitraInnovation","location":"Global","url":"http://www.mitrai.com/","description":"#Technology #Innovation company with a passion for building #business solutions. \nSpeacilists in #Cloud, #Integration, #AWS, #WSO2, #DevOps, #ML / #AI, & #Agile","translator_type":"none","protected":false,"verified":false,"followers_count":382,"friends_count":408,"listed_count":162,"favourites_count":631,"statuses_count":1822,"created_at":"Fri Jun 08 14:05:39 +0000 2012","utc_offset":null,"time_zone":null,"geo_enabled":false,"lang":"en","contributors_enabled":false,"is_translator":false,"profile_background_color":"DE801B","profile_background_image_url":"http://abs.twimg.com/images/themes/theme1/bg.png","profile_background_image_url_https":"https://abs.twimg.com/images/themes/theme1/bg.png","profile_background_tile":false,"profile_link_color":"1D7ADE","profile_sidebar_border_color":"FFFFFF","profile_sidebar_fill_color":"DDEEF6","profile_text_color":"333333","profile_use_background_image":false,"profile_image_url":"http://pbs.twimg.com/profile_images/2307600950/7x73tercytk9lhgv0e7l_normal.png","profile_image_url_https":"https://pbs.twimg.com/profile_images/2307600950/7x73tercytk9lhgv0e7l_normal.png","profile_banner_url":"https://pbs.twimg.com/profile_banners/602783207/1510652601","default_profile":false,"default_profile_image":false,"following":null,"follow_request_sent":null,"notifications":null},"geo":null,"coordinates":null,"place":null,"contributors":null,"is_quote_status":false,"extended_tweet":{"full_text":"See how #Singapore's #SeniorCitizens are taking on #technology by learning to #code! 50 - 80 year olds are enrolled to take on new #tech challenges, keeping they're brains sharp &amp; even creating new #apps! #Coding #Health #Education #Asia #BackToSchool https://t.co/GdJZcIRUV8","display_text_range":[0,279],"entities":{"hashtags":[{"text":"Singapore","indices":[8,18]},{"text":"SeniorCitizens","indices":[21,36]},{"text":"technology","indices":[51,62]},{"text":"code","indices":[78,83]},{"text":"tech","indices":[131,136]},{"text":"apps","indices":[202,207]},{"text":"Coding","indices":[209,216]},{"text":"Health","indices":[217,224]},{"text":"Education","indices":[225,235]},{"text":"Asia","indices":[236,241]},{"text":"BackToSchool","indices":[242,255]}],"urls":[{"url":"https://t.co/GdJZcIRUV8","expanded_url":"https://www.bbc.co.uk/news/av/business-43880869/the-senior-citizens-taking-on-coding","display_url":"bbc.co.uk/news/av/busine…","indices":[256,279]}],"user_mentions":[],"symbols":[]}},"quote_count":0,"reply_count":0,"retweet_count":0,"favorite_count":0,"entities":{"hashtags":[{"text":"Singapore","indices":[8,18]},{"text":"SeniorCitizens","indices":[21,36]},{"text":"technology","indices":[51,62]},{"text":"code","indices":[78,83]}],"urls":[{"url":"https://t.co/8tTxT3LZmH","expanded_url":"https://twitter.com/i/web/status/1041995259377590277","display_url":"twitter.com/i/web/status/1…","indices":[117,140]}],"user_mentions":[],"symbols":[]},"favorited":false,"retweeted":false,"possibly_sensitive":false,"filter_level":"low","lang":"en","timestamp_ms":"1537266003828"}