{"created_at":"Tue Sep 18 10:55:54 +0000 2018","id":1042004279676915700,"id_str":"1042004279676915712","text":"@JimsReviewRoom @JLuongOfficial Hope you enjoyed #Singapore!","display_text_range":[32,60],"source":"<a href=\"http://twitter.com/download/iphone\" rel=\"nofollow\">Twitter for iPhone</a>","truncated":false,"in_reply_to_status_id":1041863872326582300,"in_reply_to_status_id_str":"1041863872326582272","in_reply_to_user_id":550221078,"in_reply_to_user_id_str":"550221078","in_reply_to_screen_name":"JimsReviewRoom","user":{"id":566844270,"id_str":"566844270","name":"Daniel Martin","screen_name":"DMartin938","location":"Singapore","url":"https://radio.toggle.sg/en/938now/presenters/daniel-martin-9360444","description":"Professional Talker :) Producer / Presenter on 938NOW // Movies NOW // Host Body & Soul Ch 5 #bodyandsoulCh5 // Host Talking Point - The Vote on CNA (2011-2013)","translator_type":"none","protected":false,"verified":false,"followers_count":189,"friends_count":330,"listed_count":4,"favourites_count":96,"statuses_count":308,"created_at":"Sun Apr 29 23:56:24 +0000 2012","utc_offset":null,"time_zone":null,"geo_enabled":true,"lang":"en","contributors_enabled":false,"is_translator":false,"profile_background_color":"C0DEED","profile_background_image_url":"http://abs.twimg.com/images/themes/theme1/bg.png","profile_background_image_url_https":"https://abs.twimg.com/images/themes/theme1/bg.png","profile_background_tile":false,"profile_link_color":"0084B4","profile_sidebar_border_color":"C0DEED","profile_sidebar_fill_color":"DDEEF6","profile_text_color":"333333","profile_use_background_image":true,"profile_image_url":"http://pbs.twimg.com/profile_images/1029602561408479235/T2TGJcDS_normal.jpg","profile_image_url_https":"https://pbs.twimg.com/profile_images/1029602561408479235/T2TGJcDS_normal.jpg","profile_banner_url":"https://pbs.twimg.com/profile_banners/566844270/1507954022","default_profile":false,"default_profile_image":false,"following":null,"follow_request_sent":null,"notifications":null},"geo":null,"coordinates":null,"place":null,"contributors":null,"is_quote_status":false,"quote_count":0,"reply_count":0,"retweet_count":0,"favorite_count":0,"entities":{"hashtags":[{"text":"Singapore","indices":[49,59]}],"urls":[],"user_mentions":[{"screen_name":"JimsReviewRoom","name":"JimsReviewRoom","id":550221078,"id_str":"550221078","indices":[0,15]},{"screen_name":"JLuongOfficial","name":"Jimmy Luong","id":727110781486157800,"id_str":"727110781486157825","indices":[16,31]}],"symbols":[]},"favorited":false,"retweeted":false,"filter_level":"low","lang":"en","timestamp_ms":"1537268154435"}