{"created_at":"Tue Sep 18 10:20:08 +0000 2018","id":1041995277287256000,"id_str":"1041995277287256064","text":"Food, F1 festivities, art and so many festivals! Check out https://t.co/bQVFfM4BYG for @SingaporeAir and discover t… https://t.co/fQTuBP4eaE","display_text_range":[0,140],"source":"<a href=\"https://www.hootsuite.com\" rel=\"nofollow\">Hootsuite Inc.</a>","truncated":true,"in_reply_to_status_id":null,"in_reply_to_status_id_str":null,"in_reply_to_user_id":null,"in_reply_to_user_id_str":null,"in_reply_to_screen_name":null,"user":{"id":211069449,"id_str":"211069449","name":"Ink","screen_name":"inkglobal","location":"London","url":"http://ink-global.com","description":"We are travel media. We engage with more than 802 million passengers at every step of the journey: award winning magazines, digital content & insight.","translator_type":"none","protected":false,"verified":true,"followers_count":4910,"friends_count":2823,"listed_count":168,"favourites_count":2526,"statuses_count":8890,"created_at":"Tue Nov 02 06:39:28 +0000 2010","utc_offset":null,"time_zone":null,"geo_enabled":true,"lang":"en","contributors_enabled":false,"is_translator":false,"profile_background_color":"C0DEED","profile_background_image_url":"http://abs.twimg.com/images/themes/theme1/bg.png","profile_background_image_url_https":"https://abs.twimg.com/images/themes/theme1/bg.png","profile_background_tile":false,"profile_link_color":"E4022E","profile_sidebar_border_color":"FFFFFF","profile_sidebar_fill_color":"DDEEF6","profile_text_color":"333333","profile_use_background_image":true,"profile_image_url":"http://pbs.twimg.com/profile_images/649910046999085056/lFJR5Nz2_normal.jpg","profile_image_url_https":"https://pbs.twimg.com/profile_images/649910046999085056/lFJR5Nz2_normal.jpg","profile_banner_url":"https://pbs.twimg.com/profile_banners/211069449/1518629072","default_profile":false,"default_profile_image":false,"following":null,"follow_request_sent":null,"notifications":null},"geo":null,"coordinates":null,"place":null,"contributors":null,"is_quote_status":false,"extended_tweet":{"full_text":"Food, F1 festivities, art and so many festivals! Check out https://t.co/bQVFfM4BYG for @SingaporeAir and discover the best things to do throughout September: https://t.co/22I7qg0YG5 #Singapore #Asia #SilverKris #thingstodo #festival #F1 #food #Zouk https://t.co/fIpHDqAWTd","display_text_range":[0,248],"entities":{"hashtags":[{"text":"Singapore","indices":[182,192]},{"text":"Asia","indices":[193,198]},{"text":"SilverKris","indices":[199,210]},{"text":"thingstodo","indices":[211,222]},{"text":"festival","indices":[223,232]},{"text":"F1","indices":[233,236]},{"text":"food","indices":[237,242]},{"text":"Zouk","indices":[243,248]}],"urls":[{"url":"https://t.co/bQVFfM4BYG","expanded_url":"http://SilverKris.com","display_url":"SilverKris.com","indices":[59,82]},{"url":"https://t.co/22I7qg0YG5","expanded_url":"http://ow.ly/1iSv30lRBH1","display_url":"ow.ly/1iSv30lRBH1","indices":[158,181]}],"user_mentions":[{"screen_name":"SingaporeAir","name":"Singapore Airlines","id":253340062,"id_str":"253340062","indices":[87,100]}],"symbols":[],"media":[{"id":1041995274305069000,"id_str":"1041995274305069056","indices":[249,272],"media_url":"http://pbs.twimg.com/media/DnXpLmaW4AAOx7r.jpg","media_url_https":"https://pbs.twimg.com/media/DnXpLmaW4AAOx7r.jpg","url":"https://t.co/fIpHDqAWTd","display_url":"pic.twitter.com/fIpHDqAWTd","expanded_url":"https://twitter.com/inkglobal/status/1041995277287256064/photo/1","type":"photo","sizes":{"thumb":{"w":150,"h":150,"resize":"crop"},"small":{"w":544,"h":680,"resize":"fit"},"medium":{"w":960,"h":1200,"resize":"fit"},"large":{"w":1024,"h":1280,"resize":"fit"}}}]},"extended_entities":{"media":[{"id":1041995274305069000,"id_str":"1041995274305069056","indices":[249,272],"media_url":"http://pbs.twimg.com/media/DnXpLmaW4AAOx7r.jpg","media_url_https":"https://pbs.twimg.com/media/DnXpLmaW4AAOx7r.jpg","url":"https://t.co/fIpHDqAWTd","display_url":"pic.twitter.com/fIpHDqAWTd","expanded_url":"https://twitter.com/inkglobal/status/1041995277287256064/photo/1","type":"photo","sizes":{"thumb":{"w":150,"h":150,"resize":"crop"},"small":{"w":544,"h":680,"resize":"fit"},"medium":{"w":960,"h":1200,"resize":"fit"},"large":{"w":1024,"h":1280,"resize":"fit"}}}]}},"quote_count":0,"reply_count":0,"retweet_count":0,"favorite_count":0,"entities":{"hashtags":[],"urls":[{"url":"https://t.co/bQVFfM4BYG","expanded_url":"http://SilverKris.com","display_url":"SilverKris.com","indices":[59,82]},{"url":"https://t.co/fQTuBP4eaE","expanded_url":"https://twitter.com/i/web/status/1041995277287256064","display_url":"twitter.com/i/web/status/1…","indices":[117,140]}],"user_mentions":[{"screen_name":"SingaporeAir","name":"Singapore Airlines","id":253340062,"id_str":"253340062","indices":[87,100]}],"symbols":[]},"favorited":false,"retweeted":false,"possibly_sensitive":false,"filter_level":"low","lang":"en","timestamp_ms":"1537266008098"}