{"created_at":"Tue Sep 18 10:27:18 +0000 2018","id":1041997084461858800,"id_str":"1041997084461858816","text":"RT @Panoramix_Radio: https://t.co/Ku1kcercSH\n\n#DeepHouse #Funky #Groove #JackinHouse #EDM #DJS #PRODUCERS #Estonia #Martinique  #HOUSE #pod…","source":"<a href=\"http://twitter.com\" rel=\"nofollow\">Twitter Web Client</a>","truncated":false,"in_reply_to_status_id":null,"in_reply_to_status_id_str":null,"in_reply_to_user_id":null,"in_reply_to_user_id_str":null,"in_reply_to_screen_name":null,"user":{"id":94924938,"id_str":"94924938","name":"Yannick Yan","screen_name":"djyannickyan","location":"France","url":"http://www.panoramix-agency.fr","description":"Yannick Yan French Dj Producer","translator_type":"none","protected":false,"verified":false,"followers_count":5004,"friends_count":5018,"listed_count":512,"favourites_count":345,"statuses_count":20673,"created_at":"Sun Dec 06 03:27:21 +0000 2009","utc_offset":null,"time_zone":null,"geo_enabled":true,"lang":"fr","contributors_enabled":false,"is_translator":false,"profile_background_color":"1A1B1F","profile_background_image_url":"http://abs.twimg.com/images/themes/theme14/bg.gif","profile_background_image_url_https":"https://abs.twimg.com/images/themes/theme14/bg.gif","profile_background_tile":true,"profile_link_color":"981CEB","profile_sidebar_border_color":"000000","profile_sidebar_fill_color":"252429","profile_text_color":"666666","profile_use_background_image":true,"profile_image_url":"http://pbs.twimg.com/profile_images/1016178864274493442/mrYBE4_y_normal.jpg","profile_image_url_https":"https://pbs.twimg.com/profile_images/1016178864274493442/mrYBE4_y_normal.jpg","profile_banner_url":"https://pbs.twimg.com/profile_banners/94924938/1501536133","default_profile":false,"default_profile_image":false,"following":null,"follow_request_sent":null,"notifications":null},"geo":null,"coordinates":null,"place":null,"contributors":null,"retweeted_status":{"created_at":"Fri Mar 09 03:03:28 +0000 2018","id":971944531078844400,"id_str":"971944531078844417","text":"https://t.co/Ku1kcercSH\n\n#DeepHouse #Funky #Groove #JackinHouse #EDM #DJS #PRODUCERS #Estonia #Martinique  #HOUSE… https://t.co/dBk5xBpICI","display_text_range":[0,140],"source":"<a href=\"http://twitter.com\" rel=\"nofollow\">Twitter Web Client</a>","truncated":true,"in_reply_to_status_id":null,"in_reply_to_status_id_str":null,"in_reply_to_user_id":null,"in_reply_to_user_id_str":null,"in_reply_to_screen_name":null,"user":{"id":2151278150,"id_str":"2151278150","name":"PanoramixRadio","screen_name":"Panoramix_Radio","location":null,"url":"http://panoramix-radio-station.com","description":"appli https://play.google.com/store/apps/details?id=com.nobexinc.wls_3042441149.rc","translator_type":"none","protected":false,"verified":false,"followers_count":7103,"friends_count":7153,"listed_count":529,"favourites_count":3703,"statuses_count":140130,"created_at":"Wed Oct 23 16:20:11 +0000 2013","utc_offset":null,"time_zone":null,"geo_enabled":false,"lang":"fr","contributors_enabled":false,"is_translator":false,"profile_background_color":"131516","profile_background_image_url":"http://abs.twimg.com/images/themes/theme14/bg.gif","profile_background_image_url_https":"https://abs.twimg.com/images/themes/theme14/bg.gif","profile_background_tile":true,"profile_link_color":"FF691F","profile_sidebar_border_color":"EEEEEE","profile_sidebar_fill_color":"EFEFEF","profile_text_color":"333333","profile_use_background_image":true,"profile_image_url":"http://pbs.twimg.com/profile_images/975719459334868994/hCQphNHs_normal.jpg","profile_image_url_https":"https://pbs.twimg.com/profile_images/975719459334868994/hCQphNHs_normal.jpg","profile_banner_url":"https://pbs.twimg.com/profile_banners/2151278150/1536824459","default_profile":false,"default_profile_image":false,"following":null,"follow_request_sent":null,"notifications":null},"geo":null,"coordinates":null,"place":null,"contributors":null,"is_quote_status":false,"extended_tweet":{"full_text":"https://t.co/Ku1kcercSH\n\n#DeepHouse #Funky #Groove #JackinHouse #EDM #DJS #PRODUCERS #Estonia #Martinique  #HOUSE #podcast #newrelease #Radio #House #AfroHouse #Australia\n#Israel\n#CzechRepublic\n#Switzerland\n#Belarus\n#Turkey\n#Singapore\n#Ireland\n#Ukraine\n#Mexico\n#Romania\n#India\n#UK https://t.co/3zil30w2GP","display_text_range":[0,280],"entities":{"hashtags":[{"text":"DeepHouse","indices":[25,35]},{"text":"Funky","indices":[36,42]},{"text":"Groove","indices":[43,50]},{"text":"JackinHouse","indices":[51,63]},{"text":"EDM","indices":[64,68]},{"text":"DJS","indices":[69,73]},{"text":"PRODUCERS","indices":[74,84]},{"text":"Estonia","indices":[85,93]},{"text":"Martinique","indices":[94,105]},{"text":"HOUSE","indices":[107,113]},{"text":"podcast","indices":[114,122]},{"text":"newrelease","indices":[123,134]},{"text":"Radio","indices":[135,141]},{"text":"House","indices":[142,148]},{"text":"AfroHouse","indices":[149,159]},{"text":"Australia","indices":[160,170]},{"text":"Israel","indices":[171,178]},{"text":"CzechRepublic","indices":[179,193]},{"text":"Switzerland","indices":[194,206]},{"text":"Belarus","indices":[207,215]},{"text":"Turkey","indices":[216,223]},{"text":"Singapore","indices":[224,234]},{"text":"Ireland","indices":[235,243]},{"text":"Ukraine","indices":[244,252]},{"text":"Mexico","indices":[253,260]},{"text":"Romania","indices":[261,269]},{"text":"India","indices":[270,276]},{"text":"UK","indices":[277,280]}],"urls":[{"url":"https://t.co/Ku1kcercSH","expanded_url":"http://radio7.pro-fhi.net/flux-panoramix/stream","display_url":"radio7.pro-fhi.net/flux-panoramix…","indices":[0,23]}],"user_mentions":[],"symbols":[],"media":[{"id":971944521125769200,"id_str":"971944521125769219","indices":[281,304],"media_url":"http://pbs.twimg.com/media/DX0KZHMWsAMfbs7.jpg","media_url_https":"https://pbs.twimg.com/media/DX0KZHMWsAMfbs7.jpg","url":"https://t.co/3zil30w2GP","display_url":"pic.twitter.com/3zil30w2GP","expanded_url":"https://twitter.com/Panoramix_Radio/status/971944531078844417/photo/1","type":"photo","sizes":{"thumb":{"w":150,"h":150,"resize":"crop"},"small":{"w":680,"h":680,"resize":"fit"},"medium":{"w":720,"h":720,"resize":"fit"},"large":{"w":720,"h":720,"resize":"fit"}}}]},"extended_entities":{"media":[{"id":971944521125769200,"id_str":"971944521125769219","indices":[281,304],"media_url":"http://pbs.twimg.com/media/DX0KZHMWsAMfbs7.jpg","media_url_https":"https://pbs.twimg.com/media/DX0KZHMWsAMfbs7.jpg","url":"https://t.co/3zil30w2GP","display_url":"pic.twitter.com/3zil30w2GP","expanded_url":"https://twitter.com/Panoramix_Radio/status/971944531078844417/photo/1","type":"photo","sizes":{"thumb":{"w":150,"h":150,"resize":"crop"},"small":{"w":680,"h":680,"resize":"fit"},"medium":{"w":720,"h":720,"resize":"fit"},"large":{"w":720,"h":720,"resize":"fit"}}}]}},"quote_count":0,"reply_count":0,"retweet_count":4,"favorite_count":7,"entities":{"hashtags":[{"text":"DeepHouse","indices":[25,35]},{"text":"Funky","indices":[36,42]},{"text":"Groove","indices":[43,50]},{"text":"JackinHouse","indices":[51,63]},{"text":"EDM","indices":[64,68]},{"text":"DJS","indices":[69,73]},{"text":"PRODUCERS","indices":[74,84]},{"text":"Estonia","indices":[85,93]},{"text":"Martinique","indices":[94,105]},{"text":"HOUSE","indices":[107,113]}],"urls":[{"url":"https://t.co/Ku1kcercSH","expanded_url":"http://radio7.pro-fhi.net/flux-panoramix/stream","display_url":"radio7.pro-fhi.net/flux-panoramix…","indices":[0,23]},{"url":"https://t.co/dBk5xBpICI","expanded_url":"https://twitter.com/i/web/status/971944531078844417","display_url":"twitter.com/i/web/status/9…","indices":[115,138]}],"user_mentions":[],"symbols":[]},"favorited":false,"retweeted":false,"possibly_sensitive":false,"filter_level":"low","lang":"und"},"is_quote_status":false,"quote_count":0,"reply_count":0,"retweet_count":0,"favorite_count":0,"entities":{"hashtags":[{"text":"DeepHouse","indices":[46,56]},{"text":"Funky","indices":[57,63]},{"text":"Groove","indices":[64,71]},{"text":"JackinHouse","indices":[72,84]},{"text":"EDM","indices":[85,89]},{"text":"DJS","indices":[90,94]},{"text":"PRODUCERS","indices":[95,105]},{"text":"Estonia","indices":[106,114]},{"text":"Martinique","indices":[115,126]},{"text":"HOUSE","indices":[128,134]}],"urls":[{"url":"https://t.co/Ku1kcercSH","expanded_url":"http://radio7.pro-fhi.net/flux-panoramix/stream","display_url":"radio7.pro-fhi.net/flux-panoramix…","indices":[21,44]}],"user_mentions":[{"screen_name":"Panoramix_Radio","name":"PanoramixRadio","id":2151278150,"id_str":"2151278150","indices":[3,19]}],"symbols":[]},"favorited":false,"retweeted":false,"possibly_sensitive":false,"filter_level":"low","lang":"und","timestamp_ms":"1537266438962"}