{"created_at":"Tue Sep 18 11:10:16 +0000 2018","id":1042007894521196500,"id_str":"1042007894521196544","text":"Good #ICory workshop, meeting the local #Singapore hospitals and researchers, making @pvgreen go out of Finland. An… https://t.co/QuhF3fjjJD","source":"<a href=\"http://instagram.com\" rel=\"nofollow\">Instagram</a>","truncated":true,"in_reply_to_status_id":null,"in_reply_to_status_id_str":null,"in_reply_to_user_id":null,"in_reply_to_user_id_str":null,"in_reply_to_screen_name":null,"user":{"id":22054705,"id_str":"22054705","name":"Peter Gréen","screen_name":"pvgreen","location":"Helsinki, Finland","url":"https://doohlala.tumblr.com","description":"Digital Evangelist,Mobile Sensei at @MobileSensing @RehabooGame-working w/ innovative stuff & digital mktng; #Mobile #DOOH #SoMe #DigitalHealth #Startups #SXSW","translator_type":"none","protected":false,"verified":false,"followers_count":1405,"friends_count":1582,"listed_count":122,"favourites_count":1282,"statuses_count":7676,"created_at":"Thu Feb 26 20:10:25 +0000 2009","utc_offset":null,"time_zone":null,"geo_enabled":true,"lang":"en","contributors_enabled":false,"is_translator":false,"profile_background_color":"FFFFFF","profile_background_image_url":"http://abs.twimg.com/images/themes/theme9/bg.gif","profile_background_image_url_https":"https://abs.twimg.com/images/themes/theme9/bg.gif","profile_background_tile":false,"profile_link_color":"0B1791","profile_sidebar_border_color":"181A1E","profile_sidebar_fill_color":"FFFFFF","profile_text_color":"666666","profile_use_background_image":false,"profile_image_url":"http://pbs.twimg.com/profile_images/898457277794877441/9v1ahfMK_normal.jpg","profile_image_url_https":"https://pbs.twimg.com/profile_images/898457277794877441/9v1ahfMK_normal.jpg","profile_banner_url":"https://pbs.twimg.com/profile_banners/22054705/1503045861","default_profile":false,"default_profile_image":false,"following":null,"follow_request_sent":null,"notifications":null},"geo":{"type":"Point","coordinates":[1.29345832,103.78384549]},"coordinates":{"type":"Point","coordinates":[103.78384549,1.29345832]},"place":{"id":"58a4c3a0d54e1400","url":"https://api.twitter.com/1.1/geo/id/58a4c3a0d54e1400.json","place_type":"admin","name":"Central Region","full_name":"Central Region, Singapore","country_code":"SG","country":"Singapore","bounding_box":{"type":"Polygon","coordinates":[[[103.74996,1.212314],[103.74996,1.368745],[103.918427,1.368745],[103.918427,1.212314]]]},"attributes":{}},"contributors":null,"is_quote_status":false,"extended_tweet":{"full_text":"Good #ICory workshop, meeting the local #Singapore hospitals and researchers, making @pvgreen go out of Finland. An awesome collaboration w/ FI &amp; SG. Good… https://t.co/YE7OVyFsvN","display_text_range":[0,183],"entities":{"hashtags":[{"text":"ICory","indices":[5,11]},{"text":"Singapore","indices":[40,50]}],"urls":[{"url":"https://t.co/YE7OVyFsvN","expanded_url":"https://www.instagram.com/p/Bn3YLcDHbzmCwi-SuaLiDqKlDfkLSpENNEVH9s0/?utm_source=ig_twitter_share&igshid=1mqdlsp8s2xsf","display_url":"instagram.com/p/Bn3YLcDHbzmC…","indices":[160,183]}],"user_mentions":[{"screen_name":"pvgreen","name":"Peter Gréen","id":22054705,"id_str":"22054705","indices":[85,93]}],"symbols":[]}},"quote_count":0,"reply_count":0,"retweet_count":0,"favorite_count":0,"entities":{"hashtags":[{"text":"ICory","indices":[5,11]},{"text":"Singapore","indices":[40,50]}],"urls":[{"url":"https://t.co/QuhF3fjjJD","expanded_url":"https://twitter.com/i/web/status/1042007894521196544","display_url":"twitter.com/i/web/status/1…","indices":[117,140]}],"user_mentions":[{"screen_name":"pvgreen","name":"Peter Gréen","id":22054705,"id_str":"22054705","indices":[85,93]}],"symbols":[]},"favorited":false,"retweeted":false,"possibly_sensitive":false,"filter_level":"low","lang":"en","timestamp_ms":"1537269016281"}