{"created_at":"Tue Sep 18 11:03:07 +0000 2018","id":1042006094204362800,"id_str":"1042006094204362752","text":"» China’s Vice Premier Han Zheng to visit #Singapore for Joint Council for Bilateral Cooperation meeting - Channel… https://t.co/y6H5pGpzoT","source":"<a href=\"http://twitter.com\" rel=\"nofollow\">Twitter Web Client</a>","truncated":true,"in_reply_to_status_id":null,"in_reply_to_status_id_str":null,"in_reply_to_user_id":null,"in_reply_to_user_id_str":null,"in_reply_to_screen_name":null,"user":{"id":20044440,"id_str":"20044440","name":"Eddie Du","screen_name":"Edourdoo","location":"Shanghai, China","url":"https://www.quora.com/Eddie-Doo","description":"News Junkie; 地命海心; 理中客. China's diplomacy; History; Empires and Peoples; Ideology, Religion and Politics; Tech, Gadgets; Memes and viral stuff.","translator_type":"regular","protected":false,"verified":false,"followers_count":14647,"friends_count":1672,"listed_count":491,"favourites_count":8061,"statuses_count":407330,"created_at":"Wed Feb 04 10:56:22 +0000 2009","utc_offset":null,"time_zone":null,"geo_enabled":false,"lang":"en","contributors_enabled":false,"is_translator":false,"profile_background_color":"4A913C","profile_background_image_url":"http://abs.twimg.com/images/themes/theme19/bg.gif","profile_background_image_url_https":"https://abs.twimg.com/images/themes/theme19/bg.gif","profile_background_tile":true,"profile_link_color":"FAB81E","profile_sidebar_border_color":"FFFFFF","profile_sidebar_fill_color":"F6F6F6","profile_text_color":"333333","profile_use_background_image":true,"profile_image_url":"http://pbs.twimg.com/profile_images/378800000669568751/56adc18070e25792ea98d90fad615383_normal.jpeg","profile_image_url_https":"https://pbs.twimg.com/profile_images/378800000669568751/56adc18070e25792ea98d90fad615383_normal.jpeg","profile_banner_url":"https://pbs.twimg.com/profile_banners/20044440/1479491334","default_profile":false,"default_profile_image":false,"following":null,"follow_request_sent":null,"notifications":null},"geo":null,"coordinates":null,"place":null,"contributors":null,"is_quote_status":false,"extended_tweet":{"full_text":"» China’s Vice Premier Han Zheng to visit #Singapore for Joint Council for Bilateral Cooperation meeting - Channel NewsAsia https://t.co/li4eedCz3m","display_text_range":[0,147],"entities":{"hashtags":[{"text":"Singapore","indices":[42,52]}],"urls":[{"url":"https://t.co/li4eedCz3m","expanded_url":"https://www.channelnewsasia.com/news/singapore/china-s-vice-premier-han-zheng-to-visit-singapore-for-joint-10732708","display_url":"channelnewsasia.com/news/singapore…","indices":[124,147]}],"user_mentions":[],"symbols":[]}},"quote_count":0,"reply_count":0,"retweet_count":0,"favorite_count":0,"entities":{"hashtags":[{"text":"Singapore","indices":[42,52]}],"urls":[{"url":"https://t.co/y6H5pGpzoT","expanded_url":"https://twitter.com/i/web/status/1042006094204362752","display_url":"twitter.com/i/web/status/1…","indices":[116,139]}],"user_mentions":[],"symbols":[]},"favorited":false,"retweeted":false,"possibly_sensitive":false,"filter_level":"low","lang":"en","timestamp_ms":"1537268587052"}