{"created_at":"Tue Sep 18 11:10:17 +0000 2018","id":1042007901655531500,"id_str":"1042007901655531520","text":"RT @ygent_official: #iKON 2018 CONTINUE TOUR IN #SINGAPORE\n\nGET READY? SHOWTIME!\nKeep a look out for more details \n➡️ https://t.co/Va1EXcBo…","source":"<a href=\"http://twitter.com/download/android\" rel=\"nofollow\">Twitter for Android</a>","truncated":false,"in_reply_to_status_id":null,"in_reply_to_status_id_str":null,"in_reply_to_user_id":null,"in_reply_to_user_id_str":null,"in_reply_to_screen_name":null,"user":{"id":929589917029560300,"id_str":"929589917029560320","name":"New Kids: The Final😮","screen_name":"Xr3zykonic_","location":null,"url":null,"description":"'iKON's final goal is to be together for a long time, continue doing music happily, iKON forever!' - Kim Hanbin 😭🙆","translator_type":"none","protected":false,"verified":false,"followers_count":445,"friends_count":944,"listed_count":0,"favourites_count":52450,"statuses_count":38479,"created_at":"Sun Nov 12 06:01:21 +0000 2017","utc_offset":null,"time_zone":null,"geo_enabled":false,"lang":"id","contributors_enabled":false,"is_translator":false,"profile_background_color":"F5F8FA","profile_background_image_url":"","profile_background_image_url_https":"","profile_background_tile":false,"profile_link_color":"1DA1F2","profile_sidebar_border_color":"C0DEED","profile_sidebar_fill_color":"DDEEF6","profile_text_color":"333333","profile_use_background_image":true,"profile_image_url":"http://pbs.twimg.com/profile_images/1041920868459216896/aBT9Z8kG_normal.jpg","profile_image_url_https":"https://pbs.twimg.com/profile_images/1041920868459216896/aBT9Z8kG_normal.jpg","profile_banner_url":"https://pbs.twimg.com/profile_banners/929589917029560320/1537248218","default_profile":true,"default_profile_image":false,"following":null,"follow_request_sent":null,"notifications":null},"geo":null,"coordinates":null,"place":null,"contributors":null,"retweeted_status":{"created_at":"Wed Jul 25 08:00:01 +0000 2018","id":1022028683912065000,"id_str":"1022028683912065025","text":"#iKON 2018 CONTINUE TOUR IN #SINGAPORE\n\nGET READY? SHOWTIME!\nKeep a look out for more details \n➡️… https://t.co/fL9Tqaf1jF","display_text_range":[0,140],"source":"<a href=\"https://studio.twitter.com\" rel=\"nofollow\">Media Studio</a>","truncated":true,"in_reply_to_status_id":null,"in_reply_to_status_id_str":null,"in_reply_to_user_id":null,"in_reply_to_user_id_str":null,"in_reply_to_screen_name":null,"user":{"id":408177579,"id_str":"408177579","name":"YG FAMILY","screen_name":"ygent_official","location":"Seoul, Korea","url":"http://www.ygfamily.com/","description":"Welcome to the official Twitter page for #YG Entertainment. [http://www.youtube.com/ygentertainment]\n#BIGBANG #WINNER #iKON #BLACKPINK #SECHSKIES #AKMU","translator_type":"none","protected":false,"verified":true,"followers_count":4646632,"friends_count":45,"listed_count":7082,"favourites_count":0,"statuses_count":8354,"created_at":"Wed Nov 09 02:41:52 +0000 2011","utc_offset":null,"time_zone":null,"geo_enabled":true,"lang":"ko","contributors_enabled":false,"is_translator":false,"profile_background_color":"000000","profile_background_image_url":"http://abs.twimg.com/images/themes/theme14/bg.gif","profile_background_image_url_https":"https://abs.twimg.com/images/themes/theme14/bg.gif","profile_background_tile":false,"profile_link_color":"C82123","profile_sidebar_border_color":"000000","profile_sidebar_fill_color":"2E2E2E","profile_text_color":"FFFFFF","profile_use_background_image":false,"profile_image_url":"http://pbs.twimg.com/profile_images/869446110246428673/3vewgMjz_normal.jpg","profile_image_url_https":"https://pbs.twimg.com/profile_images/869446110246428673/3vewgMjz_normal.jpg","profile_banner_url":"https://pbs.twimg.com/profile_banners/408177579/1495160410","default_profile":false,"default_profile_image":false,"following":null,"follow_request_sent":null,"notifications":null},"geo":null,"coordinates":null,"place":null,"contributors":null,"is_quote_status":false,"extended_tweet":{"full_text":"#iKON 2018 CONTINUE TOUR IN #SINGAPORE\n\nGET READY? SHOWTIME!\nKeep a look out for more details \n➡️ https://t.co/Va1EXcBotO\n\n#ContinueTour #Singapore #TheMaxPavilion #SingaporeExpo\n#181104_6PM #YG #LIVENATION https://t.co/njmi1augDQ","display_text_range":[0,206],"entities":{"hashtags":[{"text":"iKON","indices":[0,5]},{"text":"SINGAPORE","indices":[28,38]},{"text":"ContinueTour","indices":[123,136]},{"text":"Singapore","indices":[137,147]},{"text":"TheMaxPavilion","indices":[148,163]},{"text":"SingaporeExpo","indices":[164,178]},{"text":"181104_6PM","indices":[179,190]},{"text":"YG","indices":[191,194]},{"text":"LIVENATION","indices":[195,206]}],"urls":[{"url":"https://t.co/Va1EXcBotO","expanded_url":"http://bit.ly/ikoncontinuetour","display_url":"bit.ly/ikoncontinueto…","indices":[98,121]}],"user_mentions":[],"symbols":[],"media":[{"id":1021687398848057300,"id_str":"1021687398848057344","indices":[207,230],"media_url":"http://pbs.twimg.com/media/Di3DRq_U0AAzhhq.jpg","media_url_https":"https://pbs.twimg.com/media/Di3DRq_U0AAzhhq.jpg","url":"https://t.co/njmi1augDQ","display_url":"pic.twitter.com/njmi1augDQ","expanded_url":"https://twitter.com/ygent_official/status/1022028683912065025/photo/1","type":"photo","sizes":{"thumb":{"w":150,"h":150,"resize":"crop"},"large":{"w":1458,"h":2048,"resize":"fit"},"small":{"w":484,"h":680,"resize":"fit"},"medium":{"w":854,"h":1200,"resize":"fit"}}}]},"extended_entities":{"media":[{"id":1021687398848057300,"id_str":"1021687398848057344","indices":[207,230],"media_url":"http://pbs.twimg.com/media/Di3DRq_U0AAzhhq.jpg","media_url_https":"https://pbs.twimg.com/media/Di3DRq_U0AAzhhq.jpg","url":"https://t.co/njmi1augDQ","display_url":"pic.twitter.com/njmi1augDQ","expanded_url":"https://twitter.com/ygent_official/status/1022028683912065025/photo/1","type":"photo","sizes":{"thumb":{"w":150,"h":150,"resize":"crop"},"large":{"w":1458,"h":2048,"resize":"fit"},"small":{"w":484,"h":680,"resize":"fit"},"medium":{"w":854,"h":1200,"resize":"fit"}}}]}},"quote_count":294,"reply_count":90,"retweet_count":3082,"favorite_count":8281,"entities":{"hashtags":[{"text":"iKON","indices":[0,5]},{"text":"SINGAPORE","indices":[28,38]}],"urls":[{"url":"https://t.co/fL9Tqaf1jF","expanded_url":"https://twitter.com/i/web/status/1022028683912065025","display_url":"twitter.com/i/web/status/1…","indices":[99,122]}],"user_mentions":[],"symbols":[]},"favorited":false,"retweeted":false,"possibly_sensitive":false,"filter_level":"low","lang":"en"},"is_quote_status":false,"quote_count":0,"reply_count":0,"retweet_count":0,"favorite_count":0,"entities":{"hashtags":[{"text":"iKON","indices":[20,25]},{"text":"SINGAPORE","indices":[48,58]}],"urls":[],"user_mentions":[{"screen_name":"ygent_official","name":"YG FAMILY","id":408177579,"id_str":"408177579","indices":[3,18]}],"symbols":[]},"favorited":false,"retweeted":false,"filter_level":"low","lang":"en","timestamp_ms":"1537269017982"}