{"created_at":"Tue Sep 18 10:13:01 +0000 2018","id":1041993489897087000,"id_str":"1041993489897086976","text":"RT @JoakimGomez: Eh? Earth Hour ah? #Blackout #Singapore","source":"<a href=\"http://twitter.com/download/iphone\" rel=\"nofollow\">Twitter for iPhone</a>","truncated":false,"in_reply_to_status_id":null,"in_reply_to_status_id_str":null,"in_reply_to_user_id":null,"in_reply_to_user_id_str":null,"in_reply_to_screen_name":null,"user":{"id":394023023,"id_str":"394023023","name":"lou","screen_name":"louiyychua","location":"+65","url":"http://ask.fm/louiyychua","description":"hehe","translator_type":"none","protected":false,"verified":false,"followers_count":317,"friends_count":242,"listed_count":4,"favourites_count":6576,"statuses_count":36288,"created_at":"Wed Oct 19 13:15:54 +0000 2011","utc_offset":null,"time_zone":null,"geo_enabled":true,"lang":"en","contributors_enabled":false,"is_translator":false,"profile_background_color":"F5A6A6","profile_background_image_url":"http://abs.twimg.com/images/themes/theme1/bg.png","profile_background_image_url_https":"https://abs.twimg.com/images/themes/theme1/bg.png","profile_background_tile":true,"profile_link_color":"D1A9A3","profile_sidebar_border_color":"FFFFFF","profile_sidebar_fill_color":"C1CCB1","profile_text_color":"C7BBA9","profile_use_background_image":true,"profile_image_url":"http://pbs.twimg.com/profile_images/1014034752670597120/BBCVvbGp_normal.jpg","profile_image_url_https":"https://pbs.twimg.com/profile_images/1014034752670597120/BBCVvbGp_normal.jpg","profile_banner_url":"https://pbs.twimg.com/profile_banners/394023023/1504962547","default_profile":false,"default_profile_image":false,"following":null,"follow_request_sent":null,"notifications":null},"geo":null,"coordinates":null,"place":null,"contributors":null,"retweeted_status":{"created_at":"Mon Sep 17 18:18:16 +0000 2018","id":1041753215862108200,"id_str":"1041753215862108160","text":"Eh? Earth Hour ah? #Blackout #Singapore","source":"<a href=\"http://twitter.com/download/iphone\" rel=\"nofollow\">Twitter for iPhone</a>","truncated":false,"in_reply_to_status_id":null,"in_reply_to_status_id_str":null,"in_reply_to_user_id":null,"in_reply_to_user_id_str":null,"in_reply_to_screen_name":null,"user":{"id":325059717,"id_str":"325059717","name":"Joakim Gomez","screen_name":"JoakimGomez","location":"Singapore","url":"http://www.987FM.sg","description":"@987FM Producer/Presenter | @987ShockCircuit, Weekdays 4PM - 8PM | Host | Actor | VO-Artiste | Sports http://www.instagram.com/joakimgomez","translator_type":"none","protected":false,"verified":true,"followers_count":14176,"friends_count":1181,"listed_count":32,"favourites_count":1731,"statuses_count":25916,"created_at":"Mon Jun 27 17:33:22 +0000 2011","utc_offset":null,"time_zone":null,"geo_enabled":false,"lang":"en-gb","contributors_enabled":false,"is_translator":false,"profile_background_color":"131516","profile_background_image_url":"http://abs.twimg.com/images/themes/theme14/bg.gif","profile_background_image_url_https":"https://abs.twimg.com/images/themes/theme14/bg.gif","profile_background_tile":true,"profile_link_color":"009999","profile_sidebar_border_color":"EEEEEE","profile_sidebar_fill_color":"EFEFEF","profile_text_color":"333333","profile_use_background_image":true,"profile_image_url":"http://pbs.twimg.com/profile_images/1019857928054960128/eLsc_qm2_normal.jpg","profile_image_url_https":"https://pbs.twimg.com/profile_images/1019857928054960128/eLsc_qm2_normal.jpg","profile_banner_url":"https://pbs.twimg.com/profile_banners/325059717/1531988055","default_profile":false,"default_profile_image":false,"following":null,"follow_request_sent":null,"notifications":null},"geo":null,"coordinates":null,"place":null,"contributors":null,"is_quote_status":false,"quote_count":0,"reply_count":1,"retweet_count":29,"favorite_count":45,"entities":{"hashtags":[{"text":"Blackout","indices":[19,28]},{"text":"Singapore","indices":[29,39]}],"urls":[],"user_mentions":[],"symbols":[]},"favorited":false,"retweeted":false,"filter_level":"low","lang":"en"},"is_quote_status":false,"quote_count":0,"reply_count":0,"retweet_count":0,"favorite_count":0,"entities":{"hashtags":[{"text":"Blackout","indices":[36,45]},{"text":"Singapore","indices":[46,56]}],"urls":[],"user_mentions":[{"screen_name":"JoakimGomez","name":"Joakim Gomez","id":325059717,"id_str":"325059717","indices":[3,15]}],"symbols":[]},"favorited":false,"retweeted":false,"filter_level":"low","lang":"en","timestamp_ms":"1537265581951"}