{"created_at":"Tue Sep 18 10:48:50 +0000 2018","id":1042002503020077000,"id_str":"1042002503020077056","text":"RT @six93lePHZ2wqae: \" ช็อค \" ภาคินตายแล้ว !!! ควยฮอทดอก #อย่าลืมตัว #ThaiPBS #FM91 #NationTV #GOT7_Lullaby #갓세븐 #PresentYOU #GOT7 #ข่าวบัน…","source":"<a href=\"http://twitter.com/download/android\" rel=\"nofollow\">Twitter for Android</a>","truncated":false,"in_reply_to_status_id":null,"in_reply_to_status_id_str":null,"in_reply_to_user_id":null,"in_reply_to_user_id_str":null,"in_reply_to_screen_name":null,"user":{"id":935185945955000300,"id_str":"935185945955000320","name":"เปรมณัฐ.....Hi....Hi","screen_name":"six93lePHZ2wqae","location":"ประเทศไทย","url":null,"description":"Single..","translator_type":"none","protected":false,"verified":false,"followers_count":51,"friends_count":83,"listed_count":0,"favourites_count":137,"statuses_count":192,"created_at":"Mon Nov 27 16:37:59 +0000 2017","utc_offset":null,"time_zone":null,"geo_enabled":false,"lang":"th","contributors_enabled":false,"is_translator":false,"profile_background_color":"F5F8FA","profile_background_image_url":"","profile_background_image_url_https":"","profile_background_tile":false,"profile_link_color":"1DA1F2","profile_sidebar_border_color":"C0DEED","profile_sidebar_fill_color":"DDEEF6","profile_text_color":"333333","profile_use_background_image":true,"profile_image_url":"http://pbs.twimg.com/profile_images/1027561753050152961/2Y3hnJYz_normal.jpg","profile_image_url_https":"https://pbs.twimg.com/profile_images/1027561753050152961/2Y3hnJYz_normal.jpg","profile_banner_url":"https://pbs.twimg.com/profile_banners/935185945955000320/1511809774","default_profile":true,"default_profile_image":false,"following":null,"follow_request_sent":null,"notifications":null},"geo":null,"coordinates":null,"place":null,"contributors":null,"retweeted_status":{"created_at":"Mon Sep 17 11:20:06 +0000 2018","id":1041647983769448400,"id_str":"1041647983769448448","text":"\" ช็อค \" ภาคินตายแล้ว !!! ควยฮอทดอก #อย่าลืมตัว #ThaiPBS #FM91 #NationTV #GOT7_Lullaby #갓세븐 #PresentYOU #GOT7… https://t.co/03YY8bQJ1O","display_text_range":[0,140],"source":"<a href=\"http://twitter.com/download/android\" rel=\"nofollow\">Twitter for Android</a>","truncated":true,"in_reply_to_status_id":null,"in_reply_to_status_id_str":null,"in_reply_to_user_id":null,"in_reply_to_user_id_str":null,"in_reply_to_screen_name":null,"user":{"id":935185945955000300,"id_str":"935185945955000320","name":"เปรมณัฐ.....Hi....Hi","screen_name":"six93lePHZ2wqae","location":"ประเทศไทย","url":null,"description":"Single..","translator_type":"none","protected":false,"verified":false,"followers_count":51,"friends_count":83,"listed_count":0,"favourites_count":137,"statuses_count":191,"created_at":"Mon Nov 27 16:37:59 +0000 2017","utc_offset":null,"time_zone":null,"geo_enabled":false,"lang":"th","contributors_enabled":false,"is_translator":false,"profile_background_color":"F5F8FA","profile_background_image_url":"","profile_background_image_url_https":"","profile_background_tile":false,"profile_link_color":"1DA1F2","profile_sidebar_border_color":"C0DEED","profile_sidebar_fill_color":"DDEEF6","profile_text_color":"333333","profile_use_background_image":true,"profile_image_url":"http://pbs.twimg.com/profile_images/1027561753050152961/2Y3hnJYz_normal.jpg","profile_image_url_https":"https://pbs.twimg.com/profile_images/1027561753050152961/2Y3hnJYz_normal.jpg","profile_banner_url":"https://pbs.twimg.com/profile_banners/935185945955000320/1511809774","default_profile":true,"default_profile_image":false,"following":null,"follow_request_sent":null,"notifications":null},"geo":null,"coordinates":null,"place":null,"contributors":null,"is_quote_status":false,"extended_tweet":{"full_text":"\" ช็อค \" ภาคินตายแล้ว !!! ควยฮอทดอก #อย่าลืมตัว #ThaiPBS #FM91 #NationTV #GOT7_Lullaby #갓세븐 #PresentYOU #GOT7 #ข่าวบันเทิง #ฝนตก #ข่าวดารา #CaneloGGG2 #Mステ #EVEWHU #MalaysiaDay #ควยมัธยม #ควยภาคิน #ควยภาคิน คลิป #ช่องone31 #ช่อง8 #ช่องวัน31\nhttps://t.co/Fao4H7aw09 https://t.co/B9RAnofVSR","display_text_range":[0,264],"entities":{"hashtags":[{"text":"อย่าลืมตัว","indices":[36,47]},{"text":"ThaiPBS","indices":[48,56]},{"text":"FM91","indices":[57,62]},{"text":"NationTV","indices":[63,72]},{"text":"GOT7_Lullaby","indices":[73,86]},{"text":"갓세븐","indices":[87,91]},{"text":"PresentYOU","indices":[92,103]},{"text":"GOT7","indices":[104,109]},{"text":"ข่าวบันเทิง","indices":[110,122]},{"text":"ฝนตก","indices":[123,128]},{"text":"ข่าวดารา","indices":[129,138]},{"text":"CaneloGGG2","indices":[139,150]},{"text":"Mステ","indices":[151,155]},{"text":"EVEWHU","indices":[156,163]},{"text":"MalaysiaDay","indices":[164,176]},{"text":"ควยมัธยม","indices":[177,186]},{"text":"ควยภาคิน","indices":[187,196]},{"text":"ควยภาคิน","indices":[197,206]},{"text":"ช่องone31","indices":[212,222]},{"text":"ช่อง8","indices":[223,229]},{"text":"ช่องวัน31","indices":[230,240]}],"urls":[{"url":"https://t.co/Fao4H7aw09","expanded_url":"http://www.topicza.com/news79923.html?d=17092018&f=55819","display_url":"topicza.com/news79923.html…","indices":[241,264]}],"user_mentions":[],"symbols":[],"media":[{"id":1041647980145606700,"id_str":"1041647980145606656","indices":[265,288],"media_url":"http://pbs.twimg.com/media/DnStUa2VAAA_zm-.jpg","media_url_https":"https://pbs.twimg.com/media/DnStUa2VAAA_zm-.jpg","url":"https://t.co/B9RAnofVSR","display_url":"pic.twitter.com/B9RAnofVSR","expanded_url":"https://twitter.com/six93lePHZ2wqae/status/1041647983769448448/photo/1","type":"photo","sizes":{"thumb":{"w":150,"h":150,"resize":"crop"},"small":{"w":680,"h":356,"resize":"fit"},"medium":{"w":694,"h":363,"resize":"fit"},"large":{"w":694,"h":363,"resize":"fit"}}}]},"extended_entities":{"media":[{"id":1041647980145606700,"id_str":"1041647980145606656","indices":[265,288],"media_url":"http://pbs.twimg.com/media/DnStUa2VAAA_zm-.jpg","media_url_https":"https://pbs.twimg.com/media/DnStUa2VAAA_zm-.jpg","url":"https://t.co/B9RAnofVSR","display_url":"pic.twitter.com/B9RAnofVSR","expanded_url":"https://twitter.com/six93lePHZ2wqae/status/1041647983769448448/photo/1","type":"photo","sizes":{"thumb":{"w":150,"h":150,"resize":"crop"},"small":{"w":680,"h":356,"resize":"fit"},"medium":{"w":694,"h":363,"resize":"fit"},"large":{"w":694,"h":363,"resize":"fit"}}}]}},"quote_count":0,"reply_count":0,"retweet_count":1,"favorite_count":1,"entities":{"hashtags":[{"text":"อย่าลืมตัว","indices":[36,47]},{"text":"ThaiPBS","indices":[48,56]},{"text":"FM91","indices":[57,62]},{"text":"NationTV","indices":[63,72]},{"text":"GOT7_Lullaby","indices":[73,86]},{"text":"갓세븐","indices":[87,91]},{"text":"PresentYOU","indices":[92,103]},{"text":"GOT7","indices":[104,109]}],"urls":[{"url":"https://t.co/03YY8bQJ1O","expanded_url":"https://twitter.com/i/web/status/1041647983769448448","display_url":"twitter.com/i/web/status/1…","indices":[111,134]}],"user_mentions":[],"symbols":[]},"favorited":false,"retweeted":false,"possibly_sensitive":false,"filter_level":"low","lang":"th"},"is_quote_status":false,"quote_count":0,"reply_count":0,"retweet_count":0,"favorite_count":0,"entities":{"hashtags":[{"text":"อย่าลืมตัว","indices":[57,68]},{"text":"ThaiPBS","indices":[69,77]},{"text":"FM91","indices":[78,83]},{"text":"NationTV","indices":[84,93]},{"text":"GOT7_Lullaby","indices":[94,107]},{"text":"갓세븐","indices":[108,112]},{"text":"PresentYOU","indices":[113,124]},{"text":"GOT7","indices":[125,130]}],"urls":[],"user_mentions":[{"screen_name":"six93lePHZ2wqae","name":"เปรมณัฐ.....Hi....Hi","id":935185945955000300,"id_str":"935185945955000320","indices":[3,19]}],"symbols":[]},"favorited":false,"retweeted":false,"filter_level":"low","lang":"th","timestamp_ms":"1537267730847"}