{"created_at":"Tue Sep 18 10:41:46 +0000 2018","id":1042000722558976000,"id_str":"1042000722558976000","text":"RT @vivo_malaysia: Celebrate Malaysia Day by capture its beauty with the AI Camera of the all-new vivo V11. Vivo wishes you all a Happy Mal…","source":"<a href=\"http://twitter.com\" rel=\"nofollow\">Twitter Web Client</a>","truncated":false,"in_reply_to_status_id":null,"in_reply_to_status_id_str":null,"in_reply_to_user_id":null,"in_reply_to_user_id_str":null,"in_reply_to_screen_name":null,"user":{"id":1041998466807881700,"id_str":"1041998466807881728","name":"فخر صالح","screen_name":"Oo0uIIXUBgIXy8V","location":null,"url":null,"description":null,"translator_type":"none","protected":false,"verified":false,"followers_count":0,"friends_count":0,"listed_count":0,"favourites_count":0,"statuses_count":4,"created_at":"Tue Sep 18 10:32:48 +0000 2018","utc_offset":null,"time_zone":null,"geo_enabled":false,"lang":"en","contributors_enabled":false,"is_translator":false,"profile_background_color":"F5F8FA","profile_background_image_url":"","profile_background_image_url_https":"","profile_background_tile":false,"profile_link_color":"1DA1F2","profile_sidebar_border_color":"C0DEED","profile_sidebar_fill_color":"DDEEF6","profile_text_color":"333333","profile_use_background_image":true,"profile_image_url":"http://pbs.twimg.com/profile_images/1041999278946902016/H8AYuWze_normal.jpg","profile_image_url_https":"https://pbs.twimg.com/profile_images/1041999278946902016/H8AYuWze_normal.jpg","default_profile":true,"default_profile_image":false,"following":null,"follow_request_sent":null,"notifications":null},"geo":null,"coordinates":null,"place":null,"contributors":null,"retweeted_status":{"created_at":"Sun Sep 16 12:47:42 +0000 2018","id":1041307641329311700,"id_str":"1041307641329311744","text":"Celebrate Malaysia Day by capture its beauty with the AI Camera of the all-new vivo V11. Vivo wishes you all a Happ… https://t.co/RWE5uENGnY","display_text_range":[0,140],"source":"<a href=\"http://twitter.com/download/android\" rel=\"nofollow\">Twitter for Android</a>","truncated":true,"in_reply_to_status_id":null,"in_reply_to_status_id_str":null,"in_reply_to_user_id":null,"in_reply_to_user_id_str":null,"in_reply_to_screen_name":null,"user":{"id":763931877975601200,"id_str":"763931877975601158","name":"Vivo Malaysia","screen_name":"vivo_malaysia","location":"Malaysia","url":"http://www.vivo.com/my","description":"Welcome to the Official vivo Malaysia channel on Facebook.  Website: http://vivo.com/my  Customer Service: 03-2856 9530 / 011-1229 2009","translator_type":"none","protected":false,"verified":false,"followers_count":5708,"friends_count":45,"listed_count":2,"favourites_count":745,"statuses_count":885,"created_at":"Fri Aug 12 02:55:27 +0000 2016","utc_offset":null,"time_zone":null,"geo_enabled":false,"lang":"en","contributors_enabled":false,"is_translator":false,"profile_background_color":"000000","profile_background_image_url":"http://abs.twimg.com/images/themes/theme1/bg.png","profile_background_image_url_https":"https://abs.twimg.com/images/themes/theme1/bg.png","profile_background_tile":false,"profile_link_color":"1B95E0","profile_sidebar_border_color":"000000","profile_sidebar_fill_color":"000000","profile_text_color":"000000","profile_use_background_image":false,"profile_image_url":"http://pbs.twimg.com/profile_images/856220445284081664/3hBrAcNi_normal.jpg","profile_image_url_https":"https://pbs.twimg.com/profile_images/856220445284081664/3hBrAcNi_normal.jpg","profile_banner_url":"https://pbs.twimg.com/profile_banners/763931877975601158/1536896372","default_profile":false,"default_profile_image":false,"following":null,"follow_request_sent":null,"notifications":null},"geo":null,"coordinates":null,"place":null,"contributors":null,"is_quote_status":false,"extended_tweet":{"full_text":"Celebrate Malaysia Day by capture its beauty with the AI Camera of the all-new vivo V11. Vivo wishes you all a Happy Malaysia Day !!\n\nGrab it NOW @ https://t.co/1czhwErtf8\n\n#vivoMalaysia #vivoMY #V11 #AICamera #PerfectShot #MalaysiaDay https://t.co/Vt9v6IoCEe","display_text_range":[0,235],"entities":{"hashtags":[{"text":"vivoMalaysia","indices":[173,186]},{"text":"vivoMY","indices":[187,194]},{"text":"V11","indices":[195,199]},{"text":"AICamera","indices":[200,209]},{"text":"PerfectShot","indices":[210,222]},{"text":"MalaysiaDay","indices":[223,235]}],"urls":[{"url":"https://t.co/1czhwErtf8","expanded_url":"http://www.vivostore.com.my","display_url":"vivostore.com.my","indices":[148,171]}],"user_mentions":[],"symbols":[],"media":[{"id":1041307630755430400,"id_str":"1041307630755430400","indices":[236,259],"media_url":"http://pbs.twimg.com/media/DnN3xekUwAA1lnY.jpg","media_url_https":"https://pbs.twimg.com/media/DnN3xekUwAA1lnY.jpg","url":"https://t.co/Vt9v6IoCEe","display_url":"pic.twitter.com/Vt9v6IoCEe","expanded_url":"https://twitter.com/vivo_malaysia/status/1041307641329311744/photo/1","type":"photo","sizes":{"thumb":{"w":150,"h":150,"resize":"crop"},"small":{"w":553,"h":680,"resize":"fit"},"large":{"w":1300,"h":1600,"resize":"fit"},"medium":{"w":975,"h":1200,"resize":"fit"}}}]},"extended_entities":{"media":[{"id":1041307630755430400,"id_str":"1041307630755430400","indices":[236,259],"media_url":"http://pbs.twimg.com/media/DnN3xekUwAA1lnY.jpg","media_url_https":"https://pbs.twimg.com/media/DnN3xekUwAA1lnY.jpg","url":"https://t.co/Vt9v6IoCEe","display_url":"pic.twitter.com/Vt9v6IoCEe","expanded_url":"https://twitter.com/vivo_malaysia/status/1041307641329311744/photo/1","type":"photo","sizes":{"thumb":{"w":150,"h":150,"resize":"crop"},"small":{"w":553,"h":680,"resize":"fit"},"large":{"w":1300,"h":1600,"resize":"fit"},"medium":{"w":975,"h":1200,"resize":"fit"}}}]}},"quote_count":0,"reply_count":0,"retweet_count":257,"favorite_count":217,"entities":{"hashtags":[],"urls":[{"url":"https://t.co/RWE5uENGnY","expanded_url":"https://twitter.com/i/web/status/1041307641329311744","display_url":"twitter.com/i/web/status/1…","indices":[117,140]}],"user_mentions":[],"symbols":[]},"favorited":false,"retweeted":false,"possibly_sensitive":false,"filter_level":"low","lang":"en"},"is_quote_status":false,"quote_count":0,"reply_count":0,"retweet_count":0,"favorite_count":0,"entities":{"hashtags":[],"urls":[],"user_mentions":[{"screen_name":"vivo_malaysia","name":"Vivo Malaysia","id":763931877975601200,"id_str":"763931877975601158","indices":[3,17]}],"symbols":[]},"favorited":false,"retweeted":false,"filter_level":"low","lang":"en","timestamp_ms":"1537267306352"}