{"created_at":"Tue Sep 18 11:10:28 +0000 2018","id":1042007945272279000,"id_str":"1042007945272279040","text":"The latest Intern Daily! https://t.co/KeOUsKHv1V Thanks to @FashionforGood @tmj_SCC_intern @MPlenke #internship #singapore","source":"<a href=\"https://paper.li\" rel=\"nofollow\">Paper.li</a>","truncated":false,"in_reply_to_status_id":null,"in_reply_to_status_id_str":null,"in_reply_to_user_id":null,"in_reply_to_user_id_str":null,"in_reply_to_screen_name":null,"user":{"id":191703896,"id_str":"191703896","name":"ANRInterns","screen_name":"ANRInterns","location":"Richland, WA","url":"http://www.anrinterns.com","description":"ANR offers paid internships to college students on the Department of Energy Site in Richland, WA.","translator_type":"none","protected":false,"verified":false,"followers_count":221,"friends_count":474,"listed_count":18,"favourites_count":0,"statuses_count":4258,"created_at":"Fri Sep 17 03:32:04 +0000 2010","utc_offset":null,"time_zone":null,"geo_enabled":true,"lang":"en","contributors_enabled":false,"is_translator":false,"profile_background_color":"C0DEED","profile_background_image_url":"http://abs.twimg.com/images/themes/theme1/bg.png","profile_background_image_url_https":"https://abs.twimg.com/images/themes/theme1/bg.png","profile_background_tile":false,"profile_link_color":"1DA1F2","profile_sidebar_border_color":"C0DEED","profile_sidebar_fill_color":"DDEEF6","profile_text_color":"333333","profile_use_background_image":true,"profile_image_url":"http://pbs.twimg.com/profile_images/1137196353/US_Flag_normal.gif","profile_image_url_https":"https://pbs.twimg.com/profile_images/1137196353/US_Flag_normal.gif","default_profile":true,"default_profile_image":false,"following":null,"follow_request_sent":null,"notifications":null},"geo":null,"coordinates":null,"place":null,"contributors":null,"is_quote_status":false,"quote_count":0,"reply_count":0,"retweet_count":0,"favorite_count":0,"entities":{"hashtags":[{"text":"internship","indices":[100,111]},{"text":"singapore","indices":[112,122]}],"urls":[{"url":"https://t.co/KeOUsKHv1V","expanded_url":"https://paper.li/ANRInterns/1307675361?edition_id=70708a70-bb33-11e8-a188-002590a5ba2d","display_url":"paper.li/ANRInterns/130…","indices":[25,48]}],"user_mentions":[{"screen_name":"FashionforGood","name":"Fashion for Good","id":823929705179074600,"id_str":"823929705179074560","indices":[59,74]},{"screen_name":"tmj_SCC_intern","name":"Charleston Interns","id":173165472,"id_str":"173165472","indices":[75,90]},{"screen_name":"MPlenke","name":"Mark Plenke","id":624015084,"id_str":"624015084","indices":[91,99]}],"symbols":[]},"favorited":false,"retweeted":false,"possibly_sensitive":false,"filter_level":"low","lang":"en","timestamp_ms":"1537269028381"}