{"created_at":"Tue Sep 18 11:17:40 +0000 2018","id":1042009758700429300,"id_str":"1042009758700429313","text":"@ChangiAirport best airport in the world with @sonyafowles @Bebboz1 @laurjh @Frithy101 @darcy_susan #EmilyFowles… https://t.co/U6JSz4VDzy","display_text_range":[0,140],"source":"<a href=\"http://twitter.com/download/iphone\" rel=\"nofollow\">Twitter for iPhone</a>","truncated":true,"in_reply_to_status_id":null,"in_reply_to_status_id_str":null,"in_reply_to_user_id":65268724,"in_reply_to_user_id_str":"65268724","in_reply_to_screen_name":"ChangiAirport","user":{"id":281986048,"id_str":"281986048","name":"Shane Fowles","screen_name":"jedinight76","location":"Adelaide, South Australia","url":null,"description":"May the force be with you......always","translator_type":"none","protected":false,"verified":false,"followers_count":107,"friends_count":589,"listed_count":4,"favourites_count":1639,"statuses_count":4370,"created_at":"Thu Apr 14 10:49:38 +0000 2011","utc_offset":null,"time_zone":null,"geo_enabled":true,"lang":"en","contributors_enabled":false,"is_translator":false,"profile_background_color":"C0DEED","profile_background_image_url":"http://abs.twimg.com/images/themes/theme1/bg.png","profile_background_image_url_https":"https://abs.twimg.com/images/themes/theme1/bg.png","profile_background_tile":true,"profile_link_color":"0084B4","profile_sidebar_border_color":"C0DEED","profile_sidebar_fill_color":"DDEEF6","profile_text_color":"333333","profile_use_background_image":true,"profile_image_url":"http://pbs.twimg.com/profile_images/480824106116345856/tDMX4OJk_normal.jpeg","profile_image_url_https":"https://pbs.twimg.com/profile_images/480824106116345856/tDMX4OJk_normal.jpeg","profile_banner_url":"https://pbs.twimg.com/profile_banners/281986048/1367618752","default_profile":false,"default_profile_image":false,"following":null,"follow_request_sent":null,"notifications":null},"geo":null,"coordinates":null,"place":null,"contributors":null,"is_quote_status":false,"extended_tweet":{"full_text":"@ChangiAirport best airport in the world with @sonyafowles @Bebboz1 @laurjh @Frithy101 @darcy_susan #EmilyFowles #ValRoberts  #Singapore https://t.co/nBzJibzM77","display_text_range":[0,136],"entities":{"hashtags":[{"text":"EmilyFowles","indices":[100,112]},{"text":"ValRoberts","indices":[113,124]},{"text":"Singapore","indices":[126,136]}],"urls":[],"user_mentions":[{"screen_name":"ChangiAirport","name":"Changi Airport","id":65268724,"id_str":"65268724","indices":[0,14]},{"screen_name":"sonyafowles","name":"sonya fowles","id":562031850,"id_str":"562031850","indices":[46,58]},{"screen_name":"Bebboz1","name":"John Bebbington","id":106703664,"id_str":"106703664","indices":[59,67]},{"screen_name":"laurjh","name":"laurh","id":842325037,"id_str":"842325037","indices":[68,75]},{"screen_name":"Frithy101","name":"Paul Frith","id":175131887,"id_str":"175131887","indices":[76,86]},{"screen_name":"darcy_susan","name":"Susan D'Arcy","id":440276631,"id_str":"440276631","indices":[87,99]}],"symbols":[],"media":[{"id":1042009712143740900,"id_str":"1042009712143740929","indices":[137,160],"media_url":"http://pbs.twimg.com/media/DnX2T_jVsAEMmZo.jpg","media_url_https":"https://pbs.twimg.com/media/DnX2T_jVsAEMmZo.jpg","url":"https://t.co/nBzJibzM77","display_url":"pic.twitter.com/nBzJibzM77","expanded_url":"https://twitter.com/jedinight76/status/1042009758700429313/photo/1","type":"photo","sizes":{"small":{"w":680,"h":511,"resize":"fit"},"thumb":{"w":150,"h":150,"resize":"crop"},"medium":{"w":1200,"h":901,"resize":"fit"},"large":{"w":2048,"h":1538,"resize":"fit"}}},{"id":1042009712135352300,"id_str":"1042009712135352320","indices":[137,160],"media_url":"http://pbs.twimg.com/media/DnX2T_hVsAAwtVZ.jpg","media_url_https":"https://pbs.twimg.com/media/DnX2T_hVsAAwtVZ.jpg","url":"https://t.co/nBzJibzM77","display_url":"pic.twitter.com/nBzJibzM77","expanded_url":"https://twitter.com/jedinight76/status/1042009758700429313/photo/1","type":"photo","sizes":{"thumb":{"w":150,"h":150,"resize":"crop"},"large":{"w":2048,"h":1536,"resize":"fit"},"medium":{"w":1200,"h":900,"resize":"fit"},"small":{"w":680,"h":510,"resize":"fit"}}},{"id":1042009712135295000,"id_str":"1042009712135294976","indices":[137,160],"media_url":"http://pbs.twimg.com/media/DnX2T_hU0AAb8mZ.jpg","media_url_https":"https://pbs.twimg.com/media/DnX2T_hU0AAb8mZ.jpg","url":"https://t.co/nBzJibzM77","display_url":"pic.twitter.com/nBzJibzM77","expanded_url":"https://twitter.com/jedinight76/status/1042009758700429313/photo/1","type":"photo","sizes":{"large":{"w":1536,"h":2048,"resize":"fit"},"thumb":{"w":150,"h":150,"resize":"crop"},"medium":{"w":900,"h":1200,"resize":"fit"},"small":{"w":510,"h":680,"resize":"fit"}}},{"id":1042009712135364600,"id_str":"1042009712135364608","indices":[137,160],"media_url":"http://pbs.twimg.com/media/DnX2T_hV4AAEqV2.jpg","media_url_https":"https://pbs.twimg.com/media/DnX2T_hV4AAEqV2.jpg","url":"https://t.co/nBzJibzM77","display_url":"pic.twitter.com/nBzJibzM77","expanded_url":"https://twitter.com/jedinight76/status/1042009758700429313/photo/1","type":"photo","sizes":{"thumb":{"w":150,"h":150,"resize":"crop"},"large":{"w":2048,"h":1536,"resize":"fit"},"medium":{"w":1200,"h":900,"resize":"fit"},"small":{"w":680,"h":510,"resize":"fit"}}}]},"extended_entities":{"media":[{"id":1042009712143740900,"id_str":"1042009712143740929","indices":[137,160],"media_url":"http://pbs.twimg.com/media/DnX2T_jVsAEMmZo.jpg","media_url_https":"https://pbs.twimg.com/media/DnX2T_jVsAEMmZo.jpg","url":"https://t.co/nBzJibzM77","display_url":"pic.twitter.com/nBzJibzM77","expanded_url":"https://twitter.com/jedinight76/status/1042009758700429313/photo/1","type":"photo","sizes":{"small":{"w":680,"h":511,"resize":"fit"},"thumb":{"w":150,"h":150,"resize":"crop"},"medium":{"w":1200,"h":901,"resize":"fit"},"large":{"w":2048,"h":1538,"resize":"fit"}}},{"id":1042009712135352300,"id_str":"1042009712135352320","indices":[137,160],"media_url":"http://pbs.twimg.com/media/DnX2T_hVsAAwtVZ.jpg","media_url_https":"https://pbs.twimg.com/media/DnX2T_hVsAAwtVZ.jpg","url":"https://t.co/nBzJibzM77","display_url":"pic.twitter.com/nBzJibzM77","expanded_url":"https://twitter.com/jedinight76/status/1042009758700429313/photo/1","type":"photo","sizes":{"thumb":{"w":150,"h":150,"resize":"crop"},"large":{"w":2048,"h":1536,"resize":"fit"},"medium":{"w":1200,"h":900,"resize":"fit"},"small":{"w":680,"h":510,"resize":"fit"}}},{"id":1042009712135295000,"id_str":"1042009712135294976","indices":[137,160],"media_url":"http://pbs.twimg.com/media/DnX2T_hU0AAb8mZ.jpg","media_url_https":"https://pbs.twimg.com/media/DnX2T_hU0AAb8mZ.jpg","url":"https://t.co/nBzJibzM77","display_url":"pic.twitter.com/nBzJibzM77","expanded_url":"https://twitter.com/jedinight76/status/1042009758700429313/photo/1","type":"photo","sizes":{"large":{"w":1536,"h":2048,"resize":"fit"},"thumb":{"w":150,"h":150,"resize":"crop"},"medium":{"w":900,"h":1200,"resize":"fit"},"small":{"w":510,"h":680,"resize":"fit"}}},{"id":1042009712135364600,"id_str":"1042009712135364608","indices":[137,160],"media_url":"http://pbs.twimg.com/media/DnX2T_hV4AAEqV2.jpg","media_url_https":"https://pbs.twimg.com/media/DnX2T_hV4AAEqV2.jpg","url":"https://t.co/nBzJibzM77","display_url":"pic.twitter.com/nBzJibzM77","expanded_url":"https://twitter.com/jedinight76/status/1042009758700429313/photo/1","type":"photo","sizes":{"thumb":{"w":150,"h":150,"resize":"crop"},"large":{"w":2048,"h":1536,"resize":"fit"},"medium":{"w":1200,"h":900,"resize":"fit"},"small":{"w":680,"h":510,"resize":"fit"}}}]}},"quote_count":0,"reply_count":0,"retweet_count":0,"favorite_count":0,"entities":{"hashtags":[{"text":"EmilyFowles","indices":[100,112]}],"urls":[{"url":"https://t.co/U6JSz4VDzy","expanded_url":"https://twitter.com/i/web/status/1042009758700429313","display_url":"twitter.com/i/web/status/1…","indices":[114,137]}],"user_mentions":[{"screen_name":"ChangiAirport","name":"Changi Airport","id":65268724,"id_str":"65268724","indices":[0,14]},{"screen_name":"sonyafowles","name":"sonya fowles","id":562031850,"id_str":"562031850","indices":[46,58]},{"screen_name":"Bebboz1","name":"John Bebbington","id":106703664,"id_str":"106703664","indices":[59,67]},{"screen_name":"laurjh","name":"laurh","id":842325037,"id_str":"842325037","indices":[68,75]},{"screen_name":"Frithy101","name":"Paul Frith","id":175131887,"id_str":"175131887","indices":[76,86]},{"screen_name":"darcy_susan","name":"Susan D'Arcy","id":440276631,"id_str":"440276631","indices":[87,99]}],"symbols":[]},"favorited":false,"retweeted":false,"possibly_sensitive":false,"filter_level":"low","lang":"en","timestamp_ms":"1537269460736"}