{"created_at":"Tue Sep 18 10:49:09 +0000 2018","id":1042002583018266600,"id_str":"1042002583018266625","text":"Spotify to launch in the Middle East and North Africa https://t.co/zJCSErkPlt #Strategy #CSOAsia #CSO #Singapore","source":"<a href=\"https://ifttt.com\" rel=\"nofollow\">IFTTT</a>","truncated":false,"in_reply_to_status_id":null,"in_reply_to_status_id_str":null,"in_reply_to_user_id":null,"in_reply_to_user_id_str":null,"in_reply_to_screen_name":null,"user":{"id":770617920128819200,"id_str":"770617920128819200","name":"Ivy Chen","screen_name":"IE_IvyChen","location":"London, England","url":"https://theinnovationenterprise.com","description":"International Events Director at @IEgroup","translator_type":"none","protected":false,"verified":false,"followers_count":125,"friends_count":63,"listed_count":35,"favourites_count":3,"statuses_count":2583,"created_at":"Tue Aug 30 13:43:24 +0000 2016","utc_offset":null,"time_zone":null,"geo_enabled":false,"lang":"en","contributors_enabled":false,"is_translator":false,"profile_background_color":"000000","profile_background_image_url":"http://abs.twimg.com/images/themes/theme1/bg.png","profile_background_image_url_https":"https://abs.twimg.com/images/themes/theme1/bg.png","profile_background_tile":false,"profile_link_color":"0089B5","profile_sidebar_border_color":"000000","profile_sidebar_fill_color":"000000","profile_text_color":"000000","profile_use_background_image":false,"profile_image_url":"http://pbs.twimg.com/profile_images/792001591482146817/YF0p8BH4_normal.jpg","profile_image_url_https":"https://pbs.twimg.com/profile_images/792001591482146817/YF0p8BH4_normal.jpg","profile_banner_url":"https://pbs.twimg.com/profile_banners/770617920128819200/1472572667","default_profile":false,"default_profile_image":false,"following":null,"follow_request_sent":null,"notifications":null},"geo":null,"coordinates":null,"place":null,"contributors":null,"is_quote_status":false,"quote_count":0,"reply_count":0,"retweet_count":0,"favorite_count":0,"entities":{"hashtags":[{"text":"Strategy","indices":[78,87]},{"text":"CSOAsia","indices":[88,96]},{"text":"CSO","indices":[97,101]},{"text":"Singapore","indices":[102,112]}],"urls":[{"url":"https://t.co/zJCSErkPlt","expanded_url":"https://ift.tt/2PNIX2B","display_url":"ift.tt/2PNIX2B","indices":[54,77]}],"user_mentions":[],"symbols":[]},"favorited":false,"retweeted":false,"possibly_sensitive":false,"filter_level":"low","lang":"en","timestamp_ms":"1537267749920"}