{"created_at":"Tue Sep 18 10:27:41 +0000 2018","id":1041997180112986100,"id_str":"1041997180112986113","text":"RT @Panoramix_Radio: https://t.co/Ku1kcercSH\n\nhttps://t.co/RxtRfOcUrU  \n\n#Australia\n#Israel\n#CzechRepublic\n#Switzerland\n#Belarus\n#Turkey\n#S…","source":"<a href=\"http://twitter.com\" rel=\"nofollow\">Twitter Web Client</a>","truncated":false,"in_reply_to_status_id":null,"in_reply_to_status_id_str":null,"in_reply_to_user_id":null,"in_reply_to_user_id_str":null,"in_reply_to_screen_name":null,"user":{"id":94924938,"id_str":"94924938","name":"Yannick Yan","screen_name":"djyannickyan","location":"France","url":"http://www.panoramix-agency.fr","description":"Yannick Yan French Dj Producer","translator_type":"none","protected":false,"verified":false,"followers_count":5004,"friends_count":5018,"listed_count":512,"favourites_count":345,"statuses_count":20673,"created_at":"Sun Dec 06 03:27:21 +0000 2009","utc_offset":null,"time_zone":null,"geo_enabled":true,"lang":"fr","contributors_enabled":false,"is_translator":false,"profile_background_color":"1A1B1F","profile_background_image_url":"http://abs.twimg.com/images/themes/theme14/bg.gif","profile_background_image_url_https":"https://abs.twimg.com/images/themes/theme14/bg.gif","profile_background_tile":true,"profile_link_color":"981CEB","profile_sidebar_border_color":"000000","profile_sidebar_fill_color":"252429","profile_text_color":"666666","profile_use_background_image":true,"profile_image_url":"http://pbs.twimg.com/profile_images/1016178864274493442/mrYBE4_y_normal.jpg","profile_image_url_https":"https://pbs.twimg.com/profile_images/1016178864274493442/mrYBE4_y_normal.jpg","profile_banner_url":"https://pbs.twimg.com/profile_banners/94924938/1501536133","default_profile":false,"default_profile_image":false,"following":null,"follow_request_sent":null,"notifications":null},"geo":null,"coordinates":null,"place":null,"contributors":null,"retweeted_status":{"created_at":"Tue Mar 06 03:20:56 +0000 2018","id":970861762391224300,"id_str":"970861762391224321","text":"https://t.co/Ku1kcercSH\n\nhttps://t.co/RxtRfOcUrU  \n\n#Australia\n#Israel\n#CzechRepublic\n#Switzerland\n#Belarus\n#Turkey… https://t.co/WwCmBAfHdg","display_text_range":[0,140],"source":"<a href=\"http://twitter.com\" rel=\"nofollow\">Twitter Web Client</a>","truncated":true,"in_reply_to_status_id":null,"in_reply_to_status_id_str":null,"in_reply_to_user_id":null,"in_reply_to_user_id_str":null,"in_reply_to_screen_name":null,"user":{"id":2151278150,"id_str":"2151278150","name":"PanoramixRadio","screen_name":"Panoramix_Radio","location":null,"url":"http://panoramix-radio-station.com","description":"appli https://play.google.com/store/apps/details?id=com.nobexinc.wls_3042441149.rc","translator_type":"none","protected":false,"verified":false,"followers_count":7103,"friends_count":7153,"listed_count":529,"favourites_count":3703,"statuses_count":140130,"created_at":"Wed Oct 23 16:20:11 +0000 2013","utc_offset":null,"time_zone":null,"geo_enabled":false,"lang":"fr","contributors_enabled":false,"is_translator":false,"profile_background_color":"131516","profile_background_image_url":"http://abs.twimg.com/images/themes/theme14/bg.gif","profile_background_image_url_https":"https://abs.twimg.com/images/themes/theme14/bg.gif","profile_background_tile":true,"profile_link_color":"FF691F","profile_sidebar_border_color":"EEEEEE","profile_sidebar_fill_color":"EFEFEF","profile_text_color":"333333","profile_use_background_image":true,"profile_image_url":"http://pbs.twimg.com/profile_images/975719459334868994/hCQphNHs_normal.jpg","profile_image_url_https":"https://pbs.twimg.com/profile_images/975719459334868994/hCQphNHs_normal.jpg","profile_banner_url":"https://pbs.twimg.com/profile_banners/2151278150/1536824459","default_profile":false,"default_profile_image":false,"following":null,"follow_request_sent":null,"notifications":null},"geo":null,"coordinates":null,"place":null,"contributors":null,"is_quote_status":false,"extended_tweet":{"full_text":"https://t.co/Ku1kcercSH\n\nhttps://t.co/RxtRfOcUrU  \n\n#Australia\n#Israel\n#CzechRepublic\n#Switzerland\n#Belarus\n#Turkey\n#Singapore\n#Ireland\n#Ukraine\n#Mexico\n#Romania\n#India\n#Tunisia\n#Pakistan\n#Indonesia\n#Argentina\n#Kazakhstan\n#Philippines\n#SouthAfrica\n#NewCaledonia\n#Cambodia\n#Hungary https://t.co/SnEm9iCEU8","display_text_range":[0,280],"entities":{"hashtags":[{"text":"Australia","indices":[52,62]},{"text":"Israel","indices":[63,70]},{"text":"CzechRepublic","indices":[71,85]},{"text":"Switzerland","indices":[86,98]},{"text":"Belarus","indices":[99,107]},{"text":"Turkey","indices":[108,115]},{"text":"Singapore","indices":[116,126]},{"text":"Ireland","indices":[127,135]},{"text":"Ukraine","indices":[136,144]},{"text":"Mexico","indices":[145,152]},{"text":"Romania","indices":[153,161]},{"text":"India","indices":[162,168]},{"text":"Tunisia","indices":[169,177]},{"text":"Pakistan","indices":[178,187]},{"text":"Indonesia","indices":[188,198]},{"text":"Argentina","indices":[199,209]},{"text":"Kazakhstan","indices":[210,221]},{"text":"Philippines","indices":[222,234]},{"text":"SouthAfrica","indices":[235,247]},{"text":"NewCaledonia","indices":[248,261]},{"text":"Cambodia","indices":[262,271]},{"text":"Hungary","indices":[272,280]}],"urls":[{"url":"https://t.co/Ku1kcercSH","expanded_url":"http://radio7.pro-fhi.net/flux-panoramix/stream","display_url":"radio7.pro-fhi.net/flux-panoramix…","indices":[0,23]},{"url":"https://t.co/RxtRfOcUrU","expanded_url":"http://www.panoramix-agency.fr","display_url":"panoramix-agency.fr","indices":[25,48]}],"user_mentions":[],"symbols":[],"media":[{"id":970861722469912600,"id_str":"970861722469912576","indices":[281,304],"media_url":"http://pbs.twimg.com/media/DXkxl73X0AAPoUc.jpg","media_url_https":"https://pbs.twimg.com/media/DXkxl73X0AAPoUc.jpg","url":"https://t.co/SnEm9iCEU8","display_url":"pic.twitter.com/SnEm9iCEU8","expanded_url":"https://twitter.com/Panoramix_Radio/status/970861762391224321/photo/1","type":"photo","sizes":{"medium":{"w":1200,"h":703,"resize":"fit"},"thumb":{"w":150,"h":150,"resize":"crop"},"small":{"w":680,"h":399,"resize":"fit"},"large":{"w":2048,"h":1201,"resize":"fit"}}}]},"extended_entities":{"media":[{"id":970861722469912600,"id_str":"970861722469912576","indices":[281,304],"media_url":"http://pbs.twimg.com/media/DXkxl73X0AAPoUc.jpg","media_url_https":"https://pbs.twimg.com/media/DXkxl73X0AAPoUc.jpg","url":"https://t.co/SnEm9iCEU8","display_url":"pic.twitter.com/SnEm9iCEU8","expanded_url":"https://twitter.com/Panoramix_Radio/status/970861762391224321/photo/1","type":"photo","sizes":{"medium":{"w":1200,"h":703,"resize":"fit"},"thumb":{"w":150,"h":150,"resize":"crop"},"small":{"w":680,"h":399,"resize":"fit"},"large":{"w":2048,"h":1201,"resize":"fit"}}}]}},"quote_count":0,"reply_count":0,"retweet_count":4,"favorite_count":1,"entities":{"hashtags":[{"text":"Australia","indices":[52,62]},{"text":"Israel","indices":[63,70]},{"text":"CzechRepublic","indices":[71,85]},{"text":"Switzerland","indices":[86,98]},{"text":"Belarus","indices":[99,107]},{"text":"Turkey","indices":[108,115]}],"urls":[{"url":"https://t.co/Ku1kcercSH","expanded_url":"http://radio7.pro-fhi.net/flux-panoramix/stream","display_url":"radio7.pro-fhi.net/flux-panoramix…","indices":[0,23]},{"url":"https://t.co/RxtRfOcUrU","expanded_url":"http://www.panoramix-agency.fr","display_url":"panoramix-agency.fr","indices":[25,48]},{"url":"https://t.co/WwCmBAfHdg","expanded_url":"https://twitter.com/i/web/status/970861762391224321","display_url":"twitter.com/i/web/status/9…","indices":[117,140]}],"user_mentions":[],"symbols":[]},"favorited":false,"retweeted":false,"possibly_sensitive":false,"filter_level":"low","lang":"und"},"is_quote_status":false,"quote_count":0,"reply_count":0,"retweet_count":0,"favorite_count":0,"entities":{"hashtags":[{"text":"Australia","indices":[73,83]},{"text":"Israel","indices":[84,91]},{"text":"CzechRepublic","indices":[92,106]},{"text":"Switzerland","indices":[107,119]},{"text":"Belarus","indices":[120,128]},{"text":"Turkey","indices":[129,136]}],"urls":[{"url":"https://t.co/Ku1kcercSH","expanded_url":"http://radio7.pro-fhi.net/flux-panoramix/stream","display_url":"radio7.pro-fhi.net/flux-panoramix…","indices":[21,44]},{"url":"https://t.co/RxtRfOcUrU","expanded_url":"http://www.panoramix-agency.fr","display_url":"panoramix-agency.fr","indices":[46,69]}],"user_mentions":[{"screen_name":"Panoramix_Radio","name":"PanoramixRadio","id":2151278150,"id_str":"2151278150","indices":[3,19]}],"symbols":[]},"favorited":false,"retweeted":false,"possibly_sensitive":false,"filter_level":"low","lang":"und","timestamp_ms":"1537266461767"}