{"created_at":"Tue Sep 18 11:03:29 +0000 2018","id":1042006189016535000,"id_str":"1042006189016535040","text":"#Singapore to host ninth session of high-level bilateral dialogue with #Russia https://t.co/blM9XaTve6","source":"<a href=\"http://www.newssurge.com/\" rel=\"nofollow\">Singapore App</a>","truncated":false,"in_reply_to_status_id":null,"in_reply_to_status_id_str":null,"in_reply_to_user_id":null,"in_reply_to_user_id_str":null,"in_reply_to_screen_name":null,"user":{"id":818597089919860700,"id_str":"818597089919860736","name":"Singapore News","screen_name":"SingaporeApp","location":null,"url":"https://itunes.apple.com/us/app/singapore-news-radio-free/id1194351823?ls=1&mt=8","description":"Latest Singapore News in English Today #iOS App https://itunes.apple.com/us/app/singapore-news-radio-free/id1194351823?ls=1&mt=8 #Singapore","translator_type":"none","protected":false,"verified":false,"followers_count":65,"friends_count":6,"listed_count":10,"favourites_count":1808,"statuses_count":5397,"created_at":"Mon Jan 09 23:15:29 +0000 2017","utc_offset":null,"time_zone":null,"geo_enabled":false,"lang":"en","contributors_enabled":false,"is_translator":false,"profile_background_color":"F5F8FA","profile_background_image_url":"","profile_background_image_url_https":"","profile_background_tile":false,"profile_link_color":"1DA1F2","profile_sidebar_border_color":"C0DEED","profile_sidebar_fill_color":"DDEEF6","profile_text_color":"333333","profile_use_background_image":true,"profile_image_url":"http://pbs.twimg.com/profile_images/818597617898635264/7zjjk8yj_normal.jpg","profile_image_url_https":"https://pbs.twimg.com/profile_images/818597617898635264/7zjjk8yj_normal.jpg","profile_banner_url":"https://pbs.twimg.com/profile_banners/818597089919860736/1484004006","default_profile":true,"default_profile_image":false,"following":null,"follow_request_sent":null,"notifications":null},"geo":null,"coordinates":null,"place":null,"contributors":null,"is_quote_status":false,"quote_count":0,"reply_count":0,"retweet_count":0,"favorite_count":0,"entities":{"hashtags":[{"text":"Singapore","indices":[0,10]},{"text":"Russia","indices":[71,78]}],"urls":[{"url":"https://t.co/blM9XaTve6","expanded_url":"https://www.straitstimes.com/singapore/singapore-to-host-ninth-session-of-russia-singapore-inter-governmental-commission","display_url":"straitstimes.com/singapore/sing…","indices":[79,102]}],"user_mentions":[],"symbols":[]},"favorited":false,"retweeted":false,"possibly_sensitive":false,"filter_level":"low","lang":"en","timestamp_ms":"1537268609657"}