{"created_at":"Tue Sep 18 11:03:40 +0000 2018","id":1042006234675724300,"id_str":"1042006234675724289","text":"#Ovarian Cancer is a kind of #tumour that begins in the ovaries. The female reproductive system contains two ovarie… https://t.co/LYcYESeSHT","display_text_range":[0,140],"source":"<a href=\"http://twitter.com\" rel=\"nofollow\">Twitter Web Client</a>","truncated":true,"in_reply_to_status_id":null,"in_reply_to_status_id_str":null,"in_reply_to_user_id":null,"in_reply_to_user_id_str":null,"in_reply_to_screen_name":null,"user":{"id":1005115117481033700,"id_str":"1005115117481033729","name":"GynecologicCancer","screen_name":"gyncancer2018","location":"United Kingdom","url":"https://gynecologic-cancer.cancersummit.org/","description":"ConferenceSeries LLC. Ltd invites to all the participants around the\n globe to #GynecologicCancer2018 ,  November 07-08, 2018, #Singapore #Gynecology  #Oncology","translator_type":"none","protected":false,"verified":false,"followers_count":105,"friends_count":992,"listed_count":0,"favourites_count":3,"statuses_count":31,"created_at":"Fri Jun 08 15:51:32 +0000 2018","utc_offset":null,"time_zone":null,"geo_enabled":false,"lang":"en","contributors_enabled":false,"is_translator":false,"profile_background_color":"000000","profile_background_image_url":"http://abs.twimg.com/images/themes/theme1/bg.png","profile_background_image_url_https":"https://abs.twimg.com/images/themes/theme1/bg.png","profile_background_tile":false,"profile_link_color":"981CEB","profile_sidebar_border_color":"000000","profile_sidebar_fill_color":"000000","profile_text_color":"000000","profile_use_background_image":false,"profile_image_url":"http://pbs.twimg.com/profile_images/1005294117079769088/yFdvlvjh_normal.jpg","profile_image_url_https":"https://pbs.twimg.com/profile_images/1005294117079769088/yFdvlvjh_normal.jpg","profile_banner_url":"https://pbs.twimg.com/profile_banners/1005115117481033729/1528515913","default_profile":false,"default_profile_image":false,"following":null,"follow_request_sent":null,"notifications":null},"geo":null,"coordinates":null,"place":null,"contributors":null,"is_quote_status":false,"extended_tweet":{"full_text":"#Ovarian Cancer is a kind of #tumour that begins in the ovaries. The female reproductive system contains two ovaries, one on each side of the uterus. \nMark the date: #November 7-8, 2018 #Singapore https://t.co/KE46DBl5Dv","display_text_range":[0,196],"entities":{"hashtags":[{"text":"Ovarian","indices":[0,8]},{"text":"tumour","indices":[29,36]},{"text":"November","indices":[166,175]},{"text":"Singapore","indices":[186,196]}],"urls":[],"user_mentions":[],"symbols":[],"media":[{"id":1042006216778633200,"id_str":"1042006216778633216","indices":[197,220],"media_url":"http://pbs.twimg.com/media/DnXzIiTW0AA1mjD.jpg","media_url_https":"https://pbs.twimg.com/media/DnXzIiTW0AA1mjD.jpg","url":"https://t.co/KE46DBl5Dv","display_url":"pic.twitter.com/KE46DBl5Dv","expanded_url":"https://twitter.com/gyncancer2018/status/1042006234675724289/photo/1","type":"photo","sizes":{"small":{"w":680,"h":340,"resize":"fit"},"thumb":{"w":150,"h":150,"resize":"crop"},"medium":{"w":1024,"h":512,"resize":"fit"},"large":{"w":1024,"h":512,"resize":"fit"}}}]},"extended_entities":{"media":[{"id":1042006216778633200,"id_str":"1042006216778633216","indices":[197,220],"media_url":"http://pbs.twimg.com/media/DnXzIiTW0AA1mjD.jpg","media_url_https":"https://pbs.twimg.com/media/DnXzIiTW0AA1mjD.jpg","url":"https://t.co/KE46DBl5Dv","display_url":"pic.twitter.com/KE46DBl5Dv","expanded_url":"https://twitter.com/gyncancer2018/status/1042006234675724289/photo/1","type":"photo","sizes":{"small":{"w":680,"h":340,"resize":"fit"},"thumb":{"w":150,"h":150,"resize":"crop"},"medium":{"w":1024,"h":512,"resize":"fit"},"large":{"w":1024,"h":512,"resize":"fit"}}}]}},"quote_count":0,"reply_count":0,"retweet_count":0,"favorite_count":0,"entities":{"hashtags":[{"text":"Ovarian","indices":[0,8]},{"text":"tumour","indices":[29,36]}],"urls":[{"url":"https://t.co/LYcYESeSHT","expanded_url":"https://twitter.com/i/web/status/1042006234675724289","display_url":"twitter.com/i/web/status/1…","indices":[117,140]}],"user_mentions":[],"symbols":[]},"favorited":false,"retweeted":false,"possibly_sensitive":false,"filter_level":"low","lang":"en","timestamp_ms":"1537268620543"}