{"created_at":"Tue Sep 18 10:13:33 +0000 2018","id":1041993623812755500,"id_str":"1041993623812755456","text":"#trunkbarbistro #balestier #party #fun #bar #singapore https://t.co/HENqpNrcBi","display_text_range":[0,54],"source":"<a href=\"http://twitter.com\" rel=\"nofollow\">Twitter Web Client</a>","truncated":false,"in_reply_to_status_id":null,"in_reply_to_status_id_str":null,"in_reply_to_user_id":null,"in_reply_to_user_id_str":null,"in_reply_to_screen_name":null,"user":{"id":1017280349506662400,"id_str":"1017280349506662400","name":"Trunkbarbistro","screen_name":"trunkbarbistro","location":"Singapore","url":"http://www.trunkbistro.com.sg","description":"Trunk Bar & Bistro is a traditional European cuisine venue, serving \nthe best dishes and drinks from across the range of European cuisines.","translator_type":"none","protected":false,"verified":false,"followers_count":0,"friends_count":0,"listed_count":0,"favourites_count":3,"statuses_count":22,"created_at":"Thu Jul 12 05:31:50 +0000 2018","utc_offset":null,"time_zone":null,"geo_enabled":false,"lang":"en","contributors_enabled":false,"is_translator":false,"profile_background_color":"000000","profile_background_image_url":"http://abs.twimg.com/images/themes/theme1/bg.png","profile_background_image_url_https":"https://abs.twimg.com/images/themes/theme1/bg.png","profile_background_tile":false,"profile_link_color":"981CEB","profile_sidebar_border_color":"000000","profile_sidebar_fill_color":"000000","profile_text_color":"000000","profile_use_background_image":false,"profile_image_url":"http://pbs.twimg.com/profile_images/1017294110237978624/cvPacqV-_normal.jpg","profile_image_url_https":"https://pbs.twimg.com/profile_images/1017294110237978624/cvPacqV-_normal.jpg","profile_banner_url":"https://pbs.twimg.com/profile_banners/1017280349506662400/1535780634","default_profile":false,"default_profile_image":false,"following":null,"follow_request_sent":null,"notifications":null},"geo":null,"coordinates":null,"place":null,"contributors":null,"is_quote_status":false,"quote_count":0,"reply_count":0,"retweet_count":0,"favorite_count":0,"entities":{"hashtags":[{"text":"trunkbarbistro","indices":[0,15]},{"text":"balestier","indices":[16,26]},{"text":"party","indices":[27,33]},{"text":"fun","indices":[34,38]},{"text":"bar","indices":[39,43]},{"text":"singapore","indices":[44,54]}],"urls":[],"user_mentions":[],"symbols":[],"media":[{"id":1041993426974015500,"id_str":"1041993426974015488","indices":[55,78],"media_url":"http://pbs.twimg.com/media/DnXngEkUAAA0XO7.jpg","media_url_https":"https://pbs.twimg.com/media/DnXngEkUAAA0XO7.jpg","url":"https://t.co/HENqpNrcBi","display_url":"pic.twitter.com/HENqpNrcBi","expanded_url":"https://twitter.com/trunkbarbistro/status/1041993623812755456/photo/1","type":"photo","sizes":{"thumb":{"w":150,"h":150,"resize":"crop"},"small":{"w":680,"h":680,"resize":"fit"},"medium":{"w":1080,"h":1080,"resize":"fit"},"large":{"w":1080,"h":1080,"resize":"fit"}}}]},"extended_entities":{"media":[{"id":1041993426974015500,"id_str":"1041993426974015488","indices":[55,78],"media_url":"http://pbs.twimg.com/media/DnXngEkUAAA0XO7.jpg","media_url_https":"https://pbs.twimg.com/media/DnXngEkUAAA0XO7.jpg","url":"https://t.co/HENqpNrcBi","display_url":"pic.twitter.com/HENqpNrcBi","expanded_url":"https://twitter.com/trunkbarbistro/status/1041993623812755456/photo/1","type":"photo","sizes":{"thumb":{"w":150,"h":150,"resize":"crop"},"small":{"w":680,"h":680,"resize":"fit"},"medium":{"w":1080,"h":1080,"resize":"fit"},"large":{"w":1080,"h":1080,"resize":"fit"}}}]},"favorited":false,"retweeted":false,"possibly_sensitive":false,"filter_level":"low","lang":"und","timestamp_ms":"1537265613879"}