{"created_at":"Tue Sep 18 11:18:03 +0000 2018","id":1042009853999235100,"id_str":"1042009853999235072","text":"Shoutout of gratitude to the border security staff at #singaporeairport So polite...handing back passports with bot… https://t.co/D2ALPFlwhz","source":"<a href=\"http://twitter.com/download/android\" rel=\"nofollow\">Twitter for Android</a>","truncated":true,"in_reply_to_status_id":null,"in_reply_to_status_id_str":null,"in_reply_to_user_id":null,"in_reply_to_user_id_str":null,"in_reply_to_screen_name":null,"user":{"id":403625720,"id_str":"403625720","name":"Pardesi Photo","screen_name":"PardesiPhoto","location":"London","url":"http://www.facebook.com/PardesiPhoto","description":null,"translator_type":"none","protected":false,"verified":false,"followers_count":218,"friends_count":122,"listed_count":1,"favourites_count":107,"statuses_count":127,"created_at":"Wed Nov 02 19:21:52 +0000 2011","utc_offset":null,"time_zone":null,"geo_enabled":false,"lang":"en","contributors_enabled":false,"is_translator":false,"profile_background_color":"C0DEED","profile_background_image_url":"http://abs.twimg.com/images/themes/theme1/bg.png","profile_background_image_url_https":"https://abs.twimg.com/images/themes/theme1/bg.png","profile_background_tile":false,"profile_link_color":"E61C1C","profile_sidebar_border_color":"000000","profile_sidebar_fill_color":"DDEEF6","profile_text_color":"333333","profile_use_background_image":false,"profile_image_url":"http://pbs.twimg.com/profile_images/1619265328/NotEnoughCamerasSquare_normal.jpg","profile_image_url_https":"https://pbs.twimg.com/profile_images/1619265328/NotEnoughCamerasSquare_normal.jpg","profile_banner_url":"https://pbs.twimg.com/profile_banners/403625720/1398987269","default_profile":false,"default_profile_image":false,"following":null,"follow_request_sent":null,"notifications":null},"geo":null,"coordinates":null,"place":null,"contributors":null,"is_quote_status":false,"extended_tweet":{"full_text":"Shoutout of gratitude to the border security staff at #singaporeairport So polite...handing back passports with both hands and saying \"Good Trip\" #changiairport #singapore #respect","display_text_range":[0,180],"entities":{"hashtags":[{"text":"singaporeairport","indices":[54,71]},{"text":"changiairport","indices":[146,160]},{"text":"singapore","indices":[161,171]},{"text":"respect","indices":[172,180]}],"urls":[],"user_mentions":[],"symbols":[]}},"quote_count":0,"reply_count":0,"retweet_count":0,"favorite_count":0,"entities":{"hashtags":[{"text":"singaporeairport","indices":[54,71]}],"urls":[{"url":"https://t.co/D2ALPFlwhz","expanded_url":"https://twitter.com/i/web/status/1042009853999235072","display_url":"twitter.com/i/web/status/1…","indices":[117,140]}],"user_mentions":[],"symbols":[]},"favorited":false,"retweeted":false,"filter_level":"low","lang":"en","timestamp_ms":"1537269483457"}