{"created_at":"Tue Sep 18 10:13:46 +0000 2018","id":1041993674731778000,"id_str":"1041993674731778050","text":"#IT Company in #Singapore https://t.co/5Fz8NkQlzI","source":"<a href=\"http://twitter.com\" rel=\"nofollow\">Twitter Web Client</a>","truncated":false,"in_reply_to_status_id":null,"in_reply_to_status_id_str":null,"in_reply_to_user_id":null,"in_reply_to_user_id_str":null,"in_reply_to_screen_name":null,"user":{"id":948501266228920300,"id_str":"948501266228920320","name":"SIT","screen_name":"SitDigital","location":null,"url":"http://www.scorpioinfotech.net","description":"IT company in Singapore, web design company Singapore, web designing services, graphic design Singapore, offshore outsourcing solution Singapore.","translator_type":"none","protected":false,"verified":false,"followers_count":155,"friends_count":308,"listed_count":3,"favourites_count":1866,"statuses_count":1483,"created_at":"Wed Jan 03 10:28:18 +0000 2018","utc_offset":null,"time_zone":null,"geo_enabled":false,"lang":"en","contributors_enabled":false,"is_translator":false,"profile_background_color":"F5F8FA","profile_background_image_url":"","profile_background_image_url_https":"","profile_background_tile":false,"profile_link_color":"1DA1F2","profile_sidebar_border_color":"C0DEED","profile_sidebar_fill_color":"DDEEF6","profile_text_color":"333333","profile_use_background_image":true,"profile_image_url":"http://pbs.twimg.com/profile_images/963734352050970624/t6v1XLch_normal.jpg","profile_image_url_https":"https://pbs.twimg.com/profile_images/963734352050970624/t6v1XLch_normal.jpg","default_profile":true,"default_profile_image":false,"following":null,"follow_request_sent":null,"notifications":null},"geo":null,"coordinates":null,"place":null,"contributors":null,"is_quote_status":false,"quote_count":0,"reply_count":0,"retweet_count":0,"favorite_count":0,"entities":{"hashtags":[{"text":"IT","indices":[0,3]},{"text":"Singapore","indices":[15,25]}],"urls":[{"url":"https://t.co/5Fz8NkQlzI","expanded_url":"https://www.trepup.com/sit/news/the-importance-of-social-media-for-web-traffic/1384230#.W6DPpe8zaEs.twitter","display_url":"trepup.com/sit/news/the-i…","indices":[26,49]}],"user_mentions":[],"symbols":[]},"favorited":false,"retweeted":false,"possibly_sensitive":false,"filter_level":"low","lang":"en","timestamp_ms":"1537265626019"}