{"created_at":"Tue Sep 18 10:20:56 +0000 2018","id":1041995479385604100,"id_str":"1041995479385604096","text":"RT @FuzeX_co: #FuzeX recieved #MAS approval in #Singapore! This is a big progress for the FuzeX project. Also there is great news for the U…","source":"<a href=\"http://twitter.com/download/android\" rel=\"nofollow\">Twitter for Android</a>","truncated":false,"in_reply_to_status_id":null,"in_reply_to_status_id_str":null,"in_reply_to_user_id":null,"in_reply_to_user_id_str":null,"in_reply_to_screen_name":null,"user":{"id":193935512,"id_str":"193935512","name":"Primeer","screen_name":"primeeronline","location":null,"url":null,"description":"Primeer source of cryptocurrency analysis. News and reviews about active and upcoming icos and token sales.","translator_type":"none","protected":false,"verified":false,"followers_count":2687,"friends_count":641,"listed_count":25,"favourites_count":808,"statuses_count":4317,"created_at":"Thu Sep 23 01:02:34 +0000 2010","utc_offset":null,"time_zone":null,"geo_enabled":false,"lang":"en","contributors_enabled":false,"is_translator":false,"profile_background_color":"000000","profile_background_image_url":"http://abs.twimg.com/images/themes/theme1/bg.png","profile_background_image_url_https":"https://abs.twimg.com/images/themes/theme1/bg.png","profile_background_tile":false,"profile_link_color":"981CEB","profile_sidebar_border_color":"000000","profile_sidebar_fill_color":"000000","profile_text_color":"000000","profile_use_background_image":false,"profile_image_url":"http://pbs.twimg.com/profile_images/840179038467588096/S9hun-Sf_normal.jpg","profile_image_url_https":"https://pbs.twimg.com/profile_images/840179038467588096/S9hun-Sf_normal.jpg","profile_banner_url":"https://pbs.twimg.com/profile_banners/193935512/1491472863","default_profile":false,"default_profile_image":false,"following":null,"follow_request_sent":null,"notifications":null},"geo":null,"coordinates":null,"place":null,"contributors":null,"retweeted_status":{"created_at":"Tue Sep 18 03:01:01 +0000 2018","id":1041884772878827500,"id_str":"1041884772878827520","text":"#FuzeX recieved #MAS approval in #Singapore! This is a big progress for the FuzeX project. Also there is great news… https://t.co/E4irNmkSM7","source":"<a href=\"http://twitter.com\" rel=\"nofollow\">Twitter Web Client</a>","truncated":true,"in_reply_to_status_id":null,"in_reply_to_status_id_str":null,"in_reply_to_user_id":null,"in_reply_to_user_id_str":null,"in_reply_to_screen_name":null,"user":{"id":905993693491978200,"id_str":"905993693491978240","name":"FuzeX","screen_name":"FuzeX_co","location":null,"url":"https://fuzex.co/","description":null,"translator_type":"none","protected":false,"verified":false,"followers_count":8438,"friends_count":15,"listed_count":86,"favourites_count":26,"statuses_count":161,"created_at":"Fri Sep 08 03:18:23 +0000 2017","utc_offset":null,"time_zone":null,"geo_enabled":true,"lang":"en-gb","contributors_enabled":false,"is_translator":false,"profile_background_color":"000000","profile_background_image_url":"http://abs.twimg.com/images/themes/theme1/bg.png","profile_background_image_url_https":"https://abs.twimg.com/images/themes/theme1/bg.png","profile_background_tile":false,"profile_link_color":"981CEB","profile_sidebar_border_color":"000000","profile_sidebar_fill_color":"000000","profile_text_color":"000000","profile_use_background_image":false,"profile_image_url":"http://pbs.twimg.com/profile_images/1011896176222695424/PMtMsdSy_normal.jpg","profile_image_url_https":"https://pbs.twimg.com/profile_images/1011896176222695424/PMtMsdSy_normal.jpg","profile_banner_url":"https://pbs.twimg.com/profile_banners/905993693491978240/1508295805","default_profile":false,"default_profile_image":false,"following":null,"follow_request_sent":null,"notifications":null},"geo":null,"coordinates":null,"place":null,"contributors":null,"is_quote_status":false,"extended_tweet":{"full_text":"#FuzeX recieved #MAS approval in #Singapore! This is a big progress for the FuzeX project. Also there is great news for the UK&amp;EU supporters who are waiting for the FuzeX card. Check out https://t.co/YvhZR7zX3X\n#cryptocurrency #cryptonews #blockchain #payment #ETH #BTC #FXT","display_text_range":[0,278],"entities":{"hashtags":[{"text":"FuzeX","indices":[0,6]},{"text":"MAS","indices":[16,20]},{"text":"Singapore","indices":[33,43]},{"text":"cryptocurrency","indices":[215,230]},{"text":"cryptonews","indices":[231,242]},{"text":"blockchain","indices":[243,254]},{"text":"payment","indices":[255,263]},{"text":"ETH","indices":[264,268]},{"text":"BTC","indices":[269,273]},{"text":"FXT","indices":[274,278]}],"urls":[{"url":"https://t.co/YvhZR7zX3X","expanded_url":"https://bit.ly/2PEpS2w","display_url":"bit.ly/2PEpS2w","indices":[191,214]}],"user_mentions":[],"symbols":[]}},"quote_count":4,"reply_count":1,"retweet_count":17,"favorite_count":36,"entities":{"hashtags":[{"text":"FuzeX","indices":[0,6]},{"text":"MAS","indices":[16,20]},{"text":"Singapore","indices":[33,43]}],"urls":[{"url":"https://t.co/E4irNmkSM7","expanded_url":"https://twitter.com/i/web/status/1041884772878827520","display_url":"twitter.com/i/web/status/1…","indices":[117,140]}],"user_mentions":[],"symbols":[]},"favorited":false,"retweeted":false,"possibly_sensitive":false,"filter_level":"low","lang":"en"},"is_quote_status":false,"quote_count":0,"reply_count":0,"retweet_count":0,"favorite_count":0,"entities":{"hashtags":[{"text":"FuzeX","indices":[14,20]},{"text":"MAS","indices":[30,34]},{"text":"Singapore","indices":[47,57]}],"urls":[],"user_mentions":[{"screen_name":"FuzeX_co","name":"FuzeX","id":905993693491978200,"id_str":"905993693491978240","indices":[3,12]}],"symbols":[]},"favorited":false,"retweeted":false,"filter_level":"low","lang":"en","timestamp_ms":"1537266056282"}