{"created_at":"Tue Sep 18 10:56:44 +0000 2018","id":1042004489715310600,"id_str":"1042004489715310593","text":"Here is example of delivered product. @PundiXLabs rocking as always! #NPXS #PoS #Singapore","source":"<a href=\"http://twitter.com\" rel=\"nofollow\">Twitter Web Client</a>","truncated":false,"in_reply_to_status_id":null,"in_reply_to_status_id_str":null,"in_reply_to_user_id":null,"in_reply_to_user_id_str":null,"in_reply_to_screen_name":null,"user":{"id":840594576784142300,"id_str":"840594576784142338","name":"Ruslan Knyazev","screen_name":"turum555","location":"Украина","url":null,"description":"#Student #Blockchain #Bitcoin #Altcoins #CryptoHunter #MoonIsDifferentButWeGoingThereAnyway","translator_type":"none","protected":false,"verified":false,"followers_count":7374,"friends_count":205,"listed_count":39,"favourites_count":17898,"statuses_count":21610,"created_at":"Sat Mar 11 16:05:39 +0000 2017","utc_offset":null,"time_zone":null,"geo_enabled":false,"lang":"ru","contributors_enabled":false,"is_translator":false,"profile_background_color":"000000","profile_background_image_url":"http://abs.twimg.com/images/themes/theme1/bg.png","profile_background_image_url_https":"https://abs.twimg.com/images/themes/theme1/bg.png","profile_background_tile":false,"profile_link_color":"981CEB","profile_sidebar_border_color":"000000","profile_sidebar_fill_color":"000000","profile_text_color":"000000","profile_use_background_image":false,"profile_image_url":"http://pbs.twimg.com/profile_images/1019151861872513024/RWpNY0Sk_normal.jpg","profile_image_url_https":"https://pbs.twimg.com/profile_images/1019151861872513024/RWpNY0Sk_normal.jpg","profile_banner_url":"https://pbs.twimg.com/profile_banners/840594576784142338/1531819790","default_profile":false,"default_profile_image":false,"following":null,"follow_request_sent":null,"notifications":null},"geo":null,"coordinates":null,"place":null,"contributors":null,"quoted_status_id":1041997858591846400,"quoted_status_id_str":"1041997858591846402","quoted_status":{"created_at":"Tue Sep 18 10:30:23 +0000 2018","id":1041997858591846400,"id_str":"1041997858591846402","text":"Making payment in #BTC, #ETH, #NPXS and #BNB. As part of our event promotion for #ConsensusSingapore attendees, two… https://t.co/PG96vl45xu","display_text_range":[0,140],"source":"<a href=\"http://twitter.com/download/iphone\" rel=\"nofollow\">Twitter for iPhone</a>","truncated":true,"in_reply_to_status_id":null,"in_reply_to_status_id_str":null,"in_reply_to_user_id":null,"in_reply_to_user_id_str":null,"in_reply_to_screen_name":null,"user":{"id":910043982306041900,"id_str":"910043982306041856","name":"Pundi X Official Account (Pls do not send ETH)","screen_name":"PundiXLabs","location":"Jakarta Capital Region","url":"https://pundix.com/","description":"We empower #blockchain developers and token holders to transact #cryptocurrency and services at any physical store in the world. $NPXS. TG: http://t.me/pundix","translator_type":"none","protected":false,"verified":false,"followers_count":49603,"friends_count":176,"listed_count":341,"favourites_count":1040,"statuses_count":1230,"created_at":"Tue Sep 19 07:32:47 +0000 2017","utc_offset":null,"time_zone":null,"geo_enabled":true,"lang":"en","contributors_enabled":false,"is_translator":false,"profile_background_color":"F5F8FA","profile_background_image_url":"","profile_background_image_url_https":"","profile_background_tile":false,"profile_link_color":"1DA1F2","profile_sidebar_border_color":"C0DEED","profile_sidebar_fill_color":"DDEEF6","profile_text_color":"333333","profile_use_background_image":true,"profile_image_url":"http://pbs.twimg.com/profile_images/911518497385021440/o4ZnRjv8_normal.jpg","profile_image_url_https":"https://pbs.twimg.com/profile_images/911518497385021440/o4ZnRjv8_normal.jpg","profile_banner_url":"https://pbs.twimg.com/profile_banners/910043982306041856/1506158099","default_profile":true,"default_profile_image":false,"following":null,"follow_request_sent":null,"notifications":null},"geo":null,"coordinates":null,"place":null,"contributors":null,"quoted_status_id":1041994805012705300,"quoted_status_id_str":"1041994805012705281","is_quote_status":true,"extended_tweet":{"full_text":"Making payment in #BTC, #ETH, #NPXS and #BNB. As part of our event promotion for #ConsensusSingapore attendees, two restaurants at the Marina Bay Sands will accept #cryptocurrency payments with the XPOS. They can make payments via the #PundiX PASS cards or XWallet app 😎 https://t.co/LictRl5sg1","display_text_range":[0,270],"entities":{"hashtags":[{"text":"BTC","indices":[18,22]},{"text":"ETH","indices":[24,28]},{"text":"NPXS","indices":[30,35]},{"text":"BNB","indices":[40,44]},{"text":"ConsensusSingapore","indices":[81,100]},{"text":"cryptocurrency","indices":[164,179]},{"text":"PundiX","indices":[235,242]}],"urls":[{"url":"https://t.co/LictRl5sg1","expanded_url":"https://twitter.com/weizhoubinance/status/1041994805012705281","display_url":"twitter.com/weizhoubinance…","indices":[271,294]}],"user_mentions":[],"symbols":[]}},"quote_count":2,"reply_count":6,"retweet_count":50,"favorite_count":139,"entities":{"hashtags":[{"text":"BTC","indices":[18,22]},{"text":"ETH","indices":[24,28]},{"text":"NPXS","indices":[30,35]},{"text":"BNB","indices":[40,44]},{"text":"ConsensusSingapore","indices":[81,100]}],"urls":[{"url":"https://t.co/PG96vl45xu","expanded_url":"https://twitter.com/i/web/status/1041997858591846402","display_url":"twitter.com/i/web/status/1…","indices":[117,140]}],"user_mentions":[],"symbols":[]},"favorited":false,"retweeted":false,"possibly_sensitive":false,"filter_level":"low","lang":"en"},"quoted_status_permalink":{"url":"https://t.co/wruo6ua0Xr","expanded":"https://twitter.com/PundiXLabs/status/1041997858591846402","display":"twitter.com/PundiXLabs/sta…"},"is_quote_status":true,"quote_count":0,"reply_count":0,"retweet_count":0,"favorite_count":0,"entities":{"hashtags":[{"text":"NPXS","indices":[69,74]},{"text":"PoS","indices":[75,79]},{"text":"Singapore","indices":[80,90]}],"urls":[],"user_mentions":[{"screen_name":"PundiXLabs","name":"Pundi X Official Account (Pls do not send ETH)","id":910043982306041900,"id_str":"910043982306041856","indices":[38,49]}],"symbols":[]},"favorited":false,"retweeted":false,"filter_level":"low","lang":"en","timestamp_ms":"1537268204512"}