{"created_at":"Tue Sep 18 10:49:37 +0000 2018","id":1042002699854667800,"id_str":"1042002699854667776","text":"RT @Kpop_Herald: #IU to tour 7 Asian cities for #IU_10th_Anniversary concert -- #HongKong #Singapore #Bangkok #Taipei, are you ready?\n\n#IU1…","source":"<a href=\"http://twitter.com/download/android\" rel=\"nofollow\">Twitter for Android</a>","truncated":false,"in_reply_to_status_id":null,"in_reply_to_status_id_str":null,"in_reply_to_user_id":null,"in_reply_to_user_id_str":null,"in_reply_to_screen_name":null,"user":{"id":716007428,"id_str":"716007428","name":"aiyu 🐮 ❃","screen_name":"aiyuweo","location":"#B - TeamJava - ARMYSQ ","url":"https://Instagram.com/dlwlrma/","description":"[ #HMfams - 445$ ] 아이유's roleplayer - 안녕하세요 저는 아이유입니다 방가방가 - soloist - @lily199iu - ©1993 - my bellybean CNBLUEgta 🌹","translator_type":"none","protected":false,"verified":false,"followers_count":9470,"friends_count":8526,"listed_count":38,"favourites_count":2259,"statuses_count":177579,"created_at":"Wed Jul 25 12:44:39 +0000 2012","utc_offset":null,"time_zone":null,"geo_enabled":true,"lang":"id","contributors_enabled":false,"is_translator":false,"profile_background_color":"EBC1DC","profile_background_image_url":"http://abs.twimg.com/images/themes/theme1/bg.png","profile_background_image_url_https":"https://abs.twimg.com/images/themes/theme1/bg.png","profile_background_tile":true,"profile_link_color":"DD2E44","profile_sidebar_border_color":"FFFFFF","profile_sidebar_fill_color":"DDEEF6","profile_text_color":"333333","profile_use_background_image":true,"profile_image_url":"http://pbs.twimg.com/profile_images/1041079292573081600/LvDpeP56_normal.jpg","profile_image_url_https":"https://pbs.twimg.com/profile_images/1041079292573081600/LvDpeP56_normal.jpg","profile_banner_url":"https://pbs.twimg.com/profile_banners/716007428/1537256441","default_profile":false,"default_profile_image":false,"following":null,"follow_request_sent":null,"notifications":null},"geo":null,"coordinates":null,"place":null,"contributors":null,"retweeted_status":{"created_at":"Tue Sep 18 03:37:03 +0000 2018","id":1041893840733397000,"id_str":"1041893840733396992","text":"#IU to tour 7 Asian cities for #IU_10th_Anniversary concert -- #HongKong #Singapore #Bangkok #Taipei, are you ready… https://t.co/wzYwtravPW","source":"<a href=\"http://twitter.com\" rel=\"nofollow\">Twitter Web Client</a>","truncated":true,"in_reply_to_status_id":null,"in_reply_to_status_id_str":null,"in_reply_to_user_id":null,"in_reply_to_user_id_str":null,"in_reply_to_screen_name":null,"user":{"id":2555928204,"id_str":"2555928204","name":"Kpop Herald","screen_name":"Kpop_Herald","location":"Seoul, South Korea","url":"http://kpopherald.com","description":"See the latest Korean culture news by the nation's No.1 English newspaper!","translator_type":"none","protected":false,"verified":false,"followers_count":29031,"friends_count":432,"listed_count":393,"favourites_count":39,"statuses_count":20266,"created_at":"Mon Jun 09 02:40:57 +0000 2014","utc_offset":null,"time_zone":null,"geo_enabled":true,"lang":"en","contributors_enabled":false,"is_translator":false,"profile_background_color":"B2DFDA","profile_background_image_url":"http://abs.twimg.com/images/themes/theme13/bg.gif","profile_background_image_url_https":"https://abs.twimg.com/images/themes/theme13/bg.gif","profile_background_tile":false,"profile_link_color":"93A644","profile_sidebar_border_color":"EEEEEE","profile_sidebar_fill_color":"FFFFFF","profile_text_color":"333333","profile_use_background_image":true,"profile_image_url":"http://pbs.twimg.com/profile_images/475831798874648578/R0Bxtmib_normal.jpeg","profile_image_url_https":"https://pbs.twimg.com/profile_images/475831798874648578/R0Bxtmib_normal.jpeg","profile_banner_url":"https://pbs.twimg.com/profile_banners/2555928204/1404982991","default_profile":false,"default_profile_image":false,"following":null,"follow_request_sent":null,"notifications":null},"geo":null,"coordinates":null,"place":null,"contributors":null,"is_quote_status":false,"extended_tweet":{"full_text":"#IU to tour 7 Asian cities for #IU_10th_Anniversary concert -- #HongKong #Singapore #Bangkok #Taipei, are you ready?\n\n#IU10thDebutAnniversary @lily199iu #UAENA @haneuljieun @_IUofficial @Vliveofficial \n\nhttps://t.co/9wHEp0VEro","display_text_range":[0,226],"entities":{"hashtags":[{"text":"IU","indices":[0,3]},{"text":"IU_10th_Anniversary","indices":[31,51]},{"text":"HongKong","indices":[63,72]},{"text":"Singapore","indices":[73,83]},{"text":"Bangkok","indices":[84,92]},{"text":"Taipei","indices":[93,100]},{"text":"IU10thDebutAnniversary","indices":[118,141]},{"text":"UAENA","indices":[153,159]}],"urls":[{"url":"https://t.co/9wHEp0VEro","expanded_url":"http://kpopherald.koreaherald.com/view.php?ud=201809181221034841615_2","display_url":"kpopherald.koreaherald.com/view.php?ud=20…","indices":[203,226]}],"user_mentions":[{"screen_name":"lily199iu","name":"이지은","id":532929138,"id_str":"532929138","indices":[142,152]},{"screen_name":"haneuljieun","name":"아10유🎉 👑🔮","id":742015749447897100,"id_str":"742015749447897094","indices":[160,172]},{"screen_name":"_IUofficial","name":"아이유(IU) 공식 트위터","id":1024486566096326700,"id_str":"1024486566096326656","indices":[173,185]},{"screen_name":"Vliveofficial","name":"V LIVE","id":1459223742,"id_str":"1459223742","indices":[186,200]}],"symbols":[]}},"quote_count":1,"reply_count":0,"retweet_count":5,"favorite_count":15,"entities":{"hashtags":[{"text":"IU","indices":[0,3]},{"text":"IU_10th_Anniversary","indices":[31,51]},{"text":"HongKong","indices":[63,72]},{"text":"Singapore","indices":[73,83]},{"text":"Bangkok","indices":[84,92]},{"text":"Taipei","indices":[93,100]}],"urls":[{"url":"https://t.co/wzYwtravPW","expanded_url":"https://twitter.com/i/web/status/1041893840733396992","display_url":"twitter.com/i/web/status/1…","indices":[117,140]}],"user_mentions":[],"symbols":[]},"favorited":false,"retweeted":false,"possibly_sensitive":false,"filter_level":"low","lang":"en"},"is_quote_status":false,"quote_count":0,"reply_count":0,"retweet_count":0,"favorite_count":0,"entities":{"hashtags":[{"text":"IU","indices":[17,20]},{"text":"IU_10th_Anniversary","indices":[48,68]},{"text":"HongKong","indices":[80,89]},{"text":"Singapore","indices":[90,100]},{"text":"Bangkok","indices":[101,109]},{"text":"Taipei","indices":[110,117]}],"urls":[],"user_mentions":[{"screen_name":"Kpop_Herald","name":"Kpop Herald","id":2555928204,"id_str":"2555928204","indices":[3,15]}],"symbols":[]},"favorited":false,"retweeted":false,"filter_level":"low","lang":"en","timestamp_ms":"1537267777776"}