{"created_at":"Tue Sep 18 10:56:47 +0000 2018","id":1042004501735997400,"id_str":"1042004501735997440","text":"RT @Encantador_Jo: #Bookstores in #S’pore have not received #lawyer’s #letters over #new #book on #Jho Low &amp; more in #Singapore morning #ne…","source":"<a href=\"https://about.twitter.com/products/tweetdeck\" rel=\"nofollow\">TweetDeck</a>","truncated":false,"in_reply_to_status_id":null,"in_reply_to_status_id_str":null,"in_reply_to_user_id":null,"in_reply_to_user_id_str":null,"in_reply_to_screen_name":null,"user":{"id":3265583034,"id_str":"3265583034","name":"AEC News Today","screen_name":"AecNewsToday","location":"Cambodia","url":"https://aecnewstoday.com","description":"Official Twitter account for https://aecnewstoday.com\nPolicies, not politics – governance, not government Asean Community news, analysis, & features","translator_type":"none","protected":false,"verified":false,"followers_count":1601,"friends_count":1590,"listed_count":118,"favourites_count":2010,"statuses_count":25020,"created_at":"Thu Jul 02 02:56:31 +0000 2015","utc_offset":null,"time_zone":null,"geo_enabled":false,"lang":"en","contributors_enabled":false,"is_translator":false,"profile_background_color":"000000","profile_background_image_url":"http://abs.twimg.com/images/themes/theme1/bg.png","profile_background_image_url_https":"https://abs.twimg.com/images/themes/theme1/bg.png","profile_background_tile":false,"profile_link_color":"ABB8C2","profile_sidebar_border_color":"000000","profile_sidebar_fill_color":"000000","profile_text_color":"000000","profile_use_background_image":false,"profile_image_url":"http://pbs.twimg.com/profile_images/830391601075662849/D21T22-T_normal.jpg","profile_image_url_https":"https://pbs.twimg.com/profile_images/830391601075662849/D21T22-T_normal.jpg","profile_banner_url":"https://pbs.twimg.com/profile_banners/3265583034/1486813421","default_profile":false,"default_profile_image":false,"following":null,"follow_request_sent":null,"notifications":null},"geo":null,"coordinates":null,"place":null,"contributors":null,"retweeted_status":{"created_at":"Tue Sep 18 02:23:06 +0000 2018","id":1041875228224184300,"id_str":"1041875228224184326","text":"#Bookstores in #S’pore have not received #lawyer’s #letters over #new #book on #Jho Low &amp; more in #Singapore mornin… https://t.co/P4oxQD1Bpe","display_text_range":[0,140],"source":"<a href=\"https://about.twitter.com/products/tweetdeck\" rel=\"nofollow\">TweetDeck</a>","truncated":true,"in_reply_to_status_id":null,"in_reply_to_status_id_str":null,"in_reply_to_user_id":null,"in_reply_to_user_id_str":null,"in_reply_to_screen_name":null,"user":{"id":1016514414076309500,"id_str":"1016514414076309504","name":"Joanne Encantador","screen_name":"Encantador_Jo","location":"Cambodia","url":"https://aecnewstoday.com","description":"Works @ AEC News Today Phnom Penh | RTs R not necessarily endorsements. Tweets are my personal view","translator_type":"none","protected":false,"verified":false,"followers_count":14,"friends_count":73,"listed_count":3,"favourites_count":12,"statuses_count":614,"created_at":"Tue Jul 10 02:48:17 +0000 2018","utc_offset":null,"time_zone":null,"geo_enabled":false,"lang":"en","contributors_enabled":false,"is_translator":false,"profile_background_color":"F5F8FA","profile_background_image_url":"","profile_background_image_url_https":"","profile_background_tile":false,"profile_link_color":"1DA1F2","profile_sidebar_border_color":"C0DEED","profile_sidebar_fill_color":"DDEEF6","profile_text_color":"333333","profile_use_background_image":true,"profile_image_url":"http://pbs.twimg.com/profile_images/1016532395648901120/XqylsEoX_normal.jpg","profile_image_url_https":"https://pbs.twimg.com/profile_images/1016532395648901120/XqylsEoX_normal.jpg","profile_banner_url":"https://pbs.twimg.com/profile_banners/1016514414076309504/1531195158","default_profile":true,"default_profile_image":false,"following":null,"follow_request_sent":null,"notifications":null},"geo":null,"coordinates":null,"place":null,"contributors":null,"is_quote_status":false,"extended_tweet":{"full_text":"#Bookstores in #S’pore have not received #lawyer’s #letters over #new #book on #Jho Low &amp; more in #Singapore morning #news for September 18 via @aecnewstoday\n\nhttps://t.co/7YACWtXEHc https://t.co/jdSKouycad","display_text_range":[0,186],"entities":{"hashtags":[{"text":"Bookstores","indices":[0,11]},{"text":"S","indices":[15,17]},{"text":"lawyer","indices":[41,48]},{"text":"letters","indices":[51,59]},{"text":"new","indices":[65,69]},{"text":"book","indices":[70,75]},{"text":"Jho","indices":[79,83]},{"text":"Singapore","indices":[102,112]},{"text":"news","indices":[121,126]}],"urls":[{"url":"https://t.co/7YACWtXEHc","expanded_url":"https://aecnewstoday.com/2018/singapore-morning-news-for-september-18-2/#axzz5RGTJ0gdM","display_url":"aecnewstoday.com/2018/singapore…","indices":[163,186]}],"user_mentions":[{"screen_name":"AecNewsToday","name":"AEC News Today","id":3265583034,"id_str":"3265583034","indices":[148,161]}],"symbols":[],"media":[{"id":1041875212315254800,"id_str":"1041875212315254784","indices":[187,210],"media_url":"http://pbs.twimg.com/media/DnV7_EpV4AAF_Sm.jpg","media_url_https":"https://pbs.twimg.com/media/DnV7_EpV4AAF_Sm.jpg","url":"https://t.co/jdSKouycad","display_url":"pic.twitter.com/jdSKouycad","expanded_url":"https://twitter.com/Encantador_Jo/status/1041875228224184326/photo/1","type":"photo","sizes":{"thumb":{"w":150,"h":150,"resize":"crop"},"medium":{"w":700,"h":350,"resize":"fit"},"large":{"w":700,"h":350,"resize":"fit"},"small":{"w":680,"h":340,"resize":"fit"}}}]},"extended_entities":{"media":[{"id":1041875212315254800,"id_str":"1041875212315254784","indices":[187,210],"media_url":"http://pbs.twimg.com/media/DnV7_EpV4AAF_Sm.jpg","media_url_https":"https://pbs.twimg.com/media/DnV7_EpV4AAF_Sm.jpg","url":"https://t.co/jdSKouycad","display_url":"pic.twitter.com/jdSKouycad","expanded_url":"https://twitter.com/Encantador_Jo/status/1041875228224184326/photo/1","type":"photo","sizes":{"thumb":{"w":150,"h":150,"resize":"crop"},"medium":{"w":700,"h":350,"resize":"fit"},"large":{"w":700,"h":350,"resize":"fit"},"small":{"w":680,"h":340,"resize":"fit"}}}]}},"quote_count":0,"reply_count":0,"retweet_count":1,"favorite_count":0,"entities":{"hashtags":[{"text":"Bookstores","indices":[0,11]},{"text":"S","indices":[15,17]},{"text":"lawyer","indices":[41,48]},{"text":"letters","indices":[51,59]},{"text":"new","indices":[65,69]},{"text":"book","indices":[70,75]},{"text":"Jho","indices":[79,83]},{"text":"Singapore","indices":[102,112]}],"urls":[{"url":"https://t.co/P4oxQD1Bpe","expanded_url":"https://twitter.com/i/web/status/1041875228224184326","display_url":"twitter.com/i/web/status/1…","indices":[121,144]}],"user_mentions":[],"symbols":[]},"favorited":false,"retweeted":false,"possibly_sensitive":false,"filter_level":"low","lang":"en"},"is_quote_status":false,"quote_count":0,"reply_count":0,"retweet_count":0,"favorite_count":0,"entities":{"hashtags":[{"text":"Bookstores","indices":[19,30]},{"text":"S","indices":[34,36]},{"text":"lawyer","indices":[60,67]},{"text":"letters","indices":[70,78]},{"text":"new","indices":[84,88]},{"text":"book","indices":[89,94]},{"text":"Jho","indices":[98,102]},{"text":"Singapore","indices":[121,131]}],"urls":[],"user_mentions":[{"screen_name":"Encantador_Jo","name":"Joanne Encantador","id":1016514414076309500,"id_str":"1016514414076309504","indices":[3,17]}],"symbols":[]},"favorited":false,"retweeted":false,"filter_level":"low","lang":"en","timestamp_ms":"1537268207378"}