{"created_at":"Tue Sep 18 10:13:53 +0000 2018","id":1041993707493490700,"id_str":"1041993707493490689","text":"corporativismo #Ue #draghi #junker #mattarella #macron #benalla #merkel #tbtf #ecb #bce #euro #eur #deutschebank… https://t.co/CRAampz6Ex","source":"<a href=\"http://twitter.com\" rel=\"nofollow\">Twitter Web Client</a>","truncated":true,"in_reply_to_status_id":null,"in_reply_to_status_id_str":null,"in_reply_to_user_id":null,"in_reply_to_user_id_str":null,"in_reply_to_screen_name":null,"user":{"id":57279615,"id_str":"57279615","name":"Studio Bugelli","screen_name":"studiobugelli","location":"Albenga (Sv), Liguria, Italy","url":"http://commercialista.tel","description":"Certified Public Accountant & Financial Planner, Legal Auditor & Technical Advisor [Commercialista, Revisore Legale, Consulente Tecnico]","translator_type":"none","protected":false,"verified":false,"followers_count":208,"friends_count":165,"listed_count":23,"favourites_count":5687,"statuses_count":16764,"created_at":"Thu Jul 16 08:22:30 +0000 2009","utc_offset":null,"time_zone":null,"geo_enabled":false,"lang":"en","contributors_enabled":false,"is_translator":false,"profile_background_color":"131516","profile_background_image_url":"http://abs.twimg.com/images/themes/theme14/bg.gif","profile_background_image_url_https":"https://abs.twimg.com/images/themes/theme14/bg.gif","profile_background_tile":true,"profile_link_color":"009999","profile_sidebar_border_color":"EEEEEE","profile_sidebar_fill_color":"EFEFEF","profile_text_color":"333333","profile_use_background_image":true,"profile_image_url":"http://pbs.twimg.com/profile_images/316256628/logo125x125_normal.jpg","profile_image_url_https":"https://pbs.twimg.com/profile_images/316256628/logo125x125_normal.jpg","profile_banner_url":"https://pbs.twimg.com/profile_banners/57279615/1386421305","default_profile":false,"default_profile_image":false,"following":null,"follow_request_sent":null,"notifications":null},"geo":null,"coordinates":null,"place":null,"contributors":null,"quoted_status_id":1041703871771361300,"quoted_status_id_str":"1041703871771361281","quoted_status":{"created_at":"Mon Sep 17 15:02:11 +0000 2018","id":1041703871771361300,"id_str":"1041703871771361281","text":"A senior #DeutscheBank executive has been interviewed by authorities in #Singapore as part of their investigation i… https://t.co/pVOLJxx1XJ","source":"<a href=\"https://mobile.twitter.com\" rel=\"nofollow\">Twitter Lite</a>","truncated":true,"in_reply_to_status_id":null,"in_reply_to_status_id_str":null,"in_reply_to_user_id":null,"in_reply_to_user_id_str":null,"in_reply_to_screen_name":null,"user":{"id":34959899,"id_str":"34959899","name":"Saurabh Chaturvedi","screen_name":"journosaurabh","location":"Singapore","url":"http://www.wsj.com/news/author/7513","description":"Southeast Asia Reporter @WSJ. Story teller. Market Talker. Looking closely at interesting trends in Singapore, Malaysia and regional markets.","translator_type":"none","protected":false,"verified":true,"followers_count":1456,"friends_count":327,"listed_count":62,"favourites_count":183,"statuses_count":2382,"created_at":"Fri Apr 24 15:53:27 +0000 2009","utc_offset":null,"time_zone":null,"geo_enabled":false,"lang":"en","contributors_enabled":false,"is_translator":false,"profile_background_color":"C0DEED","profile_background_image_url":"http://abs.twimg.com/images/themes/theme1/bg.png","profile_background_image_url_https":"https://abs.twimg.com/images/themes/theme1/bg.png","profile_background_tile":false,"profile_link_color":"1DA1F2","profile_sidebar_border_color":"C0DEED","profile_sidebar_fill_color":"DDEEF6","profile_text_color":"333333","profile_use_background_image":true,"profile_image_url":"http://pbs.twimg.com/profile_images/643424386968518657/xzdOmEPc_normal.jpg","profile_image_url_https":"https://pbs.twimg.com/profile_images/643424386968518657/xzdOmEPc_normal.jpg","profile_banner_url":"https://pbs.twimg.com/profile_banners/34959899/1381249857","default_profile":true,"default_profile_image":false,"following":null,"follow_request_sent":null,"notifications":null},"geo":null,"coordinates":null,"place":null,"contributors":null,"is_quote_status":false,"extended_tweet":{"full_text":"A senior #DeutscheBank executive has been interviewed by authorities in #Singapore as part of their investigation into the multibillion-dollar scandal at Malaysian state fund 1Malaysia Development Bhd., or #1MDB. https://t.co/KHbh0dr06X","display_text_range":[0,236],"entities":{"hashtags":[{"text":"DeutscheBank","indices":[9,22]},{"text":"Singapore","indices":[72,82]},{"text":"1MDB","indices":[206,211]}],"urls":[{"url":"https://t.co/KHbh0dr06X","expanded_url":"https://www.wsj.com/articles/singapore-authorities-question-deutsche-bank-executive-over-1mdb-scandal-1537193768?mod=searchresults&page=1&pos=1","display_url":"wsj.com/articles/singa…","indices":[213,236]}],"user_mentions":[],"symbols":[]}},"quote_count":0,"reply_count":0,"retweet_count":3,"favorite_count":3,"entities":{"hashtags":[{"text":"DeutscheBank","indices":[9,22]},{"text":"Singapore","indices":[72,82]}],"urls":[{"url":"https://t.co/pVOLJxx1XJ","expanded_url":"https://twitter.com/i/web/status/1041703871771361281","display_url":"twitter.com/i/web/status/1…","indices":[117,140]}],"user_mentions":[],"symbols":[]},"favorited":false,"retweeted":false,"possibly_sensitive":false,"filter_level":"low","lang":"en"},"quoted_status_permalink":{"url":"https://t.co/DlBaf02vqK","expanded":"https://twitter.com/journosaurabh/status/1041703871771361281","display":"twitter.com/journosaurabh/…"},"is_quote_status":true,"extended_tweet":{"full_text":"corporativismo #Ue #draghi #junker #mattarella #macron #benalla #merkel #tbtf #ecb #bce #euro #eur #deutschebank #tbtf \n\n' la banca tedesca costretta ad una politica monetaria NON CONVENZIONALE per coprire le perdite del bilancio reale '\n\nSI SALVI CHI PUO' !\n\n#sapevatelo","display_text_range":[0,271],"entities":{"hashtags":[{"text":"Ue","indices":[15,18]},{"text":"draghi","indices":[19,26]},{"text":"junker","indices":[27,34]},{"text":"mattarella","indices":[35,46]},{"text":"macron","indices":[47,54]},{"text":"benalla","indices":[55,63]},{"text":"merkel","indices":[64,71]},{"text":"tbtf","indices":[72,77]},{"text":"ecb","indices":[78,82]},{"text":"bce","indices":[83,87]},{"text":"euro","indices":[88,93]},{"text":"eur","indices":[94,98]},{"text":"deutschebank","indices":[99,112]},{"text":"tbtf","indices":[113,118]},{"text":"sapevatelo","indices":[260,271]}],"urls":[],"user_mentions":[],"symbols":[]}},"quote_count":0,"reply_count":0,"retweet_count":0,"favorite_count":0,"entities":{"hashtags":[{"text":"Ue","indices":[15,18]},{"text":"draghi","indices":[19,26]},{"text":"junker","indices":[27,34]},{"text":"mattarella","indices":[35,46]},{"text":"macron","indices":[47,54]},{"text":"benalla","indices":[55,63]},{"text":"merkel","indices":[64,71]},{"text":"tbtf","indices":[72,77]},{"text":"ecb","indices":[78,82]},{"text":"bce","indices":[83,87]},{"text":"euro","indices":[88,93]},{"text":"eur","indices":[94,98]},{"text":"deutschebank","indices":[99,112]}],"urls":[{"url":"https://t.co/CRAampz6Ex","expanded_url":"https://twitter.com/i/web/status/1041993707493490689","display_url":"twitter.com/i/web/status/1…","indices":[114,137]}],"user_mentions":[],"symbols":[]},"favorited":false,"retweeted":false,"filter_level":"low","lang":"it","timestamp_ms":"1537265633830"}