{"created_at":"Tue Sep 18 10:13:58 +0000 2018","id":1041993728821354500,"id_str":"1041993728821354497","text":"RT @McYapandFries: We’re back once again, this time with a (recorded on!) #malaysiaday special as @gavyap77 &amp; @mcnastyprime review #Malaysi…","source":"<a href=\"https://mobile.twitter.com\" rel=\"nofollow\">Twitter Lite</a>","truncated":false,"in_reply_to_status_id":null,"in_reply_to_status_id_str":null,"in_reply_to_user_id":null,"in_reply_to_user_id_str":null,"in_reply_to_screen_name":null,"user":{"id":249997348,"id_str":"249997348","name":"One Two Som","screen_name":"roziizma","location":"Malaysia","url":"http://www.pixelplay.com.my","description":"Who am I? I am who I say I am and tomorrow someone else entirely. --- White Oleander","translator_type":"none","protected":false,"verified":false,"followers_count":492,"friends_count":105,"listed_count":1,"favourites_count":540,"statuses_count":7456,"created_at":"Thu Feb 10 05:55:19 +0000 2011","utc_offset":null,"time_zone":null,"geo_enabled":false,"lang":"en","contributors_enabled":false,"is_translator":false,"profile_background_color":"3E2452","profile_background_image_url":"http://abs.twimg.com/images/themes/theme1/bg.png","profile_background_image_url_https":"https://abs.twimg.com/images/themes/theme1/bg.png","profile_background_tile":true,"profile_link_color":"614F61","profile_sidebar_border_color":"8D67A3","profile_sidebar_fill_color":"A7B3B8","profile_text_color":"333333","profile_use_background_image":true,"profile_image_url":"http://pbs.twimg.com/profile_images/559298143418712064/GGzOZHLx_normal.jpeg","profile_image_url_https":"https://pbs.twimg.com/profile_images/559298143418712064/GGzOZHLx_normal.jpeg","profile_banner_url":"https://pbs.twimg.com/profile_banners/249997348/1535993064","default_profile":false,"default_profile_image":false,"following":null,"follow_request_sent":null,"notifications":null},"geo":null,"coordinates":null,"place":null,"contributors":null,"retweeted_status":{"created_at":"Tue Sep 18 05:11:37 +0000 2018","id":1041917640174919700,"id_str":"1041917640174919680","text":"We’re back once again, this time with a (recorded on!) #malaysiaday special as @gavyap77 &amp; @mcnastyprime review… https://t.co/xGsbk0hzfT","display_text_range":[0,140],"source":"<a href=\"https://ifttt.com\" rel=\"nofollow\">IFTTT</a>","truncated":true,"in_reply_to_status_id":null,"in_reply_to_status_id_str":null,"in_reply_to_user_id":null,"in_reply_to_user_id_str":null,"in_reply_to_screen_name":null,"user":{"id":2974076377,"id_str":"2974076377","name":"McYapandFries","screen_name":"McYapandFries","location":"Kuala Lumpur, Malaysia ","url":"http://www.mcyapandfries.com/","description":"The McYapandFries #movie #review #podcast with @gavyap & @mcnastyprime. Non-stop Action talk at VIDEOGAME SPEED!","translator_type":"none","protected":false,"verified":false,"followers_count":100,"friends_count":91,"listed_count":23,"favourites_count":474,"statuses_count":869,"created_at":"Sun Jan 11 05:35:39 +0000 2015","utc_offset":null,"time_zone":null,"geo_enabled":true,"lang":"en","contributors_enabled":false,"is_translator":false,"profile_background_color":"C0DEED","profile_background_image_url":"http://abs.twimg.com/images/themes/theme1/bg.png","profile_background_image_url_https":"https://abs.twimg.com/images/themes/theme1/bg.png","profile_background_tile":false,"profile_link_color":"1DA1F2","profile_sidebar_border_color":"C0DEED","profile_sidebar_fill_color":"DDEEF6","profile_text_color":"333333","profile_use_background_image":true,"profile_image_url":"http://pbs.twimg.com/profile_images/824140072463302656/ARc99_tp_normal.jpg","profile_image_url_https":"https://pbs.twimg.com/profile_images/824140072463302656/ARc99_tp_normal.jpg","profile_banner_url":"https://pbs.twimg.com/profile_banners/2974076377/1475735367","default_profile":true,"default_profile_image":false,"following":null,"follow_request_sent":null,"notifications":null},"geo":null,"coordinates":null,"place":null,"contributors":null,"is_quote_status":false,"extended_tweet":{"full_text":"We’re back once again, this time with a (recorded on!) #malaysiaday special as @gavyap77 &amp; @mcnastyprime review #Malaysian crime, corruption &amp; immigrant drama , #OneTwoJaga.  Join us as we discuss life as an immigrant in trouble, cool trucks, getting cra… https://t.co/PYY8dfgjbq https://t.co/c3PABbj63K","display_text_range":[0,287],"entities":{"hashtags":[{"text":"malaysiaday","indices":[55,67]},{"text":"Malaysian","indices":[116,126]},{"text":"OneTwoJaga","indices":[169,180]}],"urls":[{"url":"https://t.co/PYY8dfgjbq","expanded_url":"https://ift.tt/2NhkJ3X","display_url":"ift.tt/2NhkJ3X","indices":[264,287]}],"user_mentions":[{"screen_name":"McNastyPrime","name":"Iain McNally","id":37148642,"id_str":"37148642","indices":[95,108]}],"symbols":[],"media":[{"id":1041917637641601000,"id_str":"1041917637641601024","indices":[288,311],"media_url":"http://pbs.twimg.com/media/DnWikjTXgAAOnxy.jpg","media_url_https":"https://pbs.twimg.com/media/DnWikjTXgAAOnxy.jpg","url":"https://t.co/c3PABbj63K","display_url":"pic.twitter.com/c3PABbj63K","expanded_url":"https://twitter.com/McYapandFries/status/1041917640174919680/photo/1","type":"photo","sizes":{"thumb":{"w":150,"h":150,"resize":"crop"},"small":{"w":640,"h":640,"resize":"fit"},"large":{"w":640,"h":640,"resize":"fit"},"medium":{"w":640,"h":640,"resize":"fit"}}}]},"extended_entities":{"media":[{"id":1041917637641601000,"id_str":"1041917637641601024","indices":[288,311],"media_url":"http://pbs.twimg.com/media/DnWikjTXgAAOnxy.jpg","media_url_https":"https://pbs.twimg.com/media/DnWikjTXgAAOnxy.jpg","url":"https://t.co/c3PABbj63K","display_url":"pic.twitter.com/c3PABbj63K","expanded_url":"https://twitter.com/McYapandFries/status/1041917640174919680/photo/1","type":"photo","sizes":{"thumb":{"w":150,"h":150,"resize":"crop"},"small":{"w":640,"h":640,"resize":"fit"},"large":{"w":640,"h":640,"resize":"fit"},"medium":{"w":640,"h":640,"resize":"fit"}}}]}},"quote_count":0,"reply_count":0,"retweet_count":6,"favorite_count":11,"entities":{"hashtags":[{"text":"malaysiaday","indices":[55,67]}],"urls":[{"url":"https://t.co/xGsbk0hzfT","expanded_url":"https://twitter.com/i/web/status/1041917640174919680","display_url":"twitter.com/i/web/status/1…","indices":[117,140]}],"user_mentions":[{"screen_name":"McNastyPrime","name":"Iain McNally","id":37148642,"id_str":"37148642","indices":[95,108]}],"symbols":[]},"favorited":false,"retweeted":false,"possibly_sensitive":false,"filter_level":"low","lang":"en"},"is_quote_status":false,"quote_count":0,"reply_count":0,"retweet_count":0,"favorite_count":0,"entities":{"hashtags":[{"text":"malaysiaday","indices":[74,86]}],"urls":[],"user_mentions":[{"screen_name":"McYapandFries","name":"McYapandFries","id":2974076377,"id_str":"2974076377","indices":[3,17]}],"symbols":[]},"favorited":false,"retweeted":false,"filter_level":"low","lang":"en","timestamp_ms":"1537265638915"}