{"created_at":"Tue Sep 18 11:04:07 +0000 2018","id":1042006348152627200,"id_str":"1042006348152627202","text":"RT @ByzantinePtrs: As one of the key financial hubs in Asian region, Binance made its mark in Singapore and making cryptocurrencies more ac…","source":"<a href=\"https://twitter.com/\" rel=\"nofollow\">captain1_crypto App1</a>","truncated":false,"in_reply_to_status_id":null,"in_reply_to_status_id_str":null,"in_reply_to_user_id":null,"in_reply_to_user_id_str":null,"in_reply_to_screen_name":null,"user":{"id":1009429407222640600,"id_str":"1009429407222640640","name":"Captain Crypto","screen_name":"captain1_crypto","location":null,"url":null,"description":"Love freedom and cryptocurrency. Build your own life, online, through the blockchain and bitcoin. Every1 can make income via crypto. #ICO #ETH #BTC #Followback","translator_type":"none","protected":false,"verified":false,"followers_count":1478,"friends_count":2899,"listed_count":14,"favourites_count":5,"statuses_count":23849,"created_at":"Wed Jun 20 13:34:59 +0000 2018","utc_offset":null,"time_zone":null,"geo_enabled":false,"lang":"en","contributors_enabled":false,"is_translator":false,"profile_background_color":"000000","profile_background_image_url":"http://abs.twimg.com/images/themes/theme1/bg.png","profile_background_image_url_https":"https://abs.twimg.com/images/themes/theme1/bg.png","profile_background_tile":false,"profile_link_color":"91D2FA","profile_sidebar_border_color":"000000","profile_sidebar_fill_color":"000000","profile_text_color":"000000","profile_use_background_image":false,"profile_image_url":"http://pbs.twimg.com/profile_images/1024017392878460928/9HwlzT2n_normal.jpg","profile_image_url_https":"https://pbs.twimg.com/profile_images/1024017392878460928/9HwlzT2n_normal.jpg","profile_banner_url":"https://pbs.twimg.com/profile_banners/1009429407222640640/1529505237","default_profile":false,"default_profile_image":false,"following":null,"follow_request_sent":null,"notifications":null},"geo":null,"coordinates":null,"place":null,"contributors":null,"retweeted_status":{"created_at":"Tue Sep 18 07:30:00 +0000 2018","id":1041952463480213500,"id_str":"1041952463480213504","text":"As one of the key financial hubs in Asian region, Binance made its mark in Singapore and making cryptocurrencies mo… https://t.co/Mv9skOaUFZ","display_text_range":[0,140],"source":"<a href=\"https://about.twitter.com/products/tweetdeck\" rel=\"nofollow\">TweetDeck</a>","truncated":true,"in_reply_to_status_id":null,"in_reply_to_status_id_str":null,"in_reply_to_user_id":null,"in_reply_to_user_id_str":null,"in_reply_to_screen_name":null,"user":{"id":981337730184495100,"id_str":"981337730184495104","name":"Byzantine Partners","screen_name":"ByzantinePtrs","location":"San Francisco, Singapore, South Korea","url":"http://byzantinepartners.com","description":"Byzantine Partners strives to support and invest in passionate entrepreneurs, disruptive technologies, and promising digital assets.","translator_type":"none","protected":false,"verified":false,"followers_count":172,"friends_count":31,"listed_count":0,"favourites_count":4,"statuses_count":45,"created_at":"Wed Apr 04 01:08:42 +0000 2018","utc_offset":null,"time_zone":null,"geo_enabled":false,"lang":"en","contributors_enabled":false,"is_translator":false,"profile_background_color":"F5F8FA","profile_background_image_url":"","profile_background_image_url_https":"","profile_background_tile":false,"profile_link_color":"1DA1F2","profile_sidebar_border_color":"C0DEED","profile_sidebar_fill_color":"DDEEF6","profile_text_color":"333333","profile_use_background_image":true,"profile_image_url":"http://pbs.twimg.com/profile_images/1031872542921748480/gjzxO7H9_normal.jpg","profile_image_url_https":"https://pbs.twimg.com/profile_images/1031872542921748480/gjzxO7H9_normal.jpg","profile_banner_url":"https://pbs.twimg.com/profile_banners/981337730184495104/1522861009","default_profile":true,"default_profile_image":false,"following":null,"follow_request_sent":null,"notifications":null},"geo":null,"coordinates":null,"place":null,"contributors":null,"quoted_status_id":1041676932746825700,"quoted_status_id_str":"1041676932746825728","quoted_status":{"created_at":"Mon Sep 17 13:15:08 +0000 2018","id":1041676932746825700,"id_str":"1041676932746825728","text":"Binance to [Beta] Launch Singapore Fiat Crypto Exchange Tomorrow https://t.co/9VKK5DFxhK","source":"<a href=\"https://www.cryptocoinsnews.com\" rel=\"nofollow\">CCNtw</a>","truncated":false,"in_reply_to_status_id":null,"in_reply_to_status_id_str":null,"in_reply_to_user_id":null,"in_reply_to_user_id_str":null,"in_reply_to_screen_name":null,"user":{"id":1856523530,"id_str":"1856523530","name":"CCN","screen_name":"CryptoCoinsNews","location":null,"url":"http://www.ccn.com","description":"Get the latest Bitcoin News from the World's Leading & Independent #Bitcoin News Source","translator_type":"none","protected":false,"verified":false,"followers_count":192248,"friends_count":19683,"listed_count":2835,"favourites_count":0,"statuses_count":24506,"created_at":"Thu Sep 12 06:45:14 +0000 2013","utc_offset":null,"time_zone":null,"geo_enabled":false,"lang":"en","contributors_enabled":false,"is_translator":false,"profile_background_color":"C0DEED","profile_background_image_url":"http://abs.twimg.com/images/themes/theme1/bg.png","profile_background_image_url_https":"https://abs.twimg.com/images/themes/theme1/bg.png","profile_background_tile":false,"profile_link_color":"1DA1F2","profile_sidebar_border_color":"C0DEED","profile_sidebar_fill_color":"DDEEF6","profile_text_color":"333333","profile_use_background_image":true,"profile_image_url":"http://pbs.twimg.com/profile_images/942304759561768960/Gel04P4M_normal.jpg","profile_image_url_https":"https://pbs.twimg.com/profile_images/942304759561768960/Gel04P4M_normal.jpg","profile_banner_url":"https://pbs.twimg.com/profile_banners/1856523530/1409391728","default_profile":true,"default_profile_image":false,"following":null,"follow_request_sent":null,"notifications":null},"geo":null,"coordinates":null,"place":null,"contributors":null,"is_quote_status":false,"quote_count":15,"reply_count":7,"retweet_count":139,"favorite_count":288,"entities":{"hashtags":[],"urls":[{"url":"https://t.co/9VKK5DFxhK","expanded_url":"https://www.ccn.com/binance-to-beta-launch-singapore-fiat-crypto-exchange-tomorrow/","display_url":"ccn.com/binance-to-bet…","indices":[65,88]}],"user_mentions":[],"symbols":[]},"favorited":false,"retweeted":false,"possibly_sensitive":false,"filter_level":"low","lang":"en"},"quoted_status_permalink":{"url":"https://t.co/QRAacmRLOf","expanded":"https://twitter.com/CryptoCoinsNews/status/1041676932746825728","display":"twitter.com/CryptoCoinsNew…"},"is_quote_status":true,"extended_tweet":{"full_text":"As one of the key financial hubs in Asian region, Binance made its mark in Singapore and making cryptocurrencies more accessible. Will payments with crypto be widely adopted in Singapore earlier than expected? \n\n#Blockchain #Crypto #Cryptocurrency #Singapore https://t.co/QRAacmRLOf","display_text_range":[0,258],"entities":{"hashtags":[{"text":"Blockchain","indices":[212,223]},{"text":"Crypto","indices":[224,231]},{"text":"Cryptocurrency","indices":[232,247]},{"text":"Singapore","indices":[248,258]}],"urls":[{"url":"https://t.co/QRAacmRLOf","expanded_url":"https://twitter.com/CryptoCoinsNews/status/1041676932746825728","display_url":"twitter.com/CryptoCoinsNew…","indices":[259,282]}],"user_mentions":[],"symbols":[]}},"quote_count":0,"reply_count":0,"retweet_count":2,"favorite_count":1,"entities":{"hashtags":[],"urls":[{"url":"https://t.co/Mv9skOaUFZ","expanded_url":"https://twitter.com/i/web/status/1041952463480213504","display_url":"twitter.com/i/web/status/1…","indices":[117,140]}],"user_mentions":[],"symbols":[]},"favorited":false,"retweeted":false,"possibly_sensitive":false,"filter_level":"low","lang":"en"},"quoted_status_id":1041676932746825700,"quoted_status_id_str":"1041676932746825728","quoted_status":{"created_at":"Mon Sep 17 13:15:08 +0000 2018","id":1041676932746825700,"id_str":"1041676932746825728","text":"Binance to [Beta] Launch Singapore Fiat Crypto Exchange Tomorrow https://t.co/9VKK5DFxhK","source":"<a href=\"https://www.cryptocoinsnews.com\" rel=\"nofollow\">CCNtw</a>","truncated":false,"in_reply_to_status_id":null,"in_reply_to_status_id_str":null,"in_reply_to_user_id":null,"in_reply_to_user_id_str":null,"in_reply_to_screen_name":null,"user":{"id":1856523530,"id_str":"1856523530","name":"CCN","screen_name":"CryptoCoinsNews","location":null,"url":"http://www.ccn.com","description":"Get the latest Bitcoin News from the World's Leading & Independent #Bitcoin News Source","translator_type":"none","protected":false,"verified":false,"followers_count":192248,"friends_count":19683,"listed_count":2835,"favourites_count":0,"statuses_count":24506,"created_at":"Thu Sep 12 06:45:14 +0000 2013","utc_offset":null,"time_zone":null,"geo_enabled":false,"lang":"en","contributors_enabled":false,"is_translator":false,"profile_background_color":"C0DEED","profile_background_image_url":"http://abs.twimg.com/images/themes/theme1/bg.png","profile_background_image_url_https":"https://abs.twimg.com/images/themes/theme1/bg.png","profile_background_tile":false,"profile_link_color":"1DA1F2","profile_sidebar_border_color":"C0DEED","profile_sidebar_fill_color":"DDEEF6","profile_text_color":"333333","profile_use_background_image":true,"profile_image_url":"http://pbs.twimg.com/profile_images/942304759561768960/Gel04P4M_normal.jpg","profile_image_url_https":"https://pbs.twimg.com/profile_images/942304759561768960/Gel04P4M_normal.jpg","profile_banner_url":"https://pbs.twimg.com/profile_banners/1856523530/1409391728","default_profile":true,"default_profile_image":false,"following":null,"follow_request_sent":null,"notifications":null},"geo":null,"coordinates":null,"place":null,"contributors":null,"is_quote_status":false,"quote_count":15,"reply_count":7,"retweet_count":139,"favorite_count":288,"entities":{"hashtags":[],"urls":[{"url":"https://t.co/9VKK5DFxhK","expanded_url":"https://www.ccn.com/binance-to-beta-launch-singapore-fiat-crypto-exchange-tomorrow/","display_url":"ccn.com/binance-to-bet…","indices":[65,88]}],"user_mentions":[],"symbols":[]},"favorited":false,"retweeted":false,"possibly_sensitive":false,"filter_level":"low","lang":"en"},"quoted_status_permalink":{"url":"https://t.co/QRAacmRLOf","expanded":"https://twitter.com/CryptoCoinsNews/status/1041676932746825728","display":"twitter.com/CryptoCoinsNew…"},"is_quote_status":true,"quote_count":0,"reply_count":0,"retweet_count":0,"favorite_count":0,"entities":{"hashtags":[],"urls":[],"user_mentions":[{"screen_name":"ByzantinePtrs","name":"Byzantine Partners","id":981337730184495100,"id_str":"981337730184495104","indices":[3,17]}],"symbols":[]},"favorited":false,"retweeted":false,"filter_level":"low","lang":"en","timestamp_ms":"1537268647598"}