{"created_at":"Tue Sep 18 11:04:12 +0000 2018","id":1042006366850756600,"id_str":"1042006366850756609","text":"RT @OCCRP: NEW: Leaked files show that #Singapore billionaire Ong Beng Seng appears to have given gifts of luxury accommodation to the #Mal…","source":"<a href=\"http://twitter.com/download/iphone\" rel=\"nofollow\">Twitter for iPhone</a>","truncated":false,"in_reply_to_status_id":null,"in_reply_to_status_id_str":null,"in_reply_to_user_id":null,"in_reply_to_user_id_str":null,"in_reply_to_screen_name":null,"user":{"id":2878418288,"id_str":"2878418288","name":"Japaney","screen_name":"AhmdAxxam","location":null,"url":null,"description":"#FCBarcelona #ForçaBarça","translator_type":"none","protected":false,"verified":false,"followers_count":208,"friends_count":973,"listed_count":2,"favourites_count":6069,"statuses_count":1978,"created_at":"Sun Oct 26 15:04:19 +0000 2014","utc_offset":null,"time_zone":null,"geo_enabled":false,"lang":"en","contributors_enabled":false,"is_translator":false,"profile_background_color":"C0DEED","profile_background_image_url":"http://abs.twimg.com/images/themes/theme1/bg.png","profile_background_image_url_https":"https://abs.twimg.com/images/themes/theme1/bg.png","profile_background_tile":false,"profile_link_color":"1DA1F2","profile_sidebar_border_color":"C0DEED","profile_sidebar_fill_color":"DDEEF6","profile_text_color":"333333","profile_use_background_image":true,"profile_image_url":"http://pbs.twimg.com/profile_images/726802652638547972/ZxKtnx7W_normal.jpg","profile_image_url_https":"https://pbs.twimg.com/profile_images/726802652638547972/ZxKtnx7W_normal.jpg","profile_banner_url":"https://pbs.twimg.com/profile_banners/2878418288/1426274238","default_profile":true,"default_profile_image":false,"following":null,"follow_request_sent":null,"notifications":null},"geo":null,"coordinates":null,"place":null,"contributors":null,"retweeted_status":{"created_at":"Tue Sep 18 08:55:22 +0000 2018","id":1041973946558627800,"id_str":"1041973946558627840","text":"NEW: Leaked files show that #Singapore billionaire Ong Beng Seng appears to have given gifts of luxury accommodatio… https://t.co/kd6UtAOg0Y","display_text_range":[0,140],"source":"<a href=\"http://twitter.com\" rel=\"nofollow\">Twitter Web Client</a>","truncated":true,"in_reply_to_status_id":null,"in_reply_to_status_id_str":null,"in_reply_to_user_id":null,"in_reply_to_user_id_str":null,"in_reply_to_screen_name":null,"user":{"id":326071624,"id_str":"326071624","name":"OCCRP","screen_name":"OCCRP","location":"Global","url":"http://occrp.org","description":"The Organized Crime & Corruption Reporting Project is reinventing and reinvigorating investigative journalism. Support us: https://t.co/59LMbh2JwP RT ≠ endorsement.","translator_type":"none","protected":false,"verified":true,"followers_count":32648,"friends_count":1628,"listed_count":948,"favourites_count":2207,"statuses_count":12778,"created_at":"Wed Jun 29 09:57:31 +0000 2011","utc_offset":null,"time_zone":null,"geo_enabled":true,"lang":"en","contributors_enabled":false,"is_translator":false,"profile_background_color":"000000","profile_background_image_url":"http://abs.twimg.com/images/themes/theme14/bg.gif","profile_background_image_url_https":"https://abs.twimg.com/images/themes/theme14/bg.gif","profile_background_tile":false,"profile_link_color":"FF691F","profile_sidebar_border_color":"000000","profile_sidebar_fill_color":"000000","profile_text_color":"000000","profile_use_background_image":false,"profile_image_url":"http://pbs.twimg.com/profile_images/876801225223798784/ZLtXf7I2_normal.jpg","profile_image_url_https":"https://pbs.twimg.com/profile_images/876801225223798784/ZLtXf7I2_normal.jpg","profile_banner_url":"https://pbs.twimg.com/profile_banners/326071624/1537250571","default_profile":false,"default_profile_image":false,"following":null,"follow_request_sent":null,"notifications":null},"geo":null,"coordinates":null,"place":null,"contributors":null,"is_quote_status":false,"extended_tweet":{"full_text":"NEW: Leaked files show that #Singapore billionaire Ong Beng Seng appears to have given gifts of luxury accommodation to the #Maldives president and tourism minister, while he was seeking islands for his hotel empire: https://t.co/AP1LaOm31u https://t.co/abeew2FnS4","display_text_range":[0,240],"entities":{"hashtags":[{"text":"Singapore","indices":[28,38]},{"text":"Maldives","indices":[124,133]}],"urls":[{"url":"https://t.co/AP1LaOm31u","expanded_url":"https://www.occrp.org/en/paradiseleased/files-implicate-president-vp-and-singapore-billionaire-in-dodgy-island-deal","display_url":"occrp.org/en/paradiselea…","indices":[217,240]}],"user_mentions":[],"symbols":[],"media":[{"id":1041970715300380700,"id_str":"1041970715300380672","indices":[241,264],"media_url":"http://pbs.twimg.com/media/DnXS2E_WwAAiTmR.jpg","media_url_https":"https://pbs.twimg.com/media/DnXS2E_WwAAiTmR.jpg","url":"https://t.co/abeew2FnS4","display_url":"pic.twitter.com/abeew2FnS4","expanded_url":"https://twitter.com/OCCRP/status/1041973946558627840/photo/1","type":"photo","sizes":{"thumb":{"w":150,"h":150,"resize":"crop"},"small":{"w":676,"h":482,"resize":"fit"},"large":{"w":676,"h":482,"resize":"fit"},"medium":{"w":676,"h":482,"resize":"fit"}}}]},"extended_entities":{"media":[{"id":1041970715300380700,"id_str":"1041970715300380672","indices":[241,264],"media_url":"http://pbs.twimg.com/media/DnXS2E_WwAAiTmR.jpg","media_url_https":"https://pbs.twimg.com/media/DnXS2E_WwAAiTmR.jpg","url":"https://t.co/abeew2FnS4","display_url":"pic.twitter.com/abeew2FnS4","expanded_url":"https://twitter.com/OCCRP/status/1041973946558627840/photo/1","type":"photo","sizes":{"thumb":{"w":150,"h":150,"resize":"crop"},"small":{"w":676,"h":482,"resize":"fit"},"large":{"w":676,"h":482,"resize":"fit"},"medium":{"w":676,"h":482,"resize":"fit"}}}]}},"quote_count":3,"reply_count":1,"retweet_count":80,"favorite_count":62,"entities":{"hashtags":[{"text":"Singapore","indices":[28,38]}],"urls":[{"url":"https://t.co/kd6UtAOg0Y","expanded_url":"https://twitter.com/i/web/status/1041973946558627840","display_url":"twitter.com/i/web/status/1…","indices":[117,140]}],"user_mentions":[],"symbols":[]},"favorited":false,"retweeted":false,"possibly_sensitive":false,"filter_level":"low","lang":"en"},"is_quote_status":false,"quote_count":0,"reply_count":0,"retweet_count":0,"favorite_count":0,"entities":{"hashtags":[{"text":"Singapore","indices":[39,49]}],"urls":[],"user_mentions":[{"screen_name":"OCCRP","name":"OCCRP","id":326071624,"id_str":"326071624","indices":[3,9]}],"symbols":[]},"favorited":false,"retweeted":false,"filter_level":"low","lang":"en","timestamp_ms":"1537268652056"}