{"created_at":"Tue Sep 18 10:28:31 +0000 2018","id":1041997386871177200,"id_str":"1041997386871177218","text":"The impact of the US-China #TradeWar will be a key focus of the major @asiahouseuk trade dialogue in #Singapore thi… https://t.co/IraozKCSlF","display_text_range":[0,140],"source":"<a href=\"http://twitter.com\" rel=\"nofollow\">Twitter Web Client</a>","truncated":true,"in_reply_to_status_id":null,"in_reply_to_status_id_str":null,"in_reply_to_user_id":null,"in_reply_to_user_id_str":null,"in_reply_to_screen_name":null,"user":{"id":49607083,"id_str":"49607083","name":"Asia House","screen_name":"asiahouseuk","location":"London","url":"http://asiahouse.org","description":"Asia House is a centre of expertise on trade, investment and public policy. We drive political, economic and commercial engagement between Asia and Europe.","translator_type":"none","protected":false,"verified":false,"followers_count":8140,"friends_count":4975,"listed_count":225,"favourites_count":949,"statuses_count":22392,"created_at":"Mon Jun 22 11:55:57 +0000 2009","utc_offset":null,"time_zone":null,"geo_enabled":true,"lang":"en","contributors_enabled":false,"is_translator":false,"profile_background_color":"C0DEED","profile_background_image_url":"http://abs.twimg.com/images/themes/theme1/bg.png","profile_background_image_url_https":"https://abs.twimg.com/images/themes/theme1/bg.png","profile_background_tile":false,"profile_link_color":"0084B4","profile_sidebar_border_color":"FFFFFF","profile_sidebar_fill_color":"DDEEF6","profile_text_color":"333333","profile_use_background_image":true,"profile_image_url":"http://pbs.twimg.com/profile_images/409295066/AH_master_for_web_normal.jpg","profile_image_url_https":"https://pbs.twimg.com/profile_images/409295066/AH_master_for_web_normal.jpg","profile_banner_url":"https://pbs.twimg.com/profile_banners/49607083/1512384028","default_profile":false,"default_profile_image":false,"following":null,"follow_request_sent":null,"notifications":null},"geo":null,"coordinates":null,"place":null,"contributors":null,"is_quote_status":false,"extended_tweet":{"full_text":"The impact of the US-China #TradeWar will be a key focus of the major @asiahouseuk trade dialogue in #Singapore this November: https://t.co/yyduXqJDJy https://t.co/iWj8Nloae0","display_text_range":[0,150],"entities":{"hashtags":[{"text":"TradeWar","indices":[27,36]},{"text":"Singapore","indices":[101,111]}],"urls":[{"url":"https://t.co/yyduXqJDJy","expanded_url":"https://asiahouse.org/events/singapore2018/","display_url":"asiahouse.org/events/singapo…","indices":[127,150]}],"user_mentions":[{"screen_name":"asiahouseuk","name":"Asia House","id":49607083,"id_str":"49607083","indices":[70,82]}],"symbols":[],"media":[{"id":1041997334232682500,"id_str":"1041997334232682501","indices":[151,174],"media_url":"http://pbs.twimg.com/media/DnXrDgPX0AUgbjG.jpg","media_url_https":"https://pbs.twimg.com/media/DnXrDgPX0AUgbjG.jpg","url":"https://t.co/iWj8Nloae0","display_url":"pic.twitter.com/iWj8Nloae0","expanded_url":"https://twitter.com/asiahouseuk/status/1041997386871177218/photo/1","type":"photo","sizes":{"thumb":{"w":150,"h":150,"resize":"crop"},"medium":{"w":1200,"h":628,"resize":"fit"},"small":{"w":680,"h":356,"resize":"fit"},"large":{"w":1200,"h":628,"resize":"fit"}}}]},"extended_entities":{"media":[{"id":1041997334232682500,"id_str":"1041997334232682501","indices":[151,174],"media_url":"http://pbs.twimg.com/media/DnXrDgPX0AUgbjG.jpg","media_url_https":"https://pbs.twimg.com/media/DnXrDgPX0AUgbjG.jpg","url":"https://t.co/iWj8Nloae0","display_url":"pic.twitter.com/iWj8Nloae0","expanded_url":"https://twitter.com/asiahouseuk/status/1041997386871177218/photo/1","type":"photo","sizes":{"thumb":{"w":150,"h":150,"resize":"crop"},"medium":{"w":1200,"h":628,"resize":"fit"},"small":{"w":680,"h":356,"resize":"fit"},"large":{"w":1200,"h":628,"resize":"fit"}}}]}},"quote_count":0,"reply_count":0,"retweet_count":0,"favorite_count":0,"entities":{"hashtags":[{"text":"TradeWar","indices":[27,36]},{"text":"Singapore","indices":[101,111]}],"urls":[{"url":"https://t.co/IraozKCSlF","expanded_url":"https://twitter.com/i/web/status/1041997386871177218","display_url":"twitter.com/i/web/status/1…","indices":[117,140]}],"user_mentions":[{"screen_name":"asiahouseuk","name":"Asia House","id":49607083,"id_str":"49607083","indices":[70,82]}],"symbols":[]},"favorited":false,"retweeted":false,"possibly_sensitive":false,"filter_level":"low","lang":"en","timestamp_ms":"1537266511062"}