{"created_at":"Tue Sep 18 11:11:31 +0000 2018","id":1042008209739980800,"id_str":"1042008209739980803","text":"@Femi_Sorry I’m not sure you grasp free market economics. What makes a nation particularly powerful in trade is its… https://t.co/fJSNDCmMbN","display_text_range":[12,140],"source":"<a href=\"http://twitter.com/download/iphone\" rel=\"nofollow\">Twitter for iPhone</a>","truncated":true,"in_reply_to_status_id":1041733756850253800,"in_reply_to_status_id_str":"1041733756850253824","in_reply_to_user_id":234694571,"in_reply_to_user_id_str":"234694571","in_reply_to_screen_name":"Femi_Sorry","user":{"id":559864931,"id_str":"559864931","name":"Benjamin Jones","screen_name":"lucklepper","location":"England, United Kingdom","url":null,"description":"❌ 🏴󠁧󠁢󠁥󠁮󠁧󠁿 🇬🇧 Pro-Brexit Pro-Free Market Libertarian Direct-Democracy Entrepreneurism Genomics BioInformatics","translator_type":"none","protected":false,"verified":false,"followers_count":441,"friends_count":1282,"listed_count":7,"favourites_count":20525,"statuses_count":19436,"created_at":"Sat Apr 21 21:06:32 +0000 2012","utc_offset":null,"time_zone":null,"geo_enabled":true,"lang":"en","contributors_enabled":false,"is_translator":false,"profile_background_color":"C0DEED","profile_background_image_url":"http://abs.twimg.com/images/themes/theme1/bg.png","profile_background_image_url_https":"https://abs.twimg.com/images/themes/theme1/bg.png","profile_background_tile":false,"profile_link_color":"1DA1F2","profile_sidebar_border_color":"C0DEED","profile_sidebar_fill_color":"DDEEF6","profile_text_color":"333333","profile_use_background_image":true,"profile_image_url":"http://pbs.twimg.com/profile_images/830063041769242624/dGZJZQpb_normal.jpg","profile_image_url_https":"https://pbs.twimg.com/profile_images/830063041769242624/dGZJZQpb_normal.jpg","profile_banner_url":"https://pbs.twimg.com/profile_banners/559864931/1486737591","default_profile":true,"default_profile_image":false,"following":null,"follow_request_sent":null,"notifications":null},"geo":null,"coordinates":null,"place":null,"contributors":null,"is_quote_status":false,"extended_tweet":{"full_text":"@Femi_Sorry I’m not sure you grasp free market economics. What makes a nation particularly powerful in trade is its responsiveness. Recommend reading: #Singapore","display_text_range":[12,161],"entities":{"hashtags":[{"text":"Singapore","indices":[151,161]}],"urls":[],"user_mentions":[{"screen_name":"Femi_Sorry","name":"Femi","id":234694571,"id_str":"234694571","indices":[0,11]}],"symbols":[]}},"quote_count":0,"reply_count":0,"retweet_count":0,"favorite_count":0,"entities":{"hashtags":[],"urls":[{"url":"https://t.co/fJSNDCmMbN","expanded_url":"https://twitter.com/i/web/status/1042008209739980803","display_url":"twitter.com/i/web/status/1…","indices":[117,140]}],"user_mentions":[{"screen_name":"Femi_Sorry","name":"Femi","id":234694571,"id_str":"234694571","indices":[0,11]}],"symbols":[]},"favorited":false,"retweeted":false,"filter_level":"low","lang":"en","timestamp_ms":"1537269091435"}