{"created_at":"Tue Sep 18 10:28:36 +0000 2018","id":1041997409142882300,"id_str":"1041997409142882306","text":"RT @Panoramix_Radio: https://t.co/Ku1kcercSH\n\n#iPhone #BlackBerry #Android #Android #radioplayer #Listen #Listenlive #usa #WindowsMediaPlay…","source":"<a href=\"http://twitter.com\" rel=\"nofollow\">Twitter Web Client</a>","truncated":false,"in_reply_to_status_id":null,"in_reply_to_status_id_str":null,"in_reply_to_user_id":null,"in_reply_to_user_id_str":null,"in_reply_to_screen_name":null,"user":{"id":94924938,"id_str":"94924938","name":"Yannick Yan","screen_name":"djyannickyan","location":"France","url":"http://www.panoramix-agency.fr","description":"Yannick Yan French Dj Producer","translator_type":"none","protected":false,"verified":false,"followers_count":5004,"friends_count":5018,"listed_count":512,"favourites_count":345,"statuses_count":20673,"created_at":"Sun Dec 06 03:27:21 +0000 2009","utc_offset":null,"time_zone":null,"geo_enabled":true,"lang":"fr","contributors_enabled":false,"is_translator":false,"profile_background_color":"1A1B1F","profile_background_image_url":"http://abs.twimg.com/images/themes/theme14/bg.gif","profile_background_image_url_https":"https://abs.twimg.com/images/themes/theme14/bg.gif","profile_background_tile":true,"profile_link_color":"981CEB","profile_sidebar_border_color":"000000","profile_sidebar_fill_color":"252429","profile_text_color":"666666","profile_use_background_image":true,"profile_image_url":"http://pbs.twimg.com/profile_images/1016178864274493442/mrYBE4_y_normal.jpg","profile_image_url_https":"https://pbs.twimg.com/profile_images/1016178864274493442/mrYBE4_y_normal.jpg","profile_banner_url":"https://pbs.twimg.com/profile_banners/94924938/1501536133","default_profile":false,"default_profile_image":false,"following":null,"follow_request_sent":null,"notifications":null},"geo":null,"coordinates":null,"place":null,"contributors":null,"retweeted_status":{"created_at":"Tue Mar 06 01:40:36 +0000 2018","id":970836513339699200,"id_str":"970836513339699200","text":"https://t.co/Ku1kcercSH\n\n#iPhone #BlackBerry #Android #Android #radioplayer #Listen #Listenlive #usa… https://t.co/qEsrDKoNYC","display_text_range":[0,140],"source":"<a href=\"http://twitter.com\" rel=\"nofollow\">Twitter Web Client</a>","truncated":true,"in_reply_to_status_id":null,"in_reply_to_status_id_str":null,"in_reply_to_user_id":null,"in_reply_to_user_id_str":null,"in_reply_to_screen_name":null,"user":{"id":2151278150,"id_str":"2151278150","name":"PanoramixRadio","screen_name":"Panoramix_Radio","location":null,"url":"http://panoramix-radio-station.com","description":"appli https://play.google.com/store/apps/details?id=com.nobexinc.wls_3042441149.rc","translator_type":"none","protected":false,"verified":false,"followers_count":7103,"friends_count":7153,"listed_count":529,"favourites_count":3703,"statuses_count":140130,"created_at":"Wed Oct 23 16:20:11 +0000 2013","utc_offset":null,"time_zone":null,"geo_enabled":false,"lang":"fr","contributors_enabled":false,"is_translator":false,"profile_background_color":"131516","profile_background_image_url":"http://abs.twimg.com/images/themes/theme14/bg.gif","profile_background_image_url_https":"https://abs.twimg.com/images/themes/theme14/bg.gif","profile_background_tile":true,"profile_link_color":"FF691F","profile_sidebar_border_color":"EEEEEE","profile_sidebar_fill_color":"EFEFEF","profile_text_color":"333333","profile_use_background_image":true,"profile_image_url":"http://pbs.twimg.com/profile_images/975719459334868994/hCQphNHs_normal.jpg","profile_image_url_https":"https://pbs.twimg.com/profile_images/975719459334868994/hCQphNHs_normal.jpg","profile_banner_url":"https://pbs.twimg.com/profile_banners/2151278150/1536824459","default_profile":false,"default_profile_image":false,"following":null,"follow_request_sent":null,"notifications":null},"geo":null,"coordinates":null,"place":null,"contributors":null,"is_quote_status":false,"extended_tweet":{"full_text":"https://t.co/Ku1kcercSH\n\n#iPhone #BlackBerry #Android #Android #radioplayer #Listen #Listenlive #usa #WindowsMediaPlayer #Samsung #NewYork #LosAngeles #chicago #Houston #Phoenix #France #Sandiego #Dallas #radio #Moscow #Singapore #Brazilia #Gay #Homo #Clubs #UK #Play #PlayStation https://t.co/u0TBd29QE7","display_text_range":[0,280],"entities":{"hashtags":[{"text":"iPhone","indices":[25,32]},{"text":"BlackBerry","indices":[33,44]},{"text":"Android","indices":[45,53]},{"text":"Android","indices":[54,62]},{"text":"radioplayer","indices":[63,75]},{"text":"Listen","indices":[76,83]},{"text":"Listenlive","indices":[84,95]},{"text":"usa","indices":[96,100]},{"text":"WindowsMediaPlayer","indices":[101,120]},{"text":"Samsung","indices":[121,129]},{"text":"NewYork","indices":[130,138]},{"text":"LosAngeles","indices":[139,150]},{"text":"chicago","indices":[151,159]},{"text":"Houston","indices":[160,168]},{"text":"Phoenix","indices":[169,177]},{"text":"France","indices":[178,185]},{"text":"Sandiego","indices":[186,195]},{"text":"Dallas","indices":[196,203]},{"text":"radio","indices":[204,210]},{"text":"Moscow","indices":[211,218]},{"text":"Singapore","indices":[219,229]},{"text":"Brazilia","indices":[230,239]},{"text":"Gay","indices":[240,244]},{"text":"Homo","indices":[245,250]},{"text":"Clubs","indices":[251,257]},{"text":"UK","indices":[258,261]},{"text":"Play","indices":[262,267]},{"text":"PlayStation","indices":[268,280]}],"urls":[{"url":"https://t.co/Ku1kcercSH","expanded_url":"http://radio7.pro-fhi.net/flux-panoramix/stream","display_url":"radio7.pro-fhi.net/flux-panoramix…","indices":[0,23]}],"user_mentions":[],"symbols":[],"media":[{"id":970836496767955000,"id_str":"970836496767954947","indices":[281,304],"media_url":"http://pbs.twimg.com/media/DXkapmzWsAMuLNT.jpg","media_url_https":"https://pbs.twimg.com/media/DXkapmzWsAMuLNT.jpg","url":"https://t.co/u0TBd29QE7","display_url":"pic.twitter.com/u0TBd29QE7","expanded_url":"https://twitter.com/Panoramix_Radio/status/970836513339699200/photo/1","type":"photo","sizes":{"medium":{"w":1200,"h":703,"resize":"fit"},"thumb":{"w":150,"h":150,"resize":"crop"},"small":{"w":680,"h":399,"resize":"fit"},"large":{"w":2048,"h":1201,"resize":"fit"}}}]},"extended_entities":{"media":[{"id":970836496767955000,"id_str":"970836496767954947","indices":[281,304],"media_url":"http://pbs.twimg.com/media/DXkapmzWsAMuLNT.jpg","media_url_https":"https://pbs.twimg.com/media/DXkapmzWsAMuLNT.jpg","url":"https://t.co/u0TBd29QE7","display_url":"pic.twitter.com/u0TBd29QE7","expanded_url":"https://twitter.com/Panoramix_Radio/status/970836513339699200/photo/1","type":"photo","sizes":{"medium":{"w":1200,"h":703,"resize":"fit"},"thumb":{"w":150,"h":150,"resize":"crop"},"small":{"w":680,"h":399,"resize":"fit"},"large":{"w":2048,"h":1201,"resize":"fit"}}}]}},"quote_count":0,"reply_count":0,"retweet_count":4,"favorite_count":1,"entities":{"hashtags":[{"text":"iPhone","indices":[25,32]},{"text":"BlackBerry","indices":[33,44]},{"text":"Android","indices":[45,53]},{"text":"Android","indices":[54,62]},{"text":"radioplayer","indices":[63,75]},{"text":"Listen","indices":[76,83]},{"text":"Listenlive","indices":[84,95]},{"text":"usa","indices":[96,100]}],"urls":[{"url":"https://t.co/Ku1kcercSH","expanded_url":"http://radio7.pro-fhi.net/flux-panoramix/stream","display_url":"radio7.pro-fhi.net/flux-panoramix…","indices":[0,23]},{"url":"https://t.co/qEsrDKoNYC","expanded_url":"https://twitter.com/i/web/status/970836513339699200","display_url":"twitter.com/i/web/status/9…","indices":[102,125]}],"user_mentions":[],"symbols":[]},"favorited":false,"retweeted":false,"possibly_sensitive":false,"filter_level":"low","lang":"und"},"is_quote_status":false,"quote_count":0,"reply_count":0,"retweet_count":0,"favorite_count":0,"entities":{"hashtags":[{"text":"iPhone","indices":[46,53]},{"text":"BlackBerry","indices":[54,65]},{"text":"Android","indices":[66,74]},{"text":"Android","indices":[75,83]},{"text":"radioplayer","indices":[84,96]},{"text":"Listen","indices":[97,104]},{"text":"Listenlive","indices":[105,116]},{"text":"usa","indices":[117,121]}],"urls":[{"url":"https://t.co/Ku1kcercSH","expanded_url":"http://radio7.pro-fhi.net/flux-panoramix/stream","display_url":"radio7.pro-fhi.net/flux-panoramix…","indices":[21,44]}],"user_mentions":[{"screen_name":"Panoramix_Radio","name":"PanoramixRadio","id":2151278150,"id_str":"2151278150","indices":[3,19]}],"symbols":[]},"favorited":false,"retweeted":false,"possibly_sensitive":false,"filter_level":"low","lang":"und","timestamp_ms":"1537266516372"}