{"created_at":"Tue Sep 18 10:50:05 +0000 2018","id":1042002817995554800,"id_str":"1042002817995554816","text":"Sometimes you need to run away just to see who will come after you. Reflection of Singapore’s downtown skyscrapers.… https://t.co/K21S09292t","display_text_range":[0,140],"source":"<a href=\"http://twitter.com/download/iphone\" rel=\"nofollow\">Twitter for iPhone</a>","truncated":true,"in_reply_to_status_id":null,"in_reply_to_status_id_str":null,"in_reply_to_user_id":null,"in_reply_to_user_id_str":null,"in_reply_to_screen_name":null,"user":{"id":24381416,"id_str":"24381416","name":"Javan Ng","screen_name":"javanng","location":"Singapore","url":"http://www.javanng.com","description":"Singapore based Travel Photographer, Nikon School Instructor and Getty Images Contributor. http://Instagram.com/javan","translator_type":"none","protected":false,"verified":false,"followers_count":2617,"friends_count":439,"listed_count":165,"favourites_count":12126,"statuses_count":13986,"created_at":"Sat Mar 14 15:19:38 +0000 2009","utc_offset":null,"time_zone":null,"geo_enabled":true,"lang":"en","contributors_enabled":false,"is_translator":false,"profile_background_color":"0099B9","profile_background_image_url":"http://abs.twimg.com/images/themes/theme4/bg.gif","profile_background_image_url_https":"https://abs.twimg.com/images/themes/theme4/bg.gif","profile_background_tile":false,"profile_link_color":"E81C4F","profile_sidebar_border_color":"5ED4DC","profile_sidebar_fill_color":"95E8EC","profile_text_color":"3C3940","profile_use_background_image":true,"profile_image_url":"http://pbs.twimg.com/profile_images/866684145916936193/rNR_JGCT_normal.jpg","profile_image_url_https":"https://pbs.twimg.com/profile_images/866684145916936193/rNR_JGCT_normal.jpg","profile_banner_url":"https://pbs.twimg.com/profile_banners/24381416/1525436962","default_profile":false,"default_profile_image":false,"following":null,"follow_request_sent":null,"notifications":null},"geo":null,"coordinates":null,"place":{"id":"58a4c3a0d54e1400","url":"https://api.twitter.com/1.1/geo/id/58a4c3a0d54e1400.json","place_type":"admin","name":"Central Region","full_name":"Central Region, Singapore","country_code":"SG","country":"Singapore","bounding_box":{"type":"Polygon","coordinates":[[[103.74996,1.212314],[103.74996,1.368745],[103.918427,1.368745],[103.918427,1.212314]]]},"attributes":{}},"contributors":null,"is_quote_status":false,"extended_tweet":{"full_text":"Sometimes you need to run away just to see who will come after you. Reflection of Singapore’s downtown skyscrapers.\n\n#reflection #Singapore #skyline #visitsingapore #travel @VisitSingapore @URAsg @sgbroadcast @our_sg https://t.co/97o9zOJJCl","display_text_range":[0,216],"entities":{"hashtags":[{"text":"reflection","indices":[117,128]},{"text":"Singapore","indices":[129,139]},{"text":"skyline","indices":[140,148]},{"text":"visitsingapore","indices":[149,164]},{"text":"travel","indices":[165,172]}],"urls":[],"user_mentions":[{"screen_name":"VisitSingapore","name":"VisitSingapore","id":23299429,"id_str":"23299429","indices":[173,188]},{"screen_name":"URAsg","name":"URA Singapore","id":77921229,"id_str":"77921229","indices":[189,195]},{"screen_name":"sgbroadcast","name":"Singapore News","id":398096178,"id_str":"398096178","indices":[196,208]},{"screen_name":"our_sg","name":"Our SG","id":1527152922,"id_str":"1527152922","indices":[209,216]}],"symbols":[],"media":[{"id":1042002813054668800,"id_str":"1042002813054668800","indices":[217,240],"media_url":"http://pbs.twimg.com/media/DnXwCacU0AA5pu3.jpg","media_url_https":"https://pbs.twimg.com/media/DnXwCacU0AA5pu3.jpg","url":"https://t.co/97o9zOJJCl","display_url":"pic.twitter.com/97o9zOJJCl","expanded_url":"https://twitter.com/javanng/status/1042002817995554816/photo/1","type":"photo","sizes":{"thumb":{"w":150,"h":150,"resize":"crop"},"large":{"w":1366,"h":2048,"resize":"fit"},"medium":{"w":800,"h":1200,"resize":"fit"},"small":{"w":454,"h":680,"resize":"fit"}}}]},"extended_entities":{"media":[{"id":1042002813054668800,"id_str":"1042002813054668800","indices":[217,240],"media_url":"http://pbs.twimg.com/media/DnXwCacU0AA5pu3.jpg","media_url_https":"https://pbs.twimg.com/media/DnXwCacU0AA5pu3.jpg","url":"https://t.co/97o9zOJJCl","display_url":"pic.twitter.com/97o9zOJJCl","expanded_url":"https://twitter.com/javanng/status/1042002817995554816/photo/1","type":"photo","sizes":{"thumb":{"w":150,"h":150,"resize":"crop"},"large":{"w":1366,"h":2048,"resize":"fit"},"medium":{"w":800,"h":1200,"resize":"fit"},"small":{"w":454,"h":680,"resize":"fit"}}}]}},"quote_count":0,"reply_count":0,"retweet_count":0,"favorite_count":0,"entities":{"hashtags":[],"urls":[{"url":"https://t.co/K21S09292t","expanded_url":"https://twitter.com/i/web/status/1042002817995554816","display_url":"twitter.com/i/web/status/1…","indices":[117,140]}],"user_mentions":[],"symbols":[]},"favorited":false,"retweeted":false,"possibly_sensitive":false,"filter_level":"low","lang":"en","timestamp_ms":"1537267805943"}