{"created_at":"Tue Sep 18 11:11:39 +0000 2018","id":1042008245139910700,"id_str":"1042008245139910657","text":"Hello Singapore again!! #sg #singapore #consensus2018 https://t.co/dFRIrZ1LXG https://t.co/9kFKAePD5D","display_text_range":[0,77],"source":"<a href=\"https://ifttt.com\" rel=\"nofollow\">IFTTT</a>","truncated":false,"in_reply_to_status_id":null,"in_reply_to_status_id_str":null,"in_reply_to_user_id":null,"in_reply_to_user_id_str":null,"in_reply_to_screen_name":null,"user":{"id":21577040,"id_str":"21577040","name":"Kohei Tokumasu","screen_name":"koheitokumasu","location":"Tokyo-to, Japan","url":null,"description":"Web/App marketer. @Hanoi @Bangkok @KL @Jakarta @Mumbai @Bangalore @Tokyo #marketing #Bitcoin","translator_type":"none","protected":false,"verified":false,"followers_count":396,"friends_count":449,"listed_count":20,"favourites_count":275,"statuses_count":1627,"created_at":"Sun Feb 22 16:44:14 +0000 2009","utc_offset":null,"time_zone":null,"geo_enabled":true,"lang":"ja","contributors_enabled":false,"is_translator":false,"profile_background_color":"59BEE4","profile_background_image_url":"http://abs.twimg.com/images/themes/theme1/bg.png","profile_background_image_url_https":"https://abs.twimg.com/images/themes/theme1/bg.png","profile_background_tile":false,"profile_link_color":"19CF86","profile_sidebar_border_color":"4BB7DF","profile_sidebar_fill_color":"191F22","profile_text_color":"4BB7DF","profile_use_background_image":true,"profile_image_url":"http://pbs.twimg.com/profile_images/818998693101584384/NUkAKrh-_normal.jpg","profile_image_url_https":"https://pbs.twimg.com/profile_images/818998693101584384/NUkAKrh-_normal.jpg","profile_banner_url":"https://pbs.twimg.com/profile_banners/21577040/1484100095","default_profile":false,"default_profile_image":false,"following":null,"follow_request_sent":null,"notifications":null},"geo":null,"coordinates":null,"place":null,"contributors":null,"is_quote_status":false,"quote_count":0,"reply_count":0,"retweet_count":0,"favorite_count":0,"entities":{"hashtags":[{"text":"sg","indices":[24,27]},{"text":"singapore","indices":[28,38]},{"text":"consensus2018","indices":[39,53]}],"urls":[{"url":"https://t.co/dFRIrZ1LXG","expanded_url":"https://ift.tt/2NTVzYG","display_url":"ift.tt/2NTVzYG","indices":[54,77]}],"user_mentions":[],"symbols":[],"media":[{"id":1042008243596390400,"id_str":"1042008243596390401","indices":[78,101],"media_url":"http://pbs.twimg.com/media/DnX0-gyXcAEIXlf.jpg","media_url_https":"https://pbs.twimg.com/media/DnX0-gyXcAEIXlf.jpg","url":"https://t.co/9kFKAePD5D","display_url":"pic.twitter.com/9kFKAePD5D","expanded_url":"https://twitter.com/koheitokumasu/status/1042008245139910657/photo/1","type":"photo","sizes":{"medium":{"w":640,"h":640,"resize":"fit"},"thumb":{"w":150,"h":150,"resize":"crop"},"large":{"w":640,"h":640,"resize":"fit"},"small":{"w":640,"h":640,"resize":"fit"}}}]},"extended_entities":{"media":[{"id":1042008243596390400,"id_str":"1042008243596390401","indices":[78,101],"media_url":"http://pbs.twimg.com/media/DnX0-gyXcAEIXlf.jpg","media_url_https":"https://pbs.twimg.com/media/DnX0-gyXcAEIXlf.jpg","url":"https://t.co/9kFKAePD5D","display_url":"pic.twitter.com/9kFKAePD5D","expanded_url":"https://twitter.com/koheitokumasu/status/1042008245139910657/photo/1","type":"photo","sizes":{"medium":{"w":640,"h":640,"resize":"fit"},"thumb":{"w":150,"h":150,"resize":"crop"},"large":{"w":640,"h":640,"resize":"fit"},"small":{"w":640,"h":640,"resize":"fit"}}}]},"favorited":false,"retweeted":false,"possibly_sensitive":false,"filter_level":"low","lang":"en","timestamp_ms":"1537269099875"}