{"created_at":"Tue Sep 18 11:11:45 +0000 2018","id":1042008270246961200,"id_str":"1042008270246961152","text":"RT @Kpop_Herald: #IU to tour 7 Asian cities for #IU_10th_Anniversary concert -- #HongKong #Singapore #Bangkok #Taipei, are you ready?\n\n#IU1…","source":"<a href=\"http://twitter.com/download/android\" rel=\"nofollow\">Twitter for Android</a>","truncated":false,"in_reply_to_status_id":null,"in_reply_to_status_id_str":null,"in_reply_to_user_id":null,"in_reply_to_user_id_str":null,"in_reply_to_screen_name":null,"user":{"id":868825517293797400,"id_str":"868825517293797376","name":"Uaena🐰","screen_name":"N930516","location":null,"url":null,"description":"‏‏‏‏‏‏IU Queen Of K-pop👑\n\n\n\n\n\n\n\n\n\n\n\n\n\n\n\n\n\n\n\n\n\n\n\n\n\n\n\n\n\n\n\n\n\n\n\n‎‎‎‎‎‎#فنانه_الامة\n‎‎‎‎‎‎#محبوبه_قلوب_الامة\n‎‎‎‎‎‎#الاخت_الصغرى_للامة","translator_type":"none","protected":false,"verified":false,"followers_count":26,"friends_count":39,"listed_count":0,"favourites_count":2807,"statuses_count":1082,"created_at":"Sun May 28 13:45:20 +0000 2017","utc_offset":null,"time_zone":null,"geo_enabled":false,"lang":"ar","contributors_enabled":false,"is_translator":false,"profile_background_color":"F5F8FA","profile_background_image_url":"","profile_background_image_url_https":"","profile_background_tile":false,"profile_link_color":"1DA1F2","profile_sidebar_border_color":"C0DEED","profile_sidebar_fill_color":"DDEEF6","profile_text_color":"333333","profile_use_background_image":true,"profile_image_url":"http://pbs.twimg.com/profile_images/1041801935194603520/T97-fzS5_normal.jpg","profile_image_url_https":"https://pbs.twimg.com/profile_images/1041801935194603520/T97-fzS5_normal.jpg","profile_banner_url":"https://pbs.twimg.com/profile_banners/868825517293797376/1507901144","default_profile":true,"default_profile_image":false,"following":null,"follow_request_sent":null,"notifications":null},"geo":null,"coordinates":null,"place":null,"contributors":null,"retweeted_status":{"created_at":"Tue Sep 18 03:37:03 +0000 2018","id":1041893840733397000,"id_str":"1041893840733396992","text":"#IU to tour 7 Asian cities for #IU_10th_Anniversary concert -- #HongKong #Singapore #Bangkok #Taipei, are you ready… https://t.co/wzYwtravPW","source":"<a href=\"http://twitter.com\" rel=\"nofollow\">Twitter Web Client</a>","truncated":true,"in_reply_to_status_id":null,"in_reply_to_status_id_str":null,"in_reply_to_user_id":null,"in_reply_to_user_id_str":null,"in_reply_to_screen_name":null,"user":{"id":2555928204,"id_str":"2555928204","name":"Kpop Herald","screen_name":"Kpop_Herald","location":"Seoul, South Korea","url":"http://kpopherald.com","description":"See the latest Korean culture news by the nation's No.1 English newspaper!","translator_type":"none","protected":false,"verified":false,"followers_count":29033,"friends_count":432,"listed_count":394,"favourites_count":39,"statuses_count":20267,"created_at":"Mon Jun 09 02:40:57 +0000 2014","utc_offset":null,"time_zone":null,"geo_enabled":true,"lang":"en","contributors_enabled":false,"is_translator":false,"profile_background_color":"B2DFDA","profile_background_image_url":"http://abs.twimg.com/images/themes/theme13/bg.gif","profile_background_image_url_https":"https://abs.twimg.com/images/themes/theme13/bg.gif","profile_background_tile":false,"profile_link_color":"93A644","profile_sidebar_border_color":"EEEEEE","profile_sidebar_fill_color":"FFFFFF","profile_text_color":"333333","profile_use_background_image":true,"profile_image_url":"http://pbs.twimg.com/profile_images/475831798874648578/R0Bxtmib_normal.jpeg","profile_image_url_https":"https://pbs.twimg.com/profile_images/475831798874648578/R0Bxtmib_normal.jpeg","profile_banner_url":"https://pbs.twimg.com/profile_banners/2555928204/1404982991","default_profile":false,"default_profile_image":false,"following":null,"follow_request_sent":null,"notifications":null},"geo":null,"coordinates":null,"place":null,"contributors":null,"is_quote_status":false,"extended_tweet":{"full_text":"#IU to tour 7 Asian cities for #IU_10th_Anniversary concert -- #HongKong #Singapore #Bangkok #Taipei, are you ready?\n\n#IU10thDebutAnniversary @lily199iu #UAENA @haneuljieun @_IUofficial @Vliveofficial \n\nhttps://t.co/9wHEp0VEro","display_text_range":[0,226],"entities":{"hashtags":[{"text":"IU","indices":[0,3]},{"text":"IU_10th_Anniversary","indices":[31,51]},{"text":"HongKong","indices":[63,72]},{"text":"Singapore","indices":[73,83]},{"text":"Bangkok","indices":[84,92]},{"text":"Taipei","indices":[93,100]},{"text":"IU10thDebutAnniversary","indices":[118,141]},{"text":"UAENA","indices":[153,159]}],"urls":[{"url":"https://t.co/9wHEp0VEro","expanded_url":"http://kpopherald.koreaherald.com/view.php?ud=201809181221034841615_2","display_url":"kpopherald.koreaherald.com/view.php?ud=20…","indices":[203,226]}],"user_mentions":[{"screen_name":"lily199iu","name":"이지은","id":532929138,"id_str":"532929138","indices":[142,152]},{"screen_name":"haneuljieun","name":"아10유🎉 👑🔮","id":742015749447897100,"id_str":"742015749447897094","indices":[160,172]},{"screen_name":"_IUofficial","name":"아이유(IU) 공식 트위터","id":1024486566096326700,"id_str":"1024486566096326656","indices":[173,185]},{"screen_name":"Vliveofficial","name":"V LIVE","id":1459223742,"id_str":"1459223742","indices":[186,200]}],"symbols":[]}},"quote_count":1,"reply_count":0,"retweet_count":6,"favorite_count":16,"entities":{"hashtags":[{"text":"IU","indices":[0,3]},{"text":"IU_10th_Anniversary","indices":[31,51]},{"text":"HongKong","indices":[63,72]},{"text":"Singapore","indices":[73,83]},{"text":"Bangkok","indices":[84,92]},{"text":"Taipei","indices":[93,100]}],"urls":[{"url":"https://t.co/wzYwtravPW","expanded_url":"https://twitter.com/i/web/status/1041893840733396992","display_url":"twitter.com/i/web/status/1…","indices":[117,140]}],"user_mentions":[],"symbols":[]},"favorited":false,"retweeted":false,"possibly_sensitive":false,"filter_level":"low","lang":"en"},"is_quote_status":false,"quote_count":0,"reply_count":0,"retweet_count":0,"favorite_count":0,"entities":{"hashtags":[{"text":"IU","indices":[17,20]},{"text":"IU_10th_Anniversary","indices":[48,68]},{"text":"HongKong","indices":[80,89]},{"text":"Singapore","indices":[90,100]},{"text":"Bangkok","indices":[101,109]},{"text":"Taipei","indices":[110,117]}],"urls":[],"user_mentions":[{"screen_name":"Kpop_Herald","name":"Kpop Herald","id":2555928204,"id_str":"2555928204","indices":[3,15]}],"symbols":[]},"favorited":false,"retweeted":false,"filter_level":"low","lang":"en","timestamp_ms":"1537269105861"}