{"created_at":"Tue Sep 18 10:36:02 +0000 2018","id":1041999280494575600,"id_str":"1041999280494575616","text":"Highlight of my day was meeting recent University Of The Arts London LCC student &amp; new Millennium Contributor Jonat… https://t.co/gy6ig9cKnL","display_text_range":[0,140],"source":"<a href=\"https://buffer.com\" rel=\"nofollow\">Buffer</a>","truncated":true,"in_reply_to_status_id":null,"in_reply_to_status_id_str":null,"in_reply_to_user_id":null,"in_reply_to_user_id_str":null,"in_reply_to_screen_name":null,"user":{"id":454842246,"id_str":"454842246","name":"Millennium Images","screen_name":"milimdotcom","location":"London Fields","url":"http://www.milim.com","description":"Millennium Images operates in the field of contemporary photography. We work with diverse organisations supplying images for our clients worldwide.","translator_type":"none","protected":false,"verified":false,"followers_count":1403,"friends_count":822,"listed_count":38,"favourites_count":6639,"statuses_count":6217,"created_at":"Wed Jan 04 12:59:01 +0000 2012","utc_offset":null,"time_zone":null,"geo_enabled":true,"lang":"en","contributors_enabled":false,"is_translator":false,"profile_background_color":"6B6968","profile_background_image_url":"http://abs.twimg.com/images/themes/theme1/bg.png","profile_background_image_url_https":"https://abs.twimg.com/images/themes/theme1/bg.png","profile_background_tile":false,"profile_link_color":"ABB8C2","profile_sidebar_border_color":"C0DEED","profile_sidebar_fill_color":"DDEEF6","profile_text_color":"333333","profile_use_background_image":true,"profile_image_url":"http://pbs.twimg.com/profile_images/673888971966054400/linSqQNw_normal.jpg","profile_image_url_https":"https://pbs.twimg.com/profile_images/673888971966054400/linSqQNw_normal.jpg","profile_banner_url":"https://pbs.twimg.com/profile_banners/454842246/1517328428","default_profile":false,"default_profile_image":false,"following":null,"follow_request_sent":null,"notifications":null},"geo":null,"coordinates":null,"place":null,"contributors":null,"is_quote_status":false,"extended_tweet":{"full_text":"Highlight of my day was meeting recent University Of The Arts London LCC student &amp; new Millennium Contributor Jonathan Liu  who is shortly relocating to #Singapore Images copyright of the artist you can see more of Jonathan's work by clicking here https://t.co/JOmUEpwHxP https://t.co/yyd2jpi4vz","display_text_range":[0,275],"entities":{"hashtags":[{"text":"Singapore","indices":[157,167]}],"urls":[{"url":"https://t.co/JOmUEpwHxP","expanded_url":"https://buff.ly/2x7eV2X","display_url":"buff.ly/2x7eV2X","indices":[252,275]}],"user_mentions":[],"symbols":[],"media":[{"id":1041999278246428700,"id_str":"1041999278246428672","indices":[276,299],"media_url":"http://pbs.twimg.com/media/DnXs0qQXgAADx10.jpg","media_url_https":"https://pbs.twimg.com/media/DnXs0qQXgAADx10.jpg","url":"https://t.co/yyd2jpi4vz","display_url":"pic.twitter.com/yyd2jpi4vz","expanded_url":"https://twitter.com/milimdotcom/status/1041999280494575616/photo/1","type":"photo","sizes":{"large":{"w":552,"h":341,"resize":"fit"},"thumb":{"w":150,"h":150,"resize":"crop"},"medium":{"w":552,"h":341,"resize":"fit"},"small":{"w":552,"h":341,"resize":"fit"}}}]},"extended_entities":{"media":[{"id":1041999278246428700,"id_str":"1041999278246428672","indices":[276,299],"media_url":"http://pbs.twimg.com/media/DnXs0qQXgAADx10.jpg","media_url_https":"https://pbs.twimg.com/media/DnXs0qQXgAADx10.jpg","url":"https://t.co/yyd2jpi4vz","display_url":"pic.twitter.com/yyd2jpi4vz","expanded_url":"https://twitter.com/milimdotcom/status/1041999280494575616/photo/1","type":"photo","sizes":{"large":{"w":552,"h":341,"resize":"fit"},"thumb":{"w":150,"h":150,"resize":"crop"},"medium":{"w":552,"h":341,"resize":"fit"},"small":{"w":552,"h":341,"resize":"fit"}}}]}},"quote_count":0,"reply_count":0,"retweet_count":0,"favorite_count":0,"entities":{"hashtags":[],"urls":[{"url":"https://t.co/gy6ig9cKnL","expanded_url":"https://twitter.com/i/web/status/1041999280494575616","display_url":"twitter.com/i/web/status/1…","indices":[121,144]}],"user_mentions":[],"symbols":[]},"favorited":false,"retweeted":false,"possibly_sensitive":false,"filter_level":"low","lang":"en","timestamp_ms":"1537266962537"}