{"created_at":"Tue Sep 18 10:43:13 +0000 2018","id":1042001089480949800,"id_str":"1042001089480949762","text":"Shopping for a chic pied-a-terre in #Singapore https://t.co/Tj7RtnTUZQ #allcategory #package #resort","source":"<a href=\"http://www.ajaymatharu.com/\" rel=\"nofollow\">Tweet Old Post</a>","truncated":false,"in_reply_to_status_id":null,"in_reply_to_status_id_str":null,"in_reply_to_user_id":null,"in_reply_to_user_id_str":null,"in_reply_to_screen_name":null,"user":{"id":4850254692,"id_str":"4850254692","name":"Travel Guide & Leisure Global Articles WebSite.WS","screen_name":"GVMG_TwebsiteWS","location":"EARTH","url":"http://travelleisure.global-article.ws","description":"Travel Guide & Travel Leisure Global Articles WebSite.WS - GVMG - Global Viral Marketing Group","translator_type":"none","protected":false,"verified":false,"followers_count":120,"friends_count":5,"listed_count":57,"favourites_count":0,"statuses_count":18449,"created_at":"Tue Feb 02 18:14:57 +0000 2016","utc_offset":null,"time_zone":null,"geo_enabled":false,"lang":"ja","contributors_enabled":false,"is_translator":false,"profile_background_color":"F5F8FA","profile_background_image_url":"","profile_background_image_url_https":"","profile_background_tile":false,"profile_link_color":"1DA1F2","profile_sidebar_border_color":"C0DEED","profile_sidebar_fill_color":"DDEEF6","profile_text_color":"333333","profile_use_background_image":true,"profile_image_url":"http://pbs.twimg.com/profile_images/694584925752684544/D7RC-QnQ_normal.jpg","profile_image_url_https":"https://pbs.twimg.com/profile_images/694584925752684544/D7RC-QnQ_normal.jpg","profile_banner_url":"https://pbs.twimg.com/profile_banners/4850254692/1454442531","default_profile":true,"default_profile_image":false,"following":null,"follow_request_sent":null,"notifications":null},"geo":null,"coordinates":null,"place":null,"contributors":null,"is_quote_status":false,"quote_count":0,"reply_count":0,"retweet_count":0,"favorite_count":0,"entities":{"hashtags":[{"text":"Singapore","indices":[36,46]},{"text":"allcategory","indices":[71,83]},{"text":"package","indices":[84,92]},{"text":"resort","indices":[93,100]}],"urls":[{"url":"https://t.co/Tj7RtnTUZQ","expanded_url":"http://bit.ly/2EZpURI","display_url":"bit.ly/2EZpURI","indices":[47,70]}],"user_mentions":[],"symbols":[]},"favorited":false,"retweeted":false,"possibly_sensitive":false,"filter_level":"low","lang":"en","timestamp_ms":"1537267393833"}