{"created_at":"Tue Sep 18 11:11:52 +0000 2018","id":1042008298319306800,"id_str":"1042008298319306752","text":"台北、シンガポールの旅　旅行３日目　台北からシンガポールへ \n#台北 #シンガポール #ラウンジ #機内食 #旅行 #taipei #singapore #travel #journey\n\nhttps://t.co/Gg1KKF2uMZ @YouTubeさんから","source":"<a href=\"http://twitter.com\" rel=\"nofollow\">Twitter Web Client</a>","truncated":false,"in_reply_to_status_id":null,"in_reply_to_status_id_str":null,"in_reply_to_user_id":null,"in_reply_to_user_id_str":null,"in_reply_to_screen_name":null,"user":{"id":100808962,"id_str":"100808962","name":"荒川徹","screen_name":"nealkun","location":null,"url":null,"description":null,"translator_type":"none","protected":false,"verified":false,"followers_count":153,"friends_count":33,"listed_count":9,"favourites_count":2410,"statuses_count":98587,"created_at":"Thu Dec 31 17:27:55 +0000 2009","utc_offset":null,"time_zone":null,"geo_enabled":true,"lang":"ja","contributors_enabled":false,"is_translator":false,"profile_background_color":"C0DEED","profile_background_image_url":"http://abs.twimg.com/images/themes/theme1/bg.png","profile_background_image_url_https":"https://abs.twimg.com/images/themes/theme1/bg.png","profile_background_tile":false,"profile_link_color":"1DA1F2","profile_sidebar_border_color":"C0DEED","profile_sidebar_fill_color":"DDEEF6","profile_text_color":"333333","profile_use_background_image":true,"profile_image_url":"http://pbs.twimg.com/profile_images/1306688440/1214-13_normal.jpg","profile_image_url_https":"https://pbs.twimg.com/profile_images/1306688440/1214-13_normal.jpg","default_profile":true,"default_profile_image":false,"following":null,"follow_request_sent":null,"notifications":null},"geo":null,"coordinates":null,"place":null,"contributors":null,"is_quote_status":false,"quote_count":0,"reply_count":0,"retweet_count":0,"favorite_count":0,"entities":{"hashtags":[{"text":"台北","indices":[31,34]},{"text":"シンガポール","indices":[35,42]},{"text":"ラウンジ","indices":[43,48]},{"text":"機内食","indices":[49,53]},{"text":"旅行","indices":[54,57]},{"text":"taipei","indices":[58,65]},{"text":"singapore","indices":[66,76]},{"text":"travel","indices":[77,84]},{"text":"journey","indices":[85,93]}],"urls":[{"url":"https://t.co/Gg1KKF2uMZ","expanded_url":"https://youtu.be/C9q-ki5TDtA","display_url":"youtu.be/C9q-ki5TDtA","indices":[95,118]}],"user_mentions":[{"screen_name":"YouTube","name":"YouTube","id":10228272,"id_str":"10228272","indices":[119,127]}],"symbols":[]},"favorited":false,"retweeted":false,"possibly_sensitive":false,"filter_level":"low","lang":"ja","timestamp_ms":"1537269112554"}