{"created_at":"Tue Sep 18 10:43:20 +0000 2018","id":1042001117712744400,"id_str":"1042001117712744448","text":"Happy #MalaysiaDay 🎊","source":"<a href=\"http://twitter.com\" rel=\"nofollow\">Twitter Web Client</a>","truncated":false,"in_reply_to_status_id":null,"in_reply_to_status_id_str":null,"in_reply_to_user_id":null,"in_reply_to_user_id_str":null,"in_reply_to_screen_name":null,"user":{"id":1039037781257769000,"id_str":"1039037781257768961","name":"Haylee 🌙","screen_name":"fr00tpunch","location":null,"url":null,"description":"i’m only here to procrastinate","translator_type":"none","protected":false,"verified":false,"followers_count":19,"friends_count":70,"listed_count":0,"favourites_count":24,"statuses_count":44,"created_at":"Mon Sep 10 06:28:06 +0000 2018","utc_offset":null,"time_zone":null,"geo_enabled":false,"lang":"en","contributors_enabled":false,"is_translator":false,"profile_background_color":"000000","profile_background_image_url":"http://abs.twimg.com/images/themes/theme1/bg.png","profile_background_image_url_https":"https://abs.twimg.com/images/themes/theme1/bg.png","profile_background_tile":false,"profile_link_color":"F58EA8","profile_sidebar_border_color":"000000","profile_sidebar_fill_color":"000000","profile_text_color":"000000","profile_use_background_image":false,"profile_image_url":"http://pbs.twimg.com/profile_images/1040931623112343553/P3WQD2NS_normal.jpg","profile_image_url_https":"https://pbs.twimg.com/profile_images/1040931623112343553/P3WQD2NS_normal.jpg","profile_banner_url":"https://pbs.twimg.com/profile_banners/1039037781257768961/1536906109","default_profile":false,"default_profile_image":false,"following":null,"follow_request_sent":null,"notifications":null},"geo":null,"coordinates":null,"place":null,"contributors":null,"is_quote_status":false,"quote_count":0,"reply_count":0,"retweet_count":0,"favorite_count":0,"entities":{"hashtags":[{"text":"MalaysiaDay","indices":[6,18]}],"urls":[],"user_mentions":[],"symbols":[]},"favorited":false,"retweeted":false,"filter_level":"low","lang":"en","timestamp_ms":"1537267400564"}