{"created_at":"Tue Sep 18 10:21:54 +0000 2018","id":1041995722965561300,"id_str":"1041995722965561344","text":"Binance ke [Beta] Luncurkan Singapore Fiat Crypto Exchange Besok #binance #Malta #Singapore #Zhao… https://t.co/sra2cl8xZt","display_text_range":[0,140],"source":"<a href=\"https://www.blog2social.com\" rel=\"nofollow\">Blog2Social APP</a>","truncated":true,"in_reply_to_status_id":null,"in_reply_to_status_id_str":null,"in_reply_to_user_id":null,"in_reply_to_user_id_str":null,"in_reply_to_screen_name":null,"user":{"id":1037560152491094000,"id_str":"1037560152491094016","name":"DetikDax.com","screen_name":"Detikdax_","location":"Indonesia","url":"http://Detikdax.com","description":"http://Detikdax.com Sumber terdepan untuk teknik berburu #BITCOIN #ETHEREUM #LITECOIN #ALTCOINS dan meliputi ulasan, panduan, dan teknik yang akurat #crypto","translator_type":"none","protected":false,"verified":false,"followers_count":7,"friends_count":0,"listed_count":0,"favourites_count":0,"statuses_count":132,"created_at":"Thu Sep 06 04:36:32 +0000 2018","utc_offset":null,"time_zone":null,"geo_enabled":false,"lang":"en","contributors_enabled":false,"is_translator":false,"profile_background_color":"F5F8FA","profile_background_image_url":"","profile_background_image_url_https":"","profile_background_tile":false,"profile_link_color":"1DA1F2","profile_sidebar_border_color":"C0DEED","profile_sidebar_fill_color":"DDEEF6","profile_text_color":"333333","profile_use_background_image":true,"profile_image_url":"http://pbs.twimg.com/profile_images/1037664295528488960/tW7ECSYq_normal.jpg","profile_image_url_https":"https://pbs.twimg.com/profile_images/1037664295528488960/tW7ECSYq_normal.jpg","profile_banner_url":"https://pbs.twimg.com/profile_banners/1037560152491094016/1536233404","default_profile":true,"default_profile_image":false,"following":null,"follow_request_sent":null,"notifications":null},"geo":null,"coordinates":null,"place":null,"contributors":null,"is_quote_status":false,"extended_tweet":{"full_text":"Binance ke [Beta] Luncurkan Singapore Fiat Crypto Exchange Besok #binance #Malta #Singapore #Zhao https://t.co/nbh5EcoaAJ https://t.co/0zlHx5umsS","display_text_range":[0,121],"entities":{"hashtags":[{"text":"binance","indices":[65,73]},{"text":"Malta","indices":[74,80]},{"text":"Singapore","indices":[81,91]},{"text":"Zhao","indices":[92,97]}],"urls":[{"url":"https://t.co/nbh5EcoaAJ","expanded_url":"http://detikdax.com/binance-ke-beta-luncurkan-singapore-fiat-crypto-exchange-besok/","display_url":"detikdax.com/binance-ke-bet…","indices":[98,121]}],"user_mentions":[],"symbols":[],"media":[{"id":1041995721094955000,"id_str":"1041995721094955008","indices":[122,145],"media_url":"http://pbs.twimg.com/media/DnXplm1XgAABh6O.jpg","media_url_https":"https://pbs.twimg.com/media/DnXplm1XgAABh6O.jpg","url":"https://t.co/0zlHx5umsS","display_url":"pic.twitter.com/0zlHx5umsS","expanded_url":"https://twitter.com/Detikdax_/status/1041995722965561344/photo/1","type":"photo","sizes":{"thumb":{"w":150,"h":150,"resize":"crop"},"small":{"w":680,"h":358,"resize":"fit"},"large":{"w":760,"h":400,"resize":"fit"},"medium":{"w":760,"h":400,"resize":"fit"}}}]},"extended_entities":{"media":[{"id":1041995721094955000,"id_str":"1041995721094955008","indices":[122,145],"media_url":"http://pbs.twimg.com/media/DnXplm1XgAABh6O.jpg","media_url_https":"https://pbs.twimg.com/media/DnXplm1XgAABh6O.jpg","url":"https://t.co/0zlHx5umsS","display_url":"pic.twitter.com/0zlHx5umsS","expanded_url":"https://twitter.com/Detikdax_/status/1041995722965561344/photo/1","type":"photo","sizes":{"thumb":{"w":150,"h":150,"resize":"crop"},"small":{"w":680,"h":358,"resize":"fit"},"large":{"w":760,"h":400,"resize":"fit"},"medium":{"w":760,"h":400,"resize":"fit"}}}]}},"quote_count":0,"reply_count":0,"retweet_count":0,"favorite_count":0,"entities":{"hashtags":[{"text":"binance","indices":[65,73]},{"text":"Malta","indices":[74,80]},{"text":"Singapore","indices":[81,91]},{"text":"Zhao","indices":[92,97]}],"urls":[{"url":"https://t.co/sra2cl8xZt","expanded_url":"https://twitter.com/i/web/status/1041995722965561344","display_url":"twitter.com/i/web/status/1…","indices":[99,122]}],"user_mentions":[],"symbols":[]},"favorited":false,"retweeted":false,"possibly_sensitive":false,"filter_level":"low","lang":"in","timestamp_ms":"1537266114356"}