{"created_at":"Tue Sep 18 10:21:55 +0000 2018","id":1041995728493727700,"id_str":"1041995728493727744","text":"RT @INTERPOL_Cyber: We are honoured that our #cyberconf is part of the #SICW2018 activities taking place in #Singapore this week, networkin…","source":"<a href=\"http://twitter.com\" rel=\"nofollow\">Twitter Web Client</a>","truncated":false,"in_reply_to_status_id":null,"in_reply_to_status_id_str":null,"in_reply_to_user_id":null,"in_reply_to_user_id_str":null,"in_reply_to_screen_name":null,"user":{"id":823259048799825900,"id_str":"823259048799825922","name":"#Oel Room","screen_name":"oelroom1","location":"Otopeni - Exil","url":"https://www.pinterest.com/gottfree","description":"https://www.youtube.com/watch?v=XNmDOh16aWk\nhttps://www.youtube.com/user/Mientiau","translator_type":"none","protected":false,"verified":false,"followers_count":6,"friends_count":81,"listed_count":0,"favourites_count":848,"statuses_count":386,"created_at":"Sun Jan 22 20:00:27 +0000 2017","utc_offset":null,"time_zone":null,"geo_enabled":false,"lang":"de","contributors_enabled":false,"is_translator":false,"profile_background_color":"000000","profile_background_image_url":"http://abs.twimg.com/images/themes/theme1/bg.png","profile_background_image_url_https":"https://abs.twimg.com/images/themes/theme1/bg.png","profile_background_tile":false,"profile_link_color":"981CEB","profile_sidebar_border_color":"000000","profile_sidebar_fill_color":"000000","profile_text_color":"000000","profile_use_background_image":false,"profile_image_url":"http://pbs.twimg.com/profile_images/1041987842656923648/G1NvJGbN_normal.jpg","profile_image_url_https":"https://pbs.twimg.com/profile_images/1041987842656923648/G1NvJGbN_normal.jpg","default_profile":false,"default_profile_image":false,"following":null,"follow_request_sent":null,"notifications":null},"geo":null,"coordinates":null,"place":null,"contributors":null,"retweeted_status":{"created_at":"Tue Sep 18 09:50:19 +0000 2018","id":1041987776797757400,"id_str":"1041987776797757440","text":"We are honoured that our #cyberconf is part of the #SICW2018 activities taking place in #Singapore this week, netwo… https://t.co/pNVRMDy71v","display_text_range":[0,140],"source":"<a href=\"http://twitter.com\" rel=\"nofollow\">Twitter Web Client</a>","truncated":true,"in_reply_to_status_id":null,"in_reply_to_status_id_str":null,"in_reply_to_user_id":null,"in_reply_to_user_id_str":null,"in_reply_to_screen_name":null,"user":{"id":392714686,"id_str":"392714686","name":"INTERPOL_Cyber","screen_name":"INTERPOL_Cyber","location":"GLOBAL","url":"http://www.interpol.int/en/About-INTERPOL/The-INTERPOL-Global-Complex-for-Innovation","description":"INTERPOL equips police with tools and expertise necessary to tackle cybercrime. Tweets do not indicate INTERPOL involvement in cases. RTs are not endorsements.","translator_type":"none","protected":false,"verified":true,"followers_count":42320,"friends_count":303,"listed_count":778,"favourites_count":500,"statuses_count":1573,"created_at":"Mon Oct 17 13:25:03 +0000 2011","utc_offset":null,"time_zone":null,"geo_enabled":false,"lang":"en","contributors_enabled":false,"is_translator":false,"profile_background_color":"131516","profile_background_image_url":"http://abs.twimg.com/images/themes/theme14/bg.gif","profile_background_image_url_https":"https://abs.twimg.com/images/themes/theme14/bg.gif","profile_background_tile":true,"profile_link_color":"009999","profile_sidebar_border_color":"000000","profile_sidebar_fill_color":"EFEFEF","profile_text_color":"333333","profile_use_background_image":true,"profile_image_url":"http://pbs.twimg.com/profile_images/378800000077515183/e60977b5ae7c56df3f6434880c48b4cf_normal.jpeg","profile_image_url_https":"https://pbs.twimg.com/profile_images/378800000077515183/e60977b5ae7c56df3f6434880c48b4cf_normal.jpeg","profile_banner_url":"https://pbs.twimg.com/profile_banners/392714686/1476370521","default_profile":false,"default_profile_image":false,"following":null,"follow_request_sent":null,"notifications":null},"geo":null,"coordinates":null,"place":null,"contributors":null,"is_quote_status":false,"extended_tweet":{"full_text":"We are honoured that our #cyberconf is part of the #SICW2018 activities taking place in #Singapore this week, networking and sharing knowledge on #cybercrime with experts from all over the world https://t.co/RO4ZfYgnik","display_text_range":[0,194],"entities":{"hashtags":[{"text":"cyberconf","indices":[25,35]},{"text":"SICW2018","indices":[51,60]},{"text":"Singapore","indices":[88,98]},{"text":"cybercrime","indices":[146,157]}],"urls":[],"user_mentions":[],"symbols":[],"media":[{"id":1041987639820210200,"id_str":"1041987639820210177","indices":[195,218],"media_url":"http://pbs.twimg.com/media/DnXiPNvU0AEcErs.jpg","media_url_https":"https://pbs.twimg.com/media/DnXiPNvU0AEcErs.jpg","url":"https://t.co/RO4ZfYgnik","display_url":"pic.twitter.com/RO4ZfYgnik","expanded_url":"https://twitter.com/INTERPOL_Cyber/status/1041987776797757440/photo/1","type":"photo","sizes":{"thumb":{"w":150,"h":150,"resize":"crop"},"large":{"w":2048,"h":1367,"resize":"fit"},"medium":{"w":1200,"h":801,"resize":"fit"},"small":{"w":680,"h":454,"resize":"fit"}}}]},"extended_entities":{"media":[{"id":1041987639820210200,"id_str":"1041987639820210177","indices":[195,218],"media_url":"http://pbs.twimg.com/media/DnXiPNvU0AEcErs.jpg","media_url_https":"https://pbs.twimg.com/media/DnXiPNvU0AEcErs.jpg","url":"https://t.co/RO4ZfYgnik","display_url":"pic.twitter.com/RO4ZfYgnik","expanded_url":"https://twitter.com/INTERPOL_Cyber/status/1041987776797757440/photo/1","type":"photo","sizes":{"thumb":{"w":150,"h":150,"resize":"crop"},"large":{"w":2048,"h":1367,"resize":"fit"},"medium":{"w":1200,"h":801,"resize":"fit"},"small":{"w":680,"h":454,"resize":"fit"}}}]}},"quote_count":0,"reply_count":0,"retweet_count":2,"favorite_count":8,"entities":{"hashtags":[{"text":"cyberconf","indices":[25,35]},{"text":"SICW2018","indices":[51,60]},{"text":"Singapore","indices":[88,98]}],"urls":[{"url":"https://t.co/pNVRMDy71v","expanded_url":"https://twitter.com/i/web/status/1041987776797757440","display_url":"twitter.com/i/web/status/1…","indices":[117,140]}],"user_mentions":[],"symbols":[]},"favorited":false,"retweeted":false,"possibly_sensitive":false,"filter_level":"low","lang":"en"},"is_quote_status":false,"quote_count":0,"reply_count":0,"retweet_count":0,"favorite_count":0,"entities":{"hashtags":[{"text":"cyberconf","indices":[45,55]},{"text":"SICW2018","indices":[71,80]},{"text":"Singapore","indices":[108,118]}],"urls":[],"user_mentions":[{"screen_name":"INTERPOL_Cyber","name":"INTERPOL_Cyber","id":392714686,"id_str":"392714686","indices":[3,18]}],"symbols":[]},"favorited":false,"retweeted":false,"filter_level":"low","lang":"en","timestamp_ms":"1537266115674"}