{"created_at":"Tue Sep 18 11:04:55 +0000 2018","id":1042006549236015100,"id_str":"1042006549236015104","text":"RT @citiesdiabetes: #Singapore’s aspiration to create a city that makes biking and walking the new normal. 👇 #ITSWC18 https://t.co/fnY69NEq…","source":"<a href=\"http://twitter.com\" rel=\"nofollow\">Twitter Web Client</a>","truncated":false,"in_reply_to_status_id":null,"in_reply_to_status_id_str":null,"in_reply_to_user_id":null,"in_reply_to_user_id_str":null,"in_reply_to_screen_name":null,"user":{"id":57599666,"id_str":"57599666","name":"Iwona Burzyńska","screen_name":"iwona_burzynska","location":"Warsaw","url":"https://pl.linkedin.com/in/iwonaburzynska","description":"Dyrektor Komunikacji i Relacji Zewnętrznych @LafargeHolcim w Polsce, odpowiadam za całość komunikacji #lafargepolska","translator_type":"none","protected":false,"verified":false,"followers_count":308,"friends_count":546,"listed_count":20,"favourites_count":1812,"statuses_count":1505,"created_at":"Fri Jul 17 09:28:43 +0000 2009","utc_offset":null,"time_zone":null,"geo_enabled":true,"lang":"pl","contributors_enabled":false,"is_translator":false,"profile_background_color":"131516","profile_background_image_url":"http://abs.twimg.com/images/themes/theme14/bg.gif","profile_background_image_url_https":"https://abs.twimg.com/images/themes/theme14/bg.gif","profile_background_tile":true,"profile_link_color":"ABB8C2","profile_sidebar_border_color":"EEEEEE","profile_sidebar_fill_color":"EFEFEF","profile_text_color":"333333","profile_use_background_image":true,"profile_image_url":"http://pbs.twimg.com/profile_images/927626135688695808/-14cln_O_normal.jpg","profile_image_url_https":"https://pbs.twimg.com/profile_images/927626135688695808/-14cln_O_normal.jpg","profile_banner_url":"https://pbs.twimg.com/profile_banners/57599666/1515600413","default_profile":false,"default_profile_image":false,"following":null,"follow_request_sent":null,"notifications":null},"geo":null,"coordinates":null,"place":null,"contributors":null,"retweeted_status":{"created_at":"Tue Sep 18 08:07:17 +0000 2018","id":1041961847199596500,"id_str":"1041961847199596544","text":"#Singapore’s aspiration to create a city that makes biking and walking the new normal. 👇 #ITSWC18 https://t.co/fnY69NEqmL","display_text_range":[0,97],"source":"<a href=\"http://twitter.com/download/iphone\" rel=\"nofollow\">Twitter for iPhone</a>","truncated":false,"in_reply_to_status_id":null,"in_reply_to_status_id_str":null,"in_reply_to_user_id":null,"in_reply_to_user_id_str":null,"in_reply_to_screen_name":null,"user":{"id":2364698530,"id_str":"2364698530","name":"Cities Diabetes","screen_name":"citiesdiabetes","location":null,"url":"http://www.citieschangingdiabetes.com","description":"How can we improve the health of people living with type 2 diabetes in cities? Join the conversation to fight #urbandiabetes Disclaimer: http://bit.ly/2x77bAr","translator_type":"none","protected":false,"verified":true,"followers_count":14766,"friends_count":876,"listed_count":212,"favourites_count":2693,"statuses_count":3526,"created_at":"Tue Feb 25 10:53:32 +0000 2014","utc_offset":null,"time_zone":null,"geo_enabled":true,"lang":"en-gb","contributors_enabled":false,"is_translator":false,"profile_background_color":"E0DED8","profile_background_image_url":"http://abs.twimg.com/images/themes/theme1/bg.png","profile_background_image_url_https":"https://abs.twimg.com/images/themes/theme1/bg.png","profile_background_tile":false,"profile_link_color":"009FDA","profile_sidebar_border_color":"FFFFFF","profile_sidebar_fill_color":"DDEEF6","profile_text_color":"333333","profile_use_background_image":true,"profile_image_url":"http://pbs.twimg.com/profile_images/449190769123815424/z7CXQhhg_normal.png","profile_image_url_https":"https://pbs.twimg.com/profile_images/449190769123815424/z7CXQhhg_normal.png","profile_banner_url":"https://pbs.twimg.com/profile_banners/2364698530/1525173559","default_profile":false,"default_profile_image":false,"following":null,"follow_request_sent":null,"notifications":null},"geo":null,"coordinates":null,"place":null,"contributors":null,"is_quote_status":false,"quote_count":1,"reply_count":0,"retweet_count":2,"favorite_count":9,"entities":{"hashtags":[{"text":"Singapore","indices":[0,10]},{"text":"ITSWC18","indices":[89,97]}],"urls":[],"user_mentions":[],"symbols":[],"media":[{"id":1041961832305647600,"id_str":"1041961832305647616","indices":[98,121],"media_url":"http://pbs.twimg.com/media/DnXKxBQX4AAfdt7.jpg","media_url_https":"https://pbs.twimg.com/media/DnXKxBQX4AAfdt7.jpg","url":"https://t.co/fnY69NEqmL","display_url":"pic.twitter.com/fnY69NEqmL","expanded_url":"https://twitter.com/citiesdiabetes/status/1041961847199596544/photo/1","type":"photo","sizes":{"thumb":{"w":150,"h":150,"resize":"crop"},"medium":{"w":1200,"h":899,"resize":"fit"},"small":{"w":680,"h":509,"resize":"fit"},"large":{"w":2048,"h":1534,"resize":"fit"}}}]},"extended_entities":{"media":[{"id":1041961832305647600,"id_str":"1041961832305647616","indices":[98,121],"media_url":"http://pbs.twimg.com/media/DnXKxBQX4AAfdt7.jpg","media_url_https":"https://pbs.twimg.com/media/DnXKxBQX4AAfdt7.jpg","url":"https://t.co/fnY69NEqmL","display_url":"pic.twitter.com/fnY69NEqmL","expanded_url":"https://twitter.com/citiesdiabetes/status/1041961847199596544/photo/1","type":"photo","sizes":{"thumb":{"w":150,"h":150,"resize":"crop"},"medium":{"w":1200,"h":899,"resize":"fit"},"small":{"w":680,"h":509,"resize":"fit"},"large":{"w":2048,"h":1534,"resize":"fit"}}}]},"favorited":false,"retweeted":false,"possibly_sensitive":false,"filter_level":"low","lang":"en"},"is_quote_status":false,"quote_count":0,"reply_count":0,"retweet_count":0,"favorite_count":0,"entities":{"hashtags":[{"text":"Singapore","indices":[20,30]},{"text":"ITSWC18","indices":[109,117]}],"urls":[],"user_mentions":[{"screen_name":"citiesdiabetes","name":"Cities Diabetes","id":2364698530,"id_str":"2364698530","indices":[3,18]}],"symbols":[]},"favorited":false,"retweeted":false,"filter_level":"low","lang":"en","timestamp_ms":"1537268695540"}