{"created_at":"Tue Sep 18 10:14:54 +0000 2018","id":1041993963329081300,"id_str":"1041993963329081344","text":"RT @mobileworldlive: #Singapore operator @Singtel teamed with @Ericsson to show off 1.5Gb/s peak #data rates in a laboratory using #5Carrie…","source":"<a href=\"http://twitter.com/download/iphone\" rel=\"nofollow\">Twitter for iPhone</a>","truncated":false,"in_reply_to_status_id":null,"in_reply_to_status_id_str":null,"in_reply_to_user_id":null,"in_reply_to_user_id_str":null,"in_reply_to_screen_name":null,"user":{"id":728095424263823400,"id_str":"728095424263823360","name":"SPRINTS BACK","screen_name":"sprintsback","location":"Laguna Niguel, CA","url":null,"description":"Showing Support for Marcelo Claure CEO of the year 2018","translator_type":"none","protected":false,"verified":false,"followers_count":3731,"friends_count":4999,"listed_count":64,"favourites_count":32846,"statuses_count":18063,"created_at":"Thu May 05 05:34:11 +0000 2016","utc_offset":null,"time_zone":null,"geo_enabled":true,"lang":"en","contributors_enabled":false,"is_translator":false,"profile_background_color":"F5F8FA","profile_background_image_url":"","profile_background_image_url_https":"","profile_background_tile":false,"profile_link_color":"1DA1F2","profile_sidebar_border_color":"C0DEED","profile_sidebar_fill_color":"DDEEF6","profile_text_color":"333333","profile_use_background_image":true,"profile_image_url":"http://pbs.twimg.com/profile_images/975092625035354112/lPS2yq4F_normal.jpg","profile_image_url_https":"https://pbs.twimg.com/profile_images/975092625035354112/lPS2yq4F_normal.jpg","profile_banner_url":"https://pbs.twimg.com/profile_banners/728095424263823360/1462428547","default_profile":true,"default_profile_image":false,"following":null,"follow_request_sent":null,"notifications":null},"geo":null,"coordinates":null,"place":null,"contributors":null,"retweeted_status":{"created_at":"Tue Sep 18 06:28:21 +0000 2018","id":1041936947969765400,"id_str":"1041936947969765378","text":"#Singapore operator @Singtel teamed with @Ericsson to show off 1.5Gb/s peak #data rates in a laboratory using… https://t.co/Lgi0FC5HlL","display_text_range":[0,140],"source":"<a href=\"http://publicize.wp.com/\" rel=\"nofollow\">WordPress.com</a>","truncated":true,"in_reply_to_status_id":null,"in_reply_to_status_id_str":null,"in_reply_to_user_id":null,"in_reply_to_user_id_str":null,"in_reply_to_screen_name":null,"user":{"id":23458031,"id_str":"23458031","name":"Mobile World Live","screen_name":"mobileworldlive","location":"Global","url":"http://www.mobileworldlive.com/","description":"Mobile World Live is the trusted source of news & commentary, provided by industry professionals for industry professionals. Spanish speaker?Follow: @mwlespanol","translator_type":"none","protected":false,"verified":false,"followers_count":48503,"friends_count":949,"listed_count":2067,"favourites_count":3774,"statuses_count":32791,"created_at":"Mon Mar 09 16:50:38 +0000 2009","utc_offset":null,"time_zone":null,"geo_enabled":true,"lang":"en","contributors_enabled":false,"is_translator":false,"profile_background_color":"1A1B1F","profile_background_image_url":"http://abs.twimg.com/images/themes/theme9/bg.gif","profile_background_image_url_https":"https://abs.twimg.com/images/themes/theme9/bg.gif","profile_background_tile":false,"profile_link_color":"2FC2EF","profile_sidebar_border_color":"FFFFFF","profile_sidebar_fill_color":"252429","profile_text_color":"666666","profile_use_background_image":true,"profile_image_url":"http://pbs.twimg.com/profile_images/565984435036631040/h5xw5nXA_normal.jpeg","profile_image_url_https":"https://pbs.twimg.com/profile_images/565984435036631040/h5xw5nXA_normal.jpeg","profile_banner_url":"https://pbs.twimg.com/profile_banners/23458031/1423852271","default_profile":false,"default_profile_image":false,"following":null,"follow_request_sent":null,"notifications":null},"geo":null,"coordinates":null,"place":null,"contributors":null,"is_quote_status":false,"extended_tweet":{"full_text":"#Singapore operator @Singtel teamed with @Ericsson to show off 1.5Gb/s peak #data rates in a laboratory using #5CarrierAggregation https://t.co/Fi7QyUgwNW https://t.co/HUtNAt4WsW","display_text_range":[0,154],"entities":{"hashtags":[{"text":"Singapore","indices":[0,10]},{"text":"data","indices":[76,81]},{"text":"5CarrierAggregation","indices":[110,130]}],"urls":[{"url":"https://t.co/Fi7QyUgwNW","expanded_url":"https://www.mobileworldlive.com/asia/asia-news/singtel-ericsson-show-off-1-5gb-s-peak-rates-in-lab/","display_url":"mobileworldlive.com/asia/asia-news…","indices":[131,154]}],"user_mentions":[{"screen_name":"Singtel","name":"Singtel","id":16678443,"id_str":"16678443","indices":[20,28]},{"screen_name":"ericsson","name":"Ericsson","id":19017255,"id_str":"19017255","indices":[41,50]}],"symbols":[],"media":[{"id":1041936946124091400,"id_str":"1041936946124091392","indices":[155,178],"media_url":"http://pbs.twimg.com/media/DnW0IdAU8AA5eyK.jpg","media_url_https":"https://pbs.twimg.com/media/DnW0IdAU8AA5eyK.jpg","url":"https://t.co/HUtNAt4WsW","display_url":"pic.twitter.com/HUtNAt4WsW","expanded_url":"https://twitter.com/mobileworldlive/status/1041936947969765378/photo/1","type":"photo","sizes":{"medium":{"w":622,"h":350,"resize":"fit"},"thumb":{"w":150,"h":150,"resize":"crop"},"small":{"w":622,"h":350,"resize":"fit"},"large":{"w":622,"h":350,"resize":"fit"}}}]},"extended_entities":{"media":[{"id":1041936946124091400,"id_str":"1041936946124091392","indices":[155,178],"media_url":"http://pbs.twimg.com/media/DnW0IdAU8AA5eyK.jpg","media_url_https":"https://pbs.twimg.com/media/DnW0IdAU8AA5eyK.jpg","url":"https://t.co/HUtNAt4WsW","display_url":"pic.twitter.com/HUtNAt4WsW","expanded_url":"https://twitter.com/mobileworldlive/status/1041936947969765378/photo/1","type":"photo","sizes":{"medium":{"w":622,"h":350,"resize":"fit"},"thumb":{"w":150,"h":150,"resize":"crop"},"small":{"w":622,"h":350,"resize":"fit"},"large":{"w":622,"h":350,"resize":"fit"}}}]}},"quote_count":0,"reply_count":0,"retweet_count":1,"favorite_count":2,"entities":{"hashtags":[{"text":"Singapore","indices":[0,10]},{"text":"data","indices":[76,81]}],"urls":[{"url":"https://t.co/Lgi0FC5HlL","expanded_url":"https://twitter.com/i/web/status/1041936947969765378","display_url":"twitter.com/i/web/status/1…","indices":[111,134]}],"user_mentions":[{"screen_name":"Singtel","name":"Singtel","id":16678443,"id_str":"16678443","indices":[20,28]},{"screen_name":"ericsson","name":"Ericsson","id":19017255,"id_str":"19017255","indices":[41,50]}],"symbols":[]},"favorited":false,"retweeted":false,"possibly_sensitive":false,"filter_level":"low","lang":"en"},"is_quote_status":false,"quote_count":0,"reply_count":0,"retweet_count":0,"favorite_count":0,"entities":{"hashtags":[{"text":"Singapore","indices":[21,31]},{"text":"data","indices":[97,102]}],"urls":[],"user_mentions":[{"screen_name":"mobileworldlive","name":"Mobile World Live","id":23458031,"id_str":"23458031","indices":[3,19]},{"screen_name":"Singtel","name":"Singtel","id":16678443,"id_str":"16678443","indices":[41,49]},{"screen_name":"ericsson","name":"Ericsson","id":19017255,"id_str":"19017255","indices":[62,71]}],"symbols":[]},"favorited":false,"retweeted":false,"filter_level":"low","lang":"en","timestamp_ms":"1537265694826"}