{"created_at":"Tue Sep 18 11:12:18 +0000 2018","id":1042008407971192800,"id_str":"1042008407971192833","text":"Another great Town Hall in Singapore Raja Rajamannar gave his insights on industry changes and how Mastercard is tr… https://t.co/rMnT2kCXCB","source":"<a href=\"http://www.linkedin.com/\" rel=\"nofollow\">LinkedIn</a>","truncated":true,"in_reply_to_status_id":null,"in_reply_to_status_id_str":null,"in_reply_to_user_id":null,"in_reply_to_user_id_str":null,"in_reply_to_screen_name":null,"user":{"id":1922146170,"id_str":"1922146170","name":"Sonya Rosendorff","screen_name":"SonyaHelenRose","location":"Singapore","url":"https://www.mastercard.us/en-us/about-mastercard/careers.html","description":"HR & Recruiting at Mastercard Asia Pacific, all opinions are mine","translator_type":"none","protected":false,"verified":false,"followers_count":69,"friends_count":215,"listed_count":0,"favourites_count":187,"statuses_count":954,"created_at":"Tue Oct 01 04:01:10 +0000 2013","utc_offset":null,"time_zone":null,"geo_enabled":true,"lang":"en","contributors_enabled":false,"is_translator":false,"profile_background_color":"000000","profile_background_image_url":"http://abs.twimg.com/images/themes/theme1/bg.png","profile_background_image_url_https":"https://abs.twimg.com/images/themes/theme1/bg.png","profile_background_tile":false,"profile_link_color":"FF691F","profile_sidebar_border_color":"000000","profile_sidebar_fill_color":"000000","profile_text_color":"000000","profile_use_background_image":false,"profile_image_url":"http://pbs.twimg.com/profile_images/517147277710741505/yg5V2zON_normal.jpeg","profile_image_url_https":"https://pbs.twimg.com/profile_images/517147277710741505/yg5V2zON_normal.jpeg","profile_banner_url":"https://pbs.twimg.com/profile_banners/1922146170/1504189270","default_profile":false,"default_profile_image":false,"following":null,"follow_request_sent":null,"notifications":null},"geo":null,"coordinates":null,"place":null,"contributors":null,"is_quote_status":false,"extended_tweet":{"full_text":"Another great Town Hall in Singapore Raja Rajamannar gave his insights on industry changes and how Mastercard is transforming from a storytelling brand to a story making one. I’m very proud to be working for Mastercard ! #Singapore #Storytelling #masterca…https://t.co/9PZO4uBUYA","display_text_range":[0,279],"entities":{"hashtags":[{"text":"Singapore","indices":[221,231]},{"text":"Storytelling","indices":[232,245]},{"text":"masterca","indices":[246,255]}],"urls":[{"url":"https://t.co/9PZO4uBUYA","expanded_url":"https://lnkd.in/fN63QgH","display_url":"lnkd.in/fN63QgH","indices":[256,279]}],"user_mentions":[],"symbols":[]}},"quote_count":0,"reply_count":0,"retweet_count":0,"favorite_count":0,"entities":{"hashtags":[],"urls":[{"url":"https://t.co/rMnT2kCXCB","expanded_url":"https://twitter.com/i/web/status/1042008407971192833","display_url":"twitter.com/i/web/status/1…","indices":[117,140]}],"user_mentions":[],"symbols":[]},"favorited":false,"retweeted":false,"possibly_sensitive":true,"filter_level":"low","lang":"en","timestamp_ms":"1537269138697"}