{"created_at":"Tue Sep 18 10:58:01 +0000 2018","id":1042004811380678700,"id_str":"1042004811380678657","text":"As we continue to grow alongside Singapore, here’s a look back at the key moments in our past 140 years here. #hsbc… https://t.co/8mUmPU55Jo","display_text_range":[0,140],"source":"<a href=\"https://www.sprinklr.com\" rel=\"nofollow\">Sprinklr</a>","truncated":true,"in_reply_to_status_id":null,"in_reply_to_status_id_str":null,"in_reply_to_user_id":null,"in_reply_to_user_id_str":null,"in_reply_to_screen_name":null,"user":{"id":2734455259,"id_str":"2734455259","name":"HSBC Singapore","screen_name":"HSBC_SG","location":"Singapore","url":"http://www.hsbc.com.sg/twitter","description":"Have a question or interested in insights and offers from HSBC? We’re here to help from 9am - 5pm, Mondays to Fridays, excluding public holidays.","translator_type":"none","protected":false,"verified":true,"followers_count":8199,"friends_count":23,"listed_count":34,"favourites_count":0,"statuses_count":3553,"created_at":"Fri Aug 15 13:18:57 +0000 2014","utc_offset":null,"time_zone":null,"geo_enabled":false,"lang":"en","contributors_enabled":false,"is_translator":false,"profile_background_color":"000000","profile_background_image_url":"http://abs.twimg.com/images/themes/theme1/bg.png","profile_background_image_url_https":"https://abs.twimg.com/images/themes/theme1/bg.png","profile_background_tile":false,"profile_link_color":"EE3124","profile_sidebar_border_color":"000000","profile_sidebar_fill_color":"DDEEF6","profile_text_color":"333333","profile_use_background_image":false,"profile_image_url":"http://pbs.twimg.com/profile_images/880383526520147968/360y4xcg_normal.jpg","profile_image_url_https":"https://pbs.twimg.com/profile_images/880383526520147968/360y4xcg_normal.jpg","profile_banner_url":"https://pbs.twimg.com/profile_banners/2734455259/1517449783","default_profile":false,"default_profile_image":false,"following":null,"follow_request_sent":null,"notifications":null},"geo":null,"coordinates":null,"place":null,"contributors":null,"is_quote_status":false,"extended_tweet":{"full_text":"As we continue to grow alongside Singapore, here’s a look back at the key moments in our past 140 years here. #hsbc #singapore https://t.co/ycL4ap5k8i https://t.co/AQa82KSFOq","display_text_range":[0,150],"entities":{"hashtags":[{"text":"hsbc","indices":[110,115]},{"text":"singapore","indices":[116,126]}],"urls":[{"url":"https://t.co/ycL4ap5k8i","expanded_url":"http://grp.hsbc/6016DF3w6","display_url":"grp.hsbc/6016DF3w6","indices":[127,150]}],"user_mentions":[],"symbols":[],"media":[{"id":1042004809388310500,"id_str":"1042004809388310528","indices":[151,174],"media_url":"http://pbs.twimg.com/media/DnXx2nXWwAAJRXr.jpg","media_url_https":"https://pbs.twimg.com/media/DnXx2nXWwAAJRXr.jpg","url":"https://t.co/AQa82KSFOq","display_url":"pic.twitter.com/AQa82KSFOq","expanded_url":"https://twitter.com/HSBC_SG/status/1042004811380678657/photo/1","type":"photo","sizes":{"thumb":{"w":150,"h":150,"resize":"crop"},"small":{"w":680,"h":359,"resize":"fit"},"large":{"w":1024,"h":540,"resize":"fit"},"medium":{"w":1024,"h":540,"resize":"fit"}}}]},"extended_entities":{"media":[{"id":1042004809388310500,"id_str":"1042004809388310528","indices":[151,174],"media_url":"http://pbs.twimg.com/media/DnXx2nXWwAAJRXr.jpg","media_url_https":"https://pbs.twimg.com/media/DnXx2nXWwAAJRXr.jpg","url":"https://t.co/AQa82KSFOq","display_url":"pic.twitter.com/AQa82KSFOq","expanded_url":"https://twitter.com/HSBC_SG/status/1042004811380678657/photo/1","type":"photo","sizes":{"thumb":{"w":150,"h":150,"resize":"crop"},"small":{"w":680,"h":359,"resize":"fit"},"large":{"w":1024,"h":540,"resize":"fit"},"medium":{"w":1024,"h":540,"resize":"fit"}}}]}},"quote_count":0,"reply_count":0,"retweet_count":0,"favorite_count":0,"entities":{"hashtags":[{"text":"hsbc","indices":[110,115]}],"urls":[{"url":"https://t.co/8mUmPU55Jo","expanded_url":"https://twitter.com/i/web/status/1042004811380678657","display_url":"twitter.com/i/web/status/1…","indices":[117,140]}],"user_mentions":[],"symbols":[]},"favorited":false,"retweeted":false,"possibly_sensitive":false,"filter_level":"low","lang":"en","timestamp_ms":"1537268281203"}