{"created_at":"Tue Sep 18 10:22:24 +0000 2018","id":1041995848387706900,"id_str":"1041995848387706880","text":"A look back at the win!\n#MalaysiaDay #Malaysia #MalaysiaBaru #NewMalaysia #TunM #MahathirMohamad #PakatanHarapan… https://t.co/cIoTiTiEo0","source":"<a href=\"http://twitter.com\" rel=\"nofollow\">Twitter Web Client</a>","truncated":true,"in_reply_to_status_id":null,"in_reply_to_status_id_str":null,"in_reply_to_user_id":null,"in_reply_to_user_id_str":null,"in_reply_to_screen_name":null,"user":{"id":3219572184,"id_str":"3219572184","name":"Irriesse Chia","screen_name":"IrriesseChia","location":"Depends on Vibration","url":"https://irriessechia.wixsite.com/irriessechia","description":"TV/Film/Show Producer, Director, Writer, Published Poet, Songwriter, Spiritual Realizer, Self Developer, Next Transformation Coach, Silver, Gold, Bliss Investor","translator_type":"none","protected":false,"verified":false,"followers_count":392,"friends_count":1077,"listed_count":11,"favourites_count":7652,"statuses_count":1820,"created_at":"Mon May 18 17:40:47 +0000 2015","utc_offset":null,"time_zone":null,"geo_enabled":true,"lang":"en","contributors_enabled":false,"is_translator":false,"profile_background_color":"000000","profile_background_image_url":"http://abs.twimg.com/images/themes/theme1/bg.png","profile_background_image_url_https":"https://abs.twimg.com/images/themes/theme1/bg.png","profile_background_tile":false,"profile_link_color":"DD2E44","profile_sidebar_border_color":"000000","profile_sidebar_fill_color":"000000","profile_text_color":"000000","profile_use_background_image":false,"profile_image_url":"http://pbs.twimg.com/profile_images/600355989150273536/c5ep33EL_normal.jpg","profile_image_url_https":"https://pbs.twimg.com/profile_images/600355989150273536/c5ep33EL_normal.jpg","profile_banner_url":"https://pbs.twimg.com/profile_banners/3219572184/1462891353","default_profile":false,"default_profile_image":false,"following":null,"follow_request_sent":null,"notifications":null},"geo":null,"coordinates":null,"place":null,"contributors":null,"is_quote_status":false,"extended_tweet":{"full_text":"A look back at the win!\n#MalaysiaDay #Malaysia #MalaysiaBaru #NewMalaysia #TunM #MahathirMohamad #PakatanHarapan #GE14  https://t.co/zbdXCEA5aa","display_text_range":[0,143],"entities":{"hashtags":[{"text":"MalaysiaDay","indices":[24,36]},{"text":"Malaysia","indices":[37,46]},{"text":"MalaysiaBaru","indices":[47,60]},{"text":"NewMalaysia","indices":[61,73]},{"text":"TunM","indices":[74,79]},{"text":"MahathirMohamad","indices":[80,96]},{"text":"PakatanHarapan","indices":[97,112]},{"text":"GE14","indices":[113,118]}],"urls":[{"url":"https://t.co/zbdXCEA5aa","expanded_url":"https://www.youtube.com/watch?v=JFbjR6ZbHdQ&feature=youtu.be","display_url":"youtube.com/watch?v=JFbjR6…","indices":[120,143]}],"user_mentions":[],"symbols":[]}},"quote_count":0,"reply_count":0,"retweet_count":0,"favorite_count":0,"entities":{"hashtags":[{"text":"MalaysiaDay","indices":[24,36]},{"text":"Malaysia","indices":[37,46]},{"text":"MalaysiaBaru","indices":[47,60]},{"text":"NewMalaysia","indices":[61,73]},{"text":"TunM","indices":[74,79]},{"text":"MahathirMohamad","indices":[80,96]},{"text":"PakatanHarapan","indices":[97,112]}],"urls":[{"url":"https://t.co/cIoTiTiEo0","expanded_url":"https://twitter.com/i/web/status/1041995848387706880","display_url":"twitter.com/i/web/status/1…","indices":[114,137]}],"user_mentions":[],"symbols":[]},"favorited":false,"retweeted":false,"possibly_sensitive":false,"filter_level":"low","lang":"en","timestamp_ms":"1537266144259"}