{"created_at":"Tue Sep 18 10:58:17 +0000 2018","id":1042004878707503100,"id_str":"1042004878707503104","text":"RT @mitch_young: Join me, our CTO Allan @Leinwand and @ESMNinja at 10am tomorrow morning for the @ServiceNowAsia #NowSummit opening Keynote…","source":"<a href=\"http://twitter.com/download/iphone\" rel=\"nofollow\">Twitter for iPhone</a>","truncated":false,"in_reply_to_status_id":null,"in_reply_to_status_id_str":null,"in_reply_to_user_id":null,"in_reply_to_user_id_str":null,"in_reply_to_screen_name":null,"user":{"id":118883170,"id_str":"118883170","name":"Nathalie Tousignant","screen_name":"Nathalie_SG","location":"Singapore","url":"http://www.servicenow.com","description":"Making ServiceNow Work for You!   Interests: #CreativeDisruption #GreenEconomy #SmartCities #FutureOfWork #DigitalTransformation #MachineLearning #AI","translator_type":"none","protected":false,"verified":false,"followers_count":74,"friends_count":70,"listed_count":6,"favourites_count":373,"statuses_count":1376,"created_at":"Tue Mar 02 00:49:31 +0000 2010","utc_offset":null,"time_zone":null,"geo_enabled":false,"lang":"en","contributors_enabled":false,"is_translator":false,"profile_background_color":"CC0066","profile_background_image_url":"http://abs.twimg.com/images/themes/theme3/bg.gif","profile_background_image_url_https":"https://abs.twimg.com/images/themes/theme3/bg.gif","profile_background_tile":true,"profile_link_color":"0F8161","profile_sidebar_border_color":"FFFFFF","profile_sidebar_fill_color":"FFA81C","profile_text_color":"63001B","profile_use_background_image":true,"profile_image_url":"http://pbs.twimg.com/profile_images/998183980968042496/i-ty4MX2_normal.jpg","profile_image_url_https":"https://pbs.twimg.com/profile_images/998183980968042496/i-ty4MX2_normal.jpg","default_profile":false,"default_profile_image":false,"following":null,"follow_request_sent":null,"notifications":null},"geo":null,"coordinates":null,"place":null,"contributors":null,"retweeted_status":{"created_at":"Tue Sep 18 04:30:02 +0000 2018","id":1041907173478096900,"id_str":"1041907173478096896","text":"Join me, our CTO Allan @Leinwand and @ESMNinja at 10am tomorrow morning for the @ServiceNowAsia #NowSummit opening… https://t.co/tXudMIrD6G","display_text_range":[0,140],"source":"<a href=\"https://buffer.com\" rel=\"nofollow\">Buffer</a>","truncated":true,"in_reply_to_status_id":null,"in_reply_to_status_id_str":null,"in_reply_to_user_id":null,"in_reply_to_user_id_str":null,"in_reply_to_screen_name":null,"user":{"id":76305744,"id_str":"76305744","name":"Mitch Young","screen_name":"mitch_young","location":"Singapore","url":"http://www.servicenow.com","description":"APJ VP&GM at @ServiceNow. Making work, work better for people across #Asia & #Japan. Interests: #Smartcities, #Machinelearning, #AI. #futureofwork. My own views","translator_type":"none","protected":false,"verified":false,"followers_count":192,"friends_count":313,"listed_count":2,"favourites_count":37,"statuses_count":117,"created_at":"Tue Sep 22 11:09:57 +0000 2009","utc_offset":null,"time_zone":null,"geo_enabled":false,"lang":"en","contributors_enabled":false,"is_translator":false,"profile_background_color":"000000","profile_background_image_url":"http://abs.twimg.com/images/themes/theme1/bg.png","profile_background_image_url_https":"https://abs.twimg.com/images/themes/theme1/bg.png","profile_background_tile":false,"profile_link_color":"7FDBB6","profile_sidebar_border_color":"000000","profile_sidebar_fill_color":"000000","profile_text_color":"000000","profile_use_background_image":false,"profile_image_url":"http://pbs.twimg.com/profile_images/1004910556304642048/D7U1G3YH_normal.jpg","profile_image_url_https":"https://pbs.twimg.com/profile_images/1004910556304642048/D7U1G3YH_normal.jpg","profile_banner_url":"https://pbs.twimg.com/profile_banners/76305744/1528424302","default_profile":false,"default_profile_image":false,"following":null,"follow_request_sent":null,"notifications":null},"geo":null,"coordinates":null,"place":null,"contributors":null,"is_quote_status":false,"extended_tweet":{"full_text":"Join me, our CTO Allan @Leinwand and @ESMNinja at 10am tomorrow morning for the @ServiceNowAsia #NowSummit opening Keynotes at @marinabaysands #Singapore. Register here: https://t.co/Hh0YEsn0Ce https://t.co/t5WrqpoUEn","display_text_range":[0,193],"entities":{"hashtags":[{"text":"NowSummit","indices":[96,106]},{"text":"Singapore","indices":[143,153]}],"urls":[{"url":"https://t.co/Hh0YEsn0Ce","expanded_url":"https://buff.ly/2MwGsQ2","display_url":"buff.ly/2MwGsQ2","indices":[170,193]}],"user_mentions":[{"screen_name":"leinwand","name":"Allan Leinwand","id":46190823,"id_str":"46190823","indices":[23,32]},{"screen_name":"ESMNinja","name":"Peter Doherty","id":33786067,"id_str":"33786067","indices":[37,46]},{"screen_name":"ServiceNowAsia","name":"ServiceNow Asia","id":4030301065,"id_str":"4030301065","indices":[80,95]},{"screen_name":"marinabaysands","name":"Marina Bay Sands","id":194035289,"id_str":"194035289","indices":[127,142]}],"symbols":[],"media":[{"id":1041907171439534100,"id_str":"1041907171439534080","indices":[194,217],"media_url":"http://pbs.twimg.com/media/DnWZDVqV4AAuK0e.jpg","media_url_https":"https://pbs.twimg.com/media/DnWZDVqV4AAuK0e.jpg","url":"https://t.co/t5WrqpoUEn","display_url":"pic.twitter.com/t5WrqpoUEn","expanded_url":"https://twitter.com/mitch_young/status/1041907173478096896/photo/1","type":"photo","sizes":{"thumb":{"w":150,"h":150,"resize":"crop"},"medium":{"w":1024,"h":537,"resize":"fit"},"small":{"w":680,"h":357,"resize":"fit"},"large":{"w":1024,"h":537,"resize":"fit"}}}]},"extended_entities":{"media":[{"id":1041907171439534100,"id_str":"1041907171439534080","indices":[194,217],"media_url":"http://pbs.twimg.com/media/DnWZDVqV4AAuK0e.jpg","media_url_https":"https://pbs.twimg.com/media/DnWZDVqV4AAuK0e.jpg","url":"https://t.co/t5WrqpoUEn","display_url":"pic.twitter.com/t5WrqpoUEn","expanded_url":"https://twitter.com/mitch_young/status/1041907173478096896/photo/1","type":"photo","sizes":{"thumb":{"w":150,"h":150,"resize":"crop"},"medium":{"w":1024,"h":537,"resize":"fit"},"small":{"w":680,"h":357,"resize":"fit"},"large":{"w":1024,"h":537,"resize":"fit"}}}]}},"quote_count":1,"reply_count":0,"retweet_count":2,"favorite_count":3,"entities":{"hashtags":[{"text":"NowSummit","indices":[96,106]}],"urls":[{"url":"https://t.co/tXudMIrD6G","expanded_url":"https://twitter.com/i/web/status/1041907173478096896","display_url":"twitter.com/i/web/status/1…","indices":[116,139]}],"user_mentions":[{"screen_name":"leinwand","name":"Allan Leinwand","id":46190823,"id_str":"46190823","indices":[23,32]},{"screen_name":"ESMNinja","name":"Peter Doherty","id":33786067,"id_str":"33786067","indices":[37,46]},{"screen_name":"ServiceNowAsia","name":"ServiceNow Asia","id":4030301065,"id_str":"4030301065","indices":[80,95]}],"symbols":[]},"favorited":false,"retweeted":false,"possibly_sensitive":false,"filter_level":"low","lang":"en"},"is_quote_status":false,"quote_count":0,"reply_count":0,"retweet_count":0,"favorite_count":0,"entities":{"hashtags":[{"text":"NowSummit","indices":[113,123]}],"urls":[],"user_mentions":[{"screen_name":"mitch_young","name":"Mitch Young","id":76305744,"id_str":"76305744","indices":[3,15]},{"screen_name":"leinwand","name":"Allan Leinwand","id":46190823,"id_str":"46190823","indices":[40,49]},{"screen_name":"ESMNinja","name":"Peter Doherty","id":33786067,"id_str":"33786067","indices":[54,63]},{"screen_name":"ServiceNowAsia","name":"ServiceNow Asia","id":4030301065,"id_str":"4030301065","indices":[97,112]}],"symbols":[]},"favorited":false,"retweeted":false,"filter_level":"low","lang":"en","timestamp_ms":"1537268297255"}