{"created_at":"Tue Sep 18 11:19:58 +0000 2018","id":1042010336193404900,"id_str":"1042010336193404929","text":"RT @KellyHu: Can’t thank this guy enough for making this #Formula1 weekend the most amazing experience ever!  Thank you, thank you, thank y…","source":"<a href=\"http://twitter.com/download/android\" rel=\"nofollow\">Twitter for Android</a>","truncated":false,"in_reply_to_status_id":null,"in_reply_to_status_id_str":null,"in_reply_to_user_id":null,"in_reply_to_user_id_str":null,"in_reply_to_screen_name":null,"user":{"id":494939584,"id_str":"494939584","name":"Abdullah Khan 😎 📺","screen_name":"MammaMiaNotter","location":"United Kingdom","url":null,"description":"Just a fan and sometimes writes jokes. Great at math and bio and computer skills average. Big lover of @Marvel @DCcomics @Playstation and Pop Culture.","translator_type":"none","protected":false,"verified":false,"followers_count":661,"friends_count":1210,"listed_count":15,"favourites_count":119717,"statuses_count":92818,"created_at":"Fri Feb 17 12:28:06 +0000 2012","utc_offset":null,"time_zone":null,"geo_enabled":false,"lang":"en","contributors_enabled":false,"is_translator":false,"profile_background_color":"000000","profile_background_image_url":"http://abs.twimg.com/images/themes/theme1/bg.png","profile_background_image_url_https":"https://abs.twimg.com/images/themes/theme1/bg.png","profile_background_tile":false,"profile_link_color":"E81C4F","profile_sidebar_border_color":"000000","profile_sidebar_fill_color":"000000","profile_text_color":"000000","profile_use_background_image":false,"profile_image_url":"http://pbs.twimg.com/profile_images/948710200852320257/PnCLyzjo_normal.jpg","profile_image_url_https":"https://pbs.twimg.com/profile_images/948710200852320257/PnCLyzjo_normal.jpg","profile_banner_url":"https://pbs.twimg.com/profile_banners/494939584/1537131519","default_profile":false,"default_profile_image":false,"following":null,"follow_request_sent":null,"notifications":null},"geo":null,"coordinates":null,"place":null,"contributors":null,"retweeted_status":{"created_at":"Tue Sep 18 01:24:40 +0000 2018","id":1041860524625887200,"id_str":"1041860524625887232","text":"Can’t thank this guy enough for making this #Formula1 weekend the most amazing experience ever!  Thank you, thank y… https://t.co/WQwGldg8o2","display_text_range":[0,140],"source":"<a href=\"http://twitter.com/download/iphone\" rel=\"nofollow\">Twitter for iPhone</a>","truncated":true,"in_reply_to_status_id":null,"in_reply_to_status_id_str":null,"in_reply_to_user_id":null,"in_reply_to_user_id_str":null,"in_reply_to_screen_name":null,"user":{"id":51649635,"id_str":"51649635","name":"Kelly Hu","screen_name":"KellyHu","location":"Los Angeles","url":null,"description":"Mutant, sorceress, vampire, demon and sometimes human.","translator_type":"none","protected":false,"verified":true,"followers_count":46612,"friends_count":221,"listed_count":994,"favourites_count":20719,"statuses_count":6389,"created_at":"Sun Jun 28 04:26:30 +0000 2009","utc_offset":null,"time_zone":null,"geo_enabled":true,"lang":"en","contributors_enabled":false,"is_translator":false,"profile_background_color":"131516","profile_background_image_url":"http://abs.twimg.com/images/themes/theme14/bg.gif","profile_background_image_url_https":"https://abs.twimg.com/images/themes/theme14/bg.gif","profile_background_tile":true,"profile_link_color":"5E0E15","profile_sidebar_border_color":"FFFFFF","profile_sidebar_fill_color":"E6B098","profile_text_color":"1F1409","profile_use_background_image":true,"profile_image_url":"http://pbs.twimg.com/profile_images/927800014377586689/swxAS0Dc_normal.jpg","profile_image_url_https":"https://pbs.twimg.com/profile_images/927800014377586689/swxAS0Dc_normal.jpg","profile_banner_url":"https://pbs.twimg.com/profile_banners/51649635/1510039556","default_profile":false,"default_profile_image":false,"following":null,"follow_request_sent":null,"notifications":null},"geo":null,"coordinates":null,"place":{"id":"6635b2fcebd13c64","url":"https://api.twitter.com/1.1/geo/id/6635b2fcebd13c64.json","place_type":"admin","name":"East Region","full_name":"East Region, Singapore","country_code":"SG","country":"Singapore","bounding_box":{"type":"Polygon","coordinates":[[[103.89217,1.301577],[103.89217,1.440937],[104.085567,1.440937],[104.085567,1.301577]]]},"attributes":{}},"contributors":null,"is_quote_status":false,"extended_tweet":{"full_text":"Can’t thank this guy enough for making this #Formula1 weekend the most amazing experience ever!  Thank you, thank you, thank you @jtotheyap for your incredible hospitality!!!  Love you sooo much!!\n#singapore https://t.co/I9Luod0NCY","display_text_range":[0,207],"entities":{"hashtags":[{"text":"Formula1","indices":[44,53]},{"text":"singapore","indices":[197,207]}],"urls":[],"user_mentions":[],"symbols":[],"media":[{"id":1041860471664472000,"id_str":"1041860471664472064","indices":[208,231],"media_url":"http://pbs.twimg.com/media/DnVulDcU8AApvgZ.jpg","media_url_https":"https://pbs.twimg.com/media/DnVulDcU8AApvgZ.jpg","url":"https://t.co/I9Luod0NCY","display_url":"pic.twitter.com/I9Luod0NCY","expanded_url":"https://twitter.com/KellyHu/status/1041860524625887232/photo/1","type":"photo","sizes":{"thumb":{"w":150,"h":150,"resize":"crop"},"medium":{"w":1024,"h":884,"resize":"fit"},"large":{"w":1024,"h":884,"resize":"fit"},"small":{"w":680,"h":587,"resize":"fit"}}}]},"extended_entities":{"media":[{"id":1041860471664472000,"id_str":"1041860471664472064","indices":[208,231],"media_url":"http://pbs.twimg.com/media/DnVulDcU8AApvgZ.jpg","media_url_https":"https://pbs.twimg.com/media/DnVulDcU8AApvgZ.jpg","url":"https://t.co/I9Luod0NCY","display_url":"pic.twitter.com/I9Luod0NCY","expanded_url":"https://twitter.com/KellyHu/status/1041860524625887232/photo/1","type":"photo","sizes":{"thumb":{"w":150,"h":150,"resize":"crop"},"medium":{"w":1024,"h":884,"resize":"fit"},"large":{"w":1024,"h":884,"resize":"fit"},"small":{"w":680,"h":587,"resize":"fit"}}}]}},"quote_count":0,"reply_count":9,"retweet_count":4,"favorite_count":84,"entities":{"hashtags":[{"text":"Formula1","indices":[44,53]}],"urls":[{"url":"https://t.co/WQwGldg8o2","expanded_url":"https://twitter.com/i/web/status/1041860524625887232","display_url":"twitter.com/i/web/status/1…","indices":[117,140]}],"user_mentions":[],"symbols":[]},"favorited":false,"retweeted":false,"possibly_sensitive":false,"filter_level":"low","lang":"en"},"is_quote_status":false,"quote_count":0,"reply_count":0,"retweet_count":0,"favorite_count":0,"entities":{"hashtags":[{"text":"Formula1","indices":[57,66]}],"urls":[],"user_mentions":[{"screen_name":"KellyHu","name":"Kelly Hu","id":51649635,"id_str":"51649635","indices":[3,11]}],"symbols":[]},"favorited":false,"retweeted":false,"filter_level":"low","lang":"en","timestamp_ms":"1537269598421"}