{"created_at":"Tue Sep 18 10:22:44 +0000 2018","id":1041995931401564200,"id_str":"1041995931401564160","text":"https://t.co/JAsLwHWFST  Offer New Technology &amp; Business Solutions Under Your Own Brand An Affordable Cost Of  $189… https://t.co/X1o9w8ZiWf","display_text_range":[0,140],"source":"<a href=\"https://www.hootsuite.com\" rel=\"nofollow\">Hootsuite Inc.</a>","truncated":true,"in_reply_to_status_id":null,"in_reply_to_status_id_str":null,"in_reply_to_user_id":null,"in_reply_to_user_id_str":null,"in_reply_to_screen_name":null,"user":{"id":898124517620424700,"id_str":"898124517620424704","name":"FxWhiteLabel.net","screen_name":"fxwhitelabelnet","location":"Dubai, United Arab Emirates","url":"http://www.fxwhitelabel.net","description":"Get your MT4 White Label at best Setup & Monthly Cost","translator_type":"none","protected":false,"verified":false,"followers_count":1,"friends_count":39,"listed_count":0,"favourites_count":0,"statuses_count":19,"created_at":"Thu Aug 17 10:09:06 +0000 2017","utc_offset":null,"time_zone":null,"geo_enabled":false,"lang":"en","contributors_enabled":false,"is_translator":false,"profile_background_color":"F5F8FA","profile_background_image_url":"","profile_background_image_url_https":"","profile_background_tile":false,"profile_link_color":"1DA1F2","profile_sidebar_border_color":"C0DEED","profile_sidebar_fill_color":"DDEEF6","profile_text_color":"333333","profile_use_background_image":true,"profile_image_url":"http://pbs.twimg.com/profile_images/898126997229981696/U3j8W10Y_normal.jpg","profile_image_url_https":"https://pbs.twimg.com/profile_images/898126997229981696/U3j8W10Y_normal.jpg","profile_banner_url":"https://pbs.twimg.com/profile_banners/898124517620424704/1502965076","default_profile":true,"default_profile_image":false,"following":null,"follow_request_sent":null,"notifications":null},"geo":null,"coordinates":null,"place":null,"contributors":null,"is_quote_status":false,"extended_tweet":{"full_text":"https://t.co/JAsLwHWFST  Offer New Technology &amp; Business Solutions Under Your Own Brand An Affordable Cost Of  $1899/Month. To know more about our services read  #blog- https://t.co/UiSPUENfSg\n#Forexbrokerage\n#fxwhitelabel\n#MT4\n#MT5\n#services\n#Singapore\n#UAE\n#UK\n#USA \n#prixim https://t.co/CSJelJwey3","display_text_range":[0,280],"entities":{"hashtags":[{"text":"blog","indices":[166,171]},{"text":"Forexbrokerage","indices":[197,212]},{"text":"fxwhitelabel","indices":[213,226]},{"text":"MT4","indices":[227,231]},{"text":"MT5","indices":[232,236]},{"text":"services","indices":[237,246]},{"text":"Singapore","indices":[247,257]},{"text":"UAE","indices":[258,262]},{"text":"UK","indices":[263,266]},{"text":"USA","indices":[267,271]},{"text":"prixim","indices":[273,280]}],"urls":[{"url":"https://t.co/JAsLwHWFST","expanded_url":"http://fxwhitelabel.net","display_url":"fxwhitelabel.net","indices":[0,23]},{"url":"https://t.co/UiSPUENfSg","expanded_url":"http://ow.ly/GuQO30lREI0","display_url":"ow.ly/GuQO30lREI0","indices":[173,196]}],"user_mentions":[],"symbols":[],"media":[{"id":1041995929690107900,"id_str":"1041995929690107906","indices":[281,304],"media_url":"http://pbs.twimg.com/media/DnXpxv6U8AIPHJB.jpg","media_url_https":"https://pbs.twimg.com/media/DnXpxv6U8AIPHJB.jpg","url":"https://t.co/CSJelJwey3","display_url":"pic.twitter.com/CSJelJwey3","expanded_url":"https://twitter.com/fxwhitelabelnet/status/1041995931401564160/photo/1","type":"photo","sizes":{"thumb":{"w":150,"h":150,"resize":"crop"},"small":{"w":680,"h":323,"resize":"fit"},"medium":{"w":991,"h":470,"resize":"fit"},"large":{"w":991,"h":470,"resize":"fit"}}}]},"extended_entities":{"media":[{"id":1041995929690107900,"id_str":"1041995929690107906","indices":[281,304],"media_url":"http://pbs.twimg.com/media/DnXpxv6U8AIPHJB.jpg","media_url_https":"https://pbs.twimg.com/media/DnXpxv6U8AIPHJB.jpg","url":"https://t.co/CSJelJwey3","display_url":"pic.twitter.com/CSJelJwey3","expanded_url":"https://twitter.com/fxwhitelabelnet/status/1041995931401564160/photo/1","type":"photo","sizes":{"thumb":{"w":150,"h":150,"resize":"crop"},"small":{"w":680,"h":323,"resize":"fit"},"medium":{"w":991,"h":470,"resize":"fit"},"large":{"w":991,"h":470,"resize":"fit"}}}]}},"quote_count":0,"reply_count":0,"retweet_count":0,"favorite_count":0,"entities":{"hashtags":[],"urls":[{"url":"https://t.co/JAsLwHWFST","expanded_url":"http://fxwhitelabel.net","display_url":"fxwhitelabel.net","indices":[0,23]},{"url":"https://t.co/X1o9w8ZiWf","expanded_url":"https://twitter.com/i/web/status/1041995931401564160","display_url":"twitter.com/i/web/status/1…","indices":[121,144]}],"user_mentions":[],"symbols":[]},"favorited":false,"retweeted":false,"possibly_sensitive":false,"filter_level":"low","lang":"en","timestamp_ms":"1537266164051"}