{"created_at":"Tue Sep 18 10:15:37 +0000 2018","id":1041994140949434400,"id_str":"1041994140949434368","text":"New Arrival -&gt; https://t.co/UhxH8Pe54i &lt;-\n\n#sex727 #new #newarrival #singapore #sg #escort #65escort #sgescort https://t.co/2EwWCAuYMH","display_text_range":[0,116],"source":"<a href=\"http://twitter.com\" rel=\"nofollow\">Twitter Web Client</a>","truncated":false,"in_reply_to_status_id":null,"in_reply_to_status_id_str":null,"in_reply_to_user_id":null,"in_reply_to_user_id_str":null,"in_reply_to_screen_name":null,"user":{"id":881775190207676400,"id_str":"881775190207676416","name":"SingaporeEscorts","screen_name":"Sex727sg_Escort","location":"Singapore","url":"http://sex727a.com","description":"Singapore Largest And Longest Running Escorts Website","translator_type":"none","protected":false,"verified":false,"followers_count":1428,"friends_count":22,"listed_count":3,"favourites_count":29,"statuses_count":881,"created_at":"Mon Jul 03 07:22:42 +0000 2017","utc_offset":null,"time_zone":null,"geo_enabled":false,"lang":"en","contributors_enabled":false,"is_translator":false,"profile_background_color":"000000","profile_background_image_url":"http://abs.twimg.com/images/themes/theme1/bg.png","profile_background_image_url_https":"https://abs.twimg.com/images/themes/theme1/bg.png","profile_background_tile":false,"profile_link_color":"F58EA8","profile_sidebar_border_color":"000000","profile_sidebar_fill_color":"000000","profile_text_color":"000000","profile_use_background_image":false,"profile_image_url":"http://pbs.twimg.com/profile_images/989530308792872960/ZES5HJGI_normal.jpg","profile_image_url_https":"https://pbs.twimg.com/profile_images/989530308792872960/ZES5HJGI_normal.jpg","profile_banner_url":"https://pbs.twimg.com/profile_banners/881775190207676416/1499067707","default_profile":false,"default_profile_image":false,"following":null,"follow_request_sent":null,"notifications":null},"geo":null,"coordinates":null,"place":null,"contributors":null,"is_quote_status":false,"quote_count":0,"reply_count":0,"retweet_count":0,"favorite_count":0,"entities":{"hashtags":[{"text":"sex727","indices":[49,56]},{"text":"new","indices":[57,61]},{"text":"newarrival","indices":[62,73]},{"text":"singapore","indices":[74,84]},{"text":"sg","indices":[85,88]},{"text":"escort","indices":[89,96]},{"text":"65escort","indices":[97,106]},{"text":"sgescort","indices":[107,116]}],"urls":[{"url":"https://t.co/UhxH8Pe54i","expanded_url":"https://sex727a.com/luxi_515.php","display_url":"sex727a.com/luxi_515.php","indices":[18,41]}],"user_mentions":[],"symbols":[],"media":[{"id":1041994030056333300,"id_str":"1041994030056333312","indices":[117,140],"media_url":"http://pbs.twimg.com/media/DnXoDLOV4AA8W0s.jpg","media_url_https":"https://pbs.twimg.com/media/DnXoDLOV4AA8W0s.jpg","url":"https://t.co/2EwWCAuYMH","display_url":"pic.twitter.com/2EwWCAuYMH","expanded_url":"https://twitter.com/Sex727sg_Escort/status/1041994140949434368/photo/1","type":"photo","sizes":{"thumb":{"w":150,"h":150,"resize":"crop"},"medium":{"w":650,"h":868,"resize":"fit"},"small":{"w":509,"h":680,"resize":"fit"},"large":{"w":650,"h":868,"resize":"fit"}}}]},"extended_entities":{"media":[{"id":1041994030056333300,"id_str":"1041994030056333312","indices":[117,140],"media_url":"http://pbs.twimg.com/media/DnXoDLOV4AA8W0s.jpg","media_url_https":"https://pbs.twimg.com/media/DnXoDLOV4AA8W0s.jpg","url":"https://t.co/2EwWCAuYMH","display_url":"pic.twitter.com/2EwWCAuYMH","expanded_url":"https://twitter.com/Sex727sg_Escort/status/1041994140949434368/photo/1","type":"photo","sizes":{"thumb":{"w":150,"h":150,"resize":"crop"},"medium":{"w":650,"h":868,"resize":"fit"},"small":{"w":509,"h":680,"resize":"fit"},"large":{"w":650,"h":868,"resize":"fit"}}},{"id":1041994030052016100,"id_str":"1041994030052016128","indices":[117,140],"media_url":"http://pbs.twimg.com/media/DnXoDLNUAAAeWix.jpg","media_url_https":"https://pbs.twimg.com/media/DnXoDLNUAAAeWix.jpg","url":"https://t.co/2EwWCAuYMH","display_url":"pic.twitter.com/2EwWCAuYMH","expanded_url":"https://twitter.com/Sex727sg_Escort/status/1041994140949434368/photo/1","type":"photo","sizes":{"medium":{"w":650,"h":868,"resize":"fit"},"large":{"w":650,"h":868,"resize":"fit"},"thumb":{"w":150,"h":150,"resize":"crop"},"small":{"w":509,"h":680,"resize":"fit"}}},{"id":1041994030064709600,"id_str":"1041994030064709632","indices":[117,140],"media_url":"http://pbs.twimg.com/media/DnXoDLQVsAAyFV2.jpg","media_url_https":"https://pbs.twimg.com/media/DnXoDLQVsAAyFV2.jpg","url":"https://t.co/2EwWCAuYMH","display_url":"pic.twitter.com/2EwWCAuYMH","expanded_url":"https://twitter.com/Sex727sg_Escort/status/1041994140949434368/photo/1","type":"photo","sizes":{"medium":{"w":650,"h":868,"resize":"fit"},"large":{"w":650,"h":868,"resize":"fit"},"thumb":{"w":150,"h":150,"resize":"crop"},"small":{"w":509,"h":680,"resize":"fit"}}},{"id":1041994134439977000,"id_str":"1041994134439976960","indices":[117,140],"media_url":"http://pbs.twimg.com/media/DnXoJQFV4AAY01h.jpg","media_url_https":"https://pbs.twimg.com/media/DnXoJQFV4AAY01h.jpg","url":"https://t.co/2EwWCAuYMH","display_url":"pic.twitter.com/2EwWCAuYMH","expanded_url":"https://twitter.com/Sex727sg_Escort/status/1041994140949434368/photo/1","type":"photo","sizes":{"thumb":{"w":150,"h":150,"resize":"crop"},"small":{"w":508,"h":341,"resize":"fit"},"medium":{"w":508,"h":341,"resize":"fit"},"large":{"w":508,"h":341,"resize":"fit"}}}]},"favorited":false,"retweeted":false,"possibly_sensitive":false,"filter_level":"low","lang":"en","timestamp_ms":"1537265737174"}