{"created_at":"Tue Sep 18 10:44:17 +0000 2018","id":1042001356821811200,"id_str":"1042001356821811200","text":"RT @JonnyVoon: First step towards a #eurekamoment between #Singapore and the #UK. All thanks to @ipisg, @innovateuk &amp; @EEN_UK #eureka #GBIP…","source":"<a href=\"http://twitter.com/download/iphone\" rel=\"nofollow\">Twitter for iPhone</a>","truncated":false,"in_reply_to_status_id":null,"in_reply_to_status_id_str":null,"in_reply_to_user_id":null,"in_reply_to_user_id_str":null,"in_reply_to_screen_name":null,"user":{"id":2841900683,"id_str":"2841900683","name":"Ben Morley","screen_name":"BSMorley","location":"Bristol UK","url":null,"description":"Asia-Pacific Lead at @Innovateuk Ex-Beijinger 🇨🇳. Evening economist @Birkbeck.   Tweeting about Asia, economics & innovation. All views are personal.","translator_type":"none","protected":false,"verified":false,"followers_count":130,"friends_count":149,"listed_count":11,"favourites_count":91,"statuses_count":382,"created_at":"Thu Oct 23 13:24:18 +0000 2014","utc_offset":null,"time_zone":null,"geo_enabled":false,"lang":"en","contributors_enabled":false,"is_translator":false,"profile_background_color":"C0DEED","profile_background_image_url":"http://abs.twimg.com/images/themes/theme1/bg.png","profile_background_image_url_https":"https://abs.twimg.com/images/themes/theme1/bg.png","profile_background_tile":false,"profile_link_color":"1DA1F2","profile_sidebar_border_color":"C0DEED","profile_sidebar_fill_color":"DDEEF6","profile_text_color":"333333","profile_use_background_image":true,"profile_image_url":"http://pbs.twimg.com/profile_images/656773787371876352/Uf2tltmX_normal.jpg","profile_image_url_https":"https://pbs.twimg.com/profile_images/656773787371876352/Uf2tltmX_normal.jpg","default_profile":true,"default_profile_image":false,"following":null,"follow_request_sent":null,"notifications":null},"geo":null,"coordinates":null,"place":null,"contributors":null,"retweeted_status":{"created_at":"Tue Sep 18 01:41:05 +0000 2018","id":1041864654681649200,"id_str":"1041864654681649152","text":"First step towards a #eurekamoment between #Singapore and the #UK. All thanks to @ipisg, @innovateuk &amp; @EEN_UK… https://t.co/ivti0ueH2j","display_text_range":[0,140],"source":"<a href=\"http://twitter.com/download/iphone\" rel=\"nofollow\">Twitter for iPhone</a>","truncated":true,"in_reply_to_status_id":null,"in_reply_to_status_id_str":null,"in_reply_to_user_id":null,"in_reply_to_user_id_str":null,"in_reply_to_screen_name":null,"user":{"id":385914219,"id_str":"385914219","name":"Jonny Voon","screen_name":"JonnyVoon","location":"London","url":"http://www.innovateuk.gov.uk","description":"Innovation Lead for IoT and Distributed Ledger @ Innovate UK. Digital innovation leadership. All views are my own.","translator_type":"none","protected":false,"verified":false,"followers_count":1129,"friends_count":173,"listed_count":110,"favourites_count":70,"statuses_count":1281,"created_at":"Thu Oct 06 10:53:20 +0000 2011","utc_offset":null,"time_zone":null,"geo_enabled":true,"lang":"en","contributors_enabled":false,"is_translator":false,"profile_background_color":"C0DEED","profile_background_image_url":"http://abs.twimg.com/images/themes/theme1/bg.png","profile_background_image_url_https":"https://abs.twimg.com/images/themes/theme1/bg.png","profile_background_tile":false,"profile_link_color":"1DA1F2","profile_sidebar_border_color":"C0DEED","profile_sidebar_fill_color":"DDEEF6","profile_text_color":"333333","profile_use_background_image":true,"profile_image_url":"http://pbs.twimg.com/profile_images/582940372256628736/Egai7wHJ_normal.jpg","profile_image_url_https":"https://pbs.twimg.com/profile_images/582940372256628736/Egai7wHJ_normal.jpg","profile_banner_url":"https://pbs.twimg.com/profile_banners/385914219/1428399536","default_profile":true,"default_profile_image":false,"following":null,"follow_request_sent":null,"notifications":null},"geo":null,"coordinates":null,"place":{"id":"58a4c3a0d54e1400","url":"https://api.twitter.com/1.1/geo/id/58a4c3a0d54e1400.json","place_type":"admin","name":"Central Region","full_name":"Central Region, Singapore","country_code":"SG","country":"Singapore","bounding_box":{"type":"Polygon","coordinates":[[[103.74996,1.212314],[103.74996,1.368745],[103.918427,1.368745],[103.918427,1.212314]]]},"attributes":{}},"contributors":null,"is_quote_status":false,"extended_tweet":{"full_text":"First step towards a #eurekamoment between #Singapore and the #UK. All thanks to @ipisg, @innovateuk &amp; @EEN_UK #eureka #GBIPSingapore https://t.co/0arjzoZF6P","display_text_range":[0,137],"entities":{"hashtags":[{"text":"eurekamoment","indices":[21,34]},{"text":"Singapore","indices":[43,53]},{"text":"UK","indices":[62,65]},{"text":"eureka","indices":[115,122]},{"text":"GBIPSingapore","indices":[123,137]}],"urls":[],"user_mentions":[{"screen_name":"ipisg","name":"IPI Singapore","id":2697168986,"id_str":"2697168986","indices":[81,87]},{"screen_name":"innovateuk","name":"Innovate UK","id":66998204,"id_str":"66998204","indices":[89,100]},{"screen_name":"EEN_UK","name":"EEN in the UK","id":3026706274,"id_str":"3026706274","indices":[107,114]}],"symbols":[],"media":[{"id":1041864582883491800,"id_str":"1041864582883491840","indices":[138,161],"media_url":"http://pbs.twimg.com/media/DnVyUW7UwAA9C_Q.jpg","media_url_https":"https://pbs.twimg.com/media/DnVyUW7UwAA9C_Q.jpg","url":"https://t.co/0arjzoZF6P","display_url":"pic.twitter.com/0arjzoZF6P","expanded_url":"https://twitter.com/JonnyVoon/status/1041864654681649152/photo/1","type":"photo","sizes":{"thumb":{"w":150,"h":150,"resize":"crop"},"small":{"w":680,"h":510,"resize":"fit"},"large":{"w":1600,"h":1200,"resize":"fit"},"medium":{"w":1200,"h":900,"resize":"fit"}}}]},"extended_entities":{"media":[{"id":1041864582883491800,"id_str":"1041864582883491840","indices":[138,161],"media_url":"http://pbs.twimg.com/media/DnVyUW7UwAA9C_Q.jpg","media_url_https":"https://pbs.twimg.com/media/DnVyUW7UwAA9C_Q.jpg","url":"https://t.co/0arjzoZF6P","display_url":"pic.twitter.com/0arjzoZF6P","expanded_url":"https://twitter.com/JonnyVoon/status/1041864654681649152/photo/1","type":"photo","sizes":{"thumb":{"w":150,"h":150,"resize":"crop"},"small":{"w":680,"h":510,"resize":"fit"},"large":{"w":1600,"h":1200,"resize":"fit"},"medium":{"w":1200,"h":900,"resize":"fit"}}}]}},"quote_count":1,"reply_count":0,"retweet_count":7,"favorite_count":9,"entities":{"hashtags":[{"text":"eurekamoment","indices":[21,34]},{"text":"Singapore","indices":[43,53]},{"text":"UK","indices":[62,65]}],"urls":[{"url":"https://t.co/ivti0ueH2j","expanded_url":"https://twitter.com/i/web/status/1041864654681649152","display_url":"twitter.com/i/web/status/1…","indices":[116,139]}],"user_mentions":[{"screen_name":"ipisg","name":"IPI Singapore","id":2697168986,"id_str":"2697168986","indices":[81,87]},{"screen_name":"innovateuk","name":"Innovate UK","id":66998204,"id_str":"66998204","indices":[89,100]},{"screen_name":"EEN_UK","name":"EEN in the UK","id":3026706274,"id_str":"3026706274","indices":[107,114]}],"symbols":[]},"favorited":false,"retweeted":false,"possibly_sensitive":false,"filter_level":"low","lang":"en"},"is_quote_status":false,"quote_count":0,"reply_count":0,"retweet_count":0,"favorite_count":0,"entities":{"hashtags":[{"text":"eurekamoment","indices":[36,49]},{"text":"Singapore","indices":[58,68]},{"text":"UK","indices":[77,80]},{"text":"eureka","indices":[130,137]}],"urls":[],"user_mentions":[{"screen_name":"JonnyVoon","name":"Jonny Voon","id":385914219,"id_str":"385914219","indices":[3,13]},{"screen_name":"ipisg","name":"IPI Singapore","id":2697168986,"id_str":"2697168986","indices":[96,102]},{"screen_name":"innovateuk","name":"Innovate UK","id":66998204,"id_str":"66998204","indices":[104,115]},{"screen_name":"EEN_UK","name":"EEN in the UK","id":3026706274,"id_str":"3026706274","indices":[122,129]}],"symbols":[]},"favorited":false,"retweeted":false,"filter_level":"low","lang":"en","timestamp_ms":"1537267457572"}