{"created_at":"Tue Sep 18 11:12:54 +0000 2018","id":1042008557506445300,"id_str":"1042008557506445312","text":"#ieatthistoday #singapore #singaporetrip @ 鼎泰丰 @ Paragon https://t.co/c0IMctiLFX","source":"<a href=\"http://instagram.com\" rel=\"nofollow\">Instagram</a>","truncated":false,"in_reply_to_status_id":null,"in_reply_to_status_id_str":null,"in_reply_to_user_id":null,"in_reply_to_user_id_str":null,"in_reply_to_screen_name":null,"user":{"id":3302856216,"id_str":"3302856216","name":"Jason Wong","screen_name":"badmanwong","location":"Hong Kong","url":null,"description":null,"translator_type":"none","protected":false,"verified":false,"followers_count":70,"friends_count":242,"listed_count":0,"favourites_count":1741,"statuses_count":1242,"created_at":"Sat Aug 01 01:52:07 +0000 2015","utc_offset":null,"time_zone":null,"geo_enabled":false,"lang":"en","contributors_enabled":false,"is_translator":false,"profile_background_color":"C0DEED","profile_background_image_url":"http://abs.twimg.com/images/themes/theme1/bg.png","profile_background_image_url_https":"https://abs.twimg.com/images/themes/theme1/bg.png","profile_background_tile":false,"profile_link_color":"1DA1F2","profile_sidebar_border_color":"C0DEED","profile_sidebar_fill_color":"DDEEF6","profile_text_color":"333333","profile_use_background_image":true,"profile_image_url":"http://pbs.twimg.com/profile_images/641874425512529920/iBBuAJkE_normal.jpg","profile_image_url_https":"https://pbs.twimg.com/profile_images/641874425512529920/iBBuAJkE_normal.jpg","default_profile":true,"default_profile_image":false,"following":null,"follow_request_sent":null,"notifications":null},"geo":null,"coordinates":null,"place":null,"contributors":null,"is_quote_status":false,"quote_count":0,"reply_count":0,"retweet_count":0,"favorite_count":0,"entities":{"hashtags":[{"text":"ieatthistoday","indices":[0,14]},{"text":"singapore","indices":[15,25]},{"text":"singaporetrip","indices":[26,40]}],"urls":[{"url":"https://t.co/c0IMctiLFX","expanded_url":"https://www.instagram.com/p/Bn3YfLBBAGZ/?utm_source=ig_twitter_share&igshid=r8gb3mg54614","display_url":"instagram.com/p/Bn3YfLBBAGZ/…","indices":[57,80]}],"user_mentions":[],"symbols":[]},"favorited":false,"retweeted":false,"possibly_sensitive":false,"filter_level":"low","lang":"ja","timestamp_ms":"1537269174349"}