{"created_at":"Tue Sep 18 10:30:00 +0000 2018","id":1041997761552494600,"id_str":"1041997761552494593","text":"AirAsia sets up childcare centre at Sepang HQ\n#AGTommyThomas\n#iOS 12\n#Lullaby\n#BillionDollarWhale\n#Read4Pixels… https://t.co/0pVH6N6rML","display_text_range":[0,140],"source":"<a href=\"https://about.twitter.com/products/tweetdeck\" rel=\"nofollow\">TweetDeck</a>","truncated":true,"in_reply_to_status_id":null,"in_reply_to_status_id_str":null,"in_reply_to_user_id":null,"in_reply_to_user_id_str":null,"in_reply_to_screen_name":null,"user":{"id":984701718569959400,"id_str":"984701718569959425","name":"Alif Haziq 🇲🇾 📰","screen_name":"alif_haziq79","location":null,"url":null,"description":null,"translator_type":"none","protected":false,"verified":false,"followers_count":59,"friends_count":428,"listed_count":0,"favourites_count":113,"statuses_count":486,"created_at":"Fri Apr 13 07:55:59 +0000 2018","utc_offset":null,"time_zone":null,"geo_enabled":false,"lang":"en","contributors_enabled":false,"is_translator":false,"profile_background_color":"F5F8FA","profile_background_image_url":"","profile_background_image_url_https":"","profile_background_tile":false,"profile_link_color":"1DA1F2","profile_sidebar_border_color":"C0DEED","profile_sidebar_fill_color":"DDEEF6","profile_text_color":"333333","profile_use_background_image":true,"profile_image_url":"http://pbs.twimg.com/profile_images/997059487734231040/JaxTedIw_normal.jpg","profile_image_url_https":"https://pbs.twimg.com/profile_images/997059487734231040/JaxTedIw_normal.jpg","profile_banner_url":"https://pbs.twimg.com/profile_banners/984701718569959425/1526552724","default_profile":true,"default_profile_image":false,"following":null,"follow_request_sent":null,"notifications":null},"geo":null,"coordinates":null,"place":null,"contributors":null,"is_quote_status":false,"extended_tweet":{"full_text":"AirAsia sets up childcare centre at Sepang HQ\n#AGTommyThomas\n#iOS 12\n#Lullaby\n#BillionDollarWhale\n#Read4Pixels\n#AnwarIbrahim\n#Asia\n#KualaLumpur\n#Sabah\n#MalaysiaDay \n#malaynews https://t.co/VtZagVZG8b","display_text_range":[0,175],"entities":{"hashtags":[{"text":"AGTommyThomas","indices":[46,60]},{"text":"iOS","indices":[61,65]},{"text":"Lullaby","indices":[69,77]},{"text":"BillionDollarWhale","indices":[78,97]},{"text":"Read4Pixels","indices":[98,110]},{"text":"AnwarIbrahim","indices":[111,124]},{"text":"Asia","indices":[125,130]},{"text":"KualaLumpur","indices":[131,143]},{"text":"Sabah","indices":[144,150]},{"text":"MalaysiaDay","indices":[151,163]},{"text":"malaynews","indices":[165,175]}],"urls":[],"user_mentions":[],"symbols":[],"media":[{"id":1041984482000031700,"id_str":"1041984482000031744","indices":[176,199],"media_url":"http://pbs.twimg.com/media/DnXfXZ8U0AA-xlj.jpg","media_url_https":"https://pbs.twimg.com/media/DnXfXZ8U0AA-xlj.jpg","url":"https://t.co/VtZagVZG8b","display_url":"pic.twitter.com/VtZagVZG8b","expanded_url":"https://twitter.com/alif_haziq79/status/1041997761552494593/photo/1","type":"photo","sizes":{"medium":{"w":620,"h":413,"resize":"fit"},"large":{"w":620,"h":413,"resize":"fit"},"thumb":{"w":150,"h":150,"resize":"crop"},"small":{"w":620,"h":413,"resize":"fit"}}}]},"extended_entities":{"media":[{"id":1041984482000031700,"id_str":"1041984482000031744","indices":[176,199],"media_url":"http://pbs.twimg.com/media/DnXfXZ8U0AA-xlj.jpg","media_url_https":"https://pbs.twimg.com/media/DnXfXZ8U0AA-xlj.jpg","url":"https://t.co/VtZagVZG8b","display_url":"pic.twitter.com/VtZagVZG8b","expanded_url":"https://twitter.com/alif_haziq79/status/1041997761552494593/photo/1","type":"photo","sizes":{"medium":{"w":620,"h":413,"resize":"fit"},"large":{"w":620,"h":413,"resize":"fit"},"thumb":{"w":150,"h":150,"resize":"crop"},"small":{"w":620,"h":413,"resize":"fit"}}}]}},"quote_count":0,"reply_count":0,"retweet_count":0,"favorite_count":0,"entities":{"hashtags":[{"text":"AGTommyThomas","indices":[46,60]},{"text":"iOS","indices":[61,65]},{"text":"Lullaby","indices":[69,77]},{"text":"BillionDollarWhale","indices":[78,97]},{"text":"Read4Pixels","indices":[98,110]}],"urls":[{"url":"https://t.co/0pVH6N6rML","expanded_url":"https://twitter.com/i/web/status/1041997761552494593","display_url":"twitter.com/i/web/status/1…","indices":[112,135]}],"user_mentions":[],"symbols":[]},"favorited":false,"retweeted":false,"possibly_sensitive":false,"filter_level":"low","lang":"en","timestamp_ms":"1537266600393"}