{"created_at":"Tue Sep 18 10:44:19 +0000 2018","id":1042001366523052000,"id_str":"1042001366523052032","text":"RT @eki__holic: COSFESTA SEA 🌊⛴\nUmu🌹\n#Singapore #cosfesta \n#dreamcruise \n#FGO #fategrandorder \n#nero #saber \n#ekiholic https://t.co/3SgqMqc…","source":"<a href=\"http://twitter.com/download/android\" rel=\"nofollow\">Twitter for Android</a>","truncated":false,"in_reply_to_status_id":null,"in_reply_to_status_id_str":null,"in_reply_to_user_id":null,"in_reply_to_user_id_str":null,"in_reply_to_screen_name":null,"user":{"id":2929020264,"id_str":"2929020264","name":"리코님","screen_name":"LiCO_IMaS","location":"히토미학원","url":null,"description":"FUBM FREE / 욕트 가끔 , 타장르언급多 / RT&마음多 / 본가 - 타카네 , 아즈사P , 분가 - LiPPS♡ , 후미카P / 시온 사랑해 / 탐라 후방주의 / 인장, 헤더 - @yasuabc0730","translator_type":"none","protected":false,"verified":false,"followers_count":548,"friends_count":696,"listed_count":5,"favourites_count":24547,"statuses_count":24029,"created_at":"Sun Dec 14 00:06:16 +0000 2014","utc_offset":null,"time_zone":null,"geo_enabled":true,"lang":"ko","contributors_enabled":false,"is_translator":false,"profile_background_color":"C0DEED","profile_background_image_url":"http://abs.twimg.com/images/themes/theme1/bg.png","profile_background_image_url_https":"https://abs.twimg.com/images/themes/theme1/bg.png","profile_background_tile":false,"profile_link_color":"1DA1F2","profile_sidebar_border_color":"C0DEED","profile_sidebar_fill_color":"DDEEF6","profile_text_color":"333333","profile_use_background_image":true,"profile_image_url":"http://pbs.twimg.com/profile_images/1013629240527314944/Du1UJ9xc_normal.jpg","profile_image_url_https":"https://pbs.twimg.com/profile_images/1013629240527314944/Du1UJ9xc_normal.jpg","profile_banner_url":"https://pbs.twimg.com/profile_banners/2929020264/1512390253","default_profile":true,"default_profile_image":false,"following":null,"follow_request_sent":null,"notifications":null},"geo":null,"coordinates":null,"place":null,"contributors":null,"retweeted_status":{"created_at":"Mon Sep 17 09:11:42 +0000 2018","id":1041615667735060500,"id_str":"1041615667735060481","text":"COSFESTA SEA 🌊⛴\nUmu🌹\n#Singapore #cosfesta \n#dreamcruise \n#FGO #fategrandorder \n#nero #saber \n#ekiholic https://t.co/3SgqMqcCCj","display_text_range":[0,102],"source":"<a href=\"http://twitter.com/download/iphone\" rel=\"nofollow\">Twitter for iPhone</a>","truncated":false,"in_reply_to_status_id":null,"in_reply_to_status_id_str":null,"in_reply_to_user_id":null,"in_reply_to_user_id_str":null,"in_reply_to_screen_name":null,"user":{"id":1451666856,"id_str":"1451666856","name":"꧁Ekiholic꧂","screen_name":"eki__holic","location":"ekiholic@naver.com","url":"https://www.instagram.com/eki_holic","description":"이또한 지나가리라","translator_type":"none","protected":false,"verified":false,"followers_count":16339,"friends_count":302,"listed_count":160,"favourites_count":3775,"statuses_count":7436,"created_at":"Thu May 23 14:46:18 +0000 2013","utc_offset":null,"time_zone":null,"geo_enabled":true,"lang":"ko","contributors_enabled":false,"is_translator":false,"profile_background_color":"131516","profile_background_image_url":"http://abs.twimg.com/images/themes/theme14/bg.gif","profile_background_image_url_https":"https://abs.twimg.com/images/themes/theme14/bg.gif","profile_background_tile":true,"profile_link_color":"331E8E","profile_sidebar_border_color":"000000","profile_sidebar_fill_color":"DDEEF6","profile_text_color":"333333","profile_use_background_image":true,"profile_image_url":"http://pbs.twimg.com/profile_images/1014687188615753729/aivVi-iD_normal.jpg","profile_image_url_https":"https://pbs.twimg.com/profile_images/1014687188615753729/aivVi-iD_normal.jpg","profile_banner_url":"https://pbs.twimg.com/profile_banners/1451666856/1530755149","default_profile":false,"default_profile_image":false,"following":null,"follow_request_sent":null,"notifications":null},"geo":null,"coordinates":null,"place":null,"contributors":null,"is_quote_status":false,"quote_count":0,"reply_count":17,"retweet_count":71,"favorite_count":342,"entities":{"hashtags":[{"text":"Singapore","indices":[21,31]},{"text":"cosfesta","indices":[32,41]},{"text":"dreamcruise","indices":[43,55]},{"text":"FGO","indices":[57,61]},{"text":"fategrandorder","indices":[62,77]},{"text":"nero","indices":[79,84]},{"text":"saber","indices":[85,91]},{"text":"ekiholic","indices":[93,102]}],"urls":[],"user_mentions":[],"symbols":[],"media":[{"id":1041615271725654000,"id_str":"1041615271725654017","indices":[103,126],"additional_media_info":{"monetizable":false},"media_url":"http://pbs.twimg.com/ext_tw_video_thumb/1041615271725654017/pu/img/LZuZ6wW9zkctJL7X.jpg","media_url_https":"https://pbs.twimg.com/ext_tw_video_thumb/1041615271725654017/pu/img/LZuZ6wW9zkctJL7X.jpg","url":"https://t.co/3SgqMqcCCj","display_url":"pic.twitter.com/3SgqMqcCCj","expanded_url":"https://twitter.com/eki__holic/status/1041615667735060481/video/1","type":"photo","sizes":{"thumb":{"w":150,"h":150,"resize":"crop"},"small":{"w":510,"h":680,"resize":"fit"},"large":{"w":720,"h":960,"resize":"fit"},"medium":{"w":720,"h":960,"resize":"fit"}}}]},"extended_entities":{"media":[{"id":1041615271725654000,"id_str":"1041615271725654017","indices":[103,126],"additional_media_info":{"monetizable":false},"media_url":"http://pbs.twimg.com/ext_tw_video_thumb/1041615271725654017/pu/img/LZuZ6wW9zkctJL7X.jpg","media_url_https":"https://pbs.twimg.com/ext_tw_video_thumb/1041615271725654017/pu/img/LZuZ6wW9zkctJL7X.jpg","url":"https://t.co/3SgqMqcCCj","display_url":"pic.twitter.com/3SgqMqcCCj","expanded_url":"https://twitter.com/eki__holic/status/1041615667735060481/video/1","type":"video","video_info":{"aspect_ratio":[3,4],"duration_millis":7267,"variants":[{"bitrate":832000,"content_type":"video/mp4","url":"https://video.twimg.com/ext_tw_video/1041615271725654017/pu/vid/360x480/F1rhzK_5o5MebJoo.mp4?tag=5"},{"content_type":"application/x-mpegURL","url":"https://video.twimg.com/ext_tw_video/1041615271725654017/pu/pl/gXtMAr6YQxL54s7h.m3u8?tag=5"},{"bitrate":2176000,"content_type":"video/mp4","url":"https://video.twimg.com/ext_tw_video/1041615271725654017/pu/vid/720x960/L3-21eW1yM8DaJ9Z.mp4?tag=5"},{"bitrate":256000,"content_type":"video/mp4","url":"https://video.twimg.com/ext_tw_video/1041615271725654017/pu/vid/180x240/TxBj1DbledJgxT2T.mp4?tag=5"}]},"sizes":{"thumb":{"w":150,"h":150,"resize":"crop"},"small":{"w":510,"h":680,"resize":"fit"},"large":{"w":720,"h":960,"resize":"fit"},"medium":{"w":720,"h":960,"resize":"fit"}}}]},"favorited":false,"retweeted":false,"possibly_sensitive":false,"filter_level":"low","lang":"pl"},"is_quote_status":false,"quote_count":0,"reply_count":0,"retweet_count":0,"favorite_count":0,"entities":{"hashtags":[{"text":"Singapore","indices":[37,47]},{"text":"cosfesta","indices":[48,57]},{"text":"dreamcruise","indices":[59,71]},{"text":"FGO","indices":[73,77]},{"text":"fategrandorder","indices":[78,93]},{"text":"nero","indices":[95,100]},{"text":"saber","indices":[101,107]},{"text":"ekiholic","indices":[109,118]}],"urls":[],"user_mentions":[{"screen_name":"eki__holic","name":"꧁Ekiholic꧂","id":1451666856,"id_str":"1451666856","indices":[3,14]}],"symbols":[]},"favorited":false,"retweeted":false,"filter_level":"low","lang":"pl","timestamp_ms":"1537267459885"}