{"created_at":"Tue Sep 18 10:30:00 +0000 2018","id":1041997763876212700,"id_str":"1041997763876212741","text":"Cuba Libre has opened a third branch and you’ll be the first to indulge in their delectable dishes!… https://t.co/kC9jzfLk1e","display_text_range":[0,140],"source":"<a href=\"https://about.twitter.com/products/tweetdeck\" rel=\"nofollow\">TweetDeck</a>","truncated":true,"in_reply_to_status_id":null,"in_reply_to_status_id_str":null,"in_reply_to_user_id":null,"in_reply_to_user_id_str":null,"in_reply_to_screen_name":null,"user":{"id":1245781052,"id_str":"1245781052","name":"Coconuts Singapore","screen_name":"CoconutsSG","location":"Singapore","url":"http://coconuts.co/singapore","description":"What's happening in Singapore | Tweet us with #COCOSG | Sister sites: @CoconutsBangkok @CoconutsManila @CoconutsHK @CoconutsKL @CoconutsJakarta @Coconuts_Bali","translator_type":"none","protected":false,"verified":true,"followers_count":5316,"friends_count":219,"listed_count":151,"favourites_count":47,"statuses_count":17570,"created_at":"Wed Mar 06 10:30:42 +0000 2013","utc_offset":null,"time_zone":null,"geo_enabled":true,"lang":"en","contributors_enabled":false,"is_translator":false,"profile_background_color":"C0DEED","profile_background_image_url":"http://abs.twimg.com/images/themes/theme1/bg.png","profile_background_image_url_https":"https://abs.twimg.com/images/themes/theme1/bg.png","profile_background_tile":true,"profile_link_color":"10D14A","profile_sidebar_border_color":"FFFFFF","profile_sidebar_fill_color":"DDEEF6","profile_text_color":"333333","profile_use_background_image":true,"profile_image_url":"http://pbs.twimg.com/profile_images/571168306292195328/vwxcScTC_normal.png","profile_image_url_https":"https://pbs.twimg.com/profile_images/571168306292195328/vwxcScTC_normal.png","profile_banner_url":"https://pbs.twimg.com/profile_banners/1245781052/1432116337","default_profile":false,"default_profile_image":false,"following":null,"follow_request_sent":null,"notifications":null},"geo":null,"coordinates":null,"place":null,"contributors":null,"is_quote_status":false,"extended_tweet":{"full_text":"Cuba Libre has opened a third branch and you’ll be the first to indulge in their delectable dishes!\nhttps://t.co/uYjPo5ltb4 #ad #giveaways #cocoplus #cubalibre #singapore https://t.co/tC8EEvT5wF","display_text_range":[0,170],"entities":{"hashtags":[{"text":"ad","indices":[124,127]},{"text":"giveaways","indices":[128,138]},{"text":"cocoplus","indices":[139,148]},{"text":"cubalibre","indices":[149,159]},{"text":"singapore","indices":[160,170]}],"urls":[{"url":"https://t.co/uYjPo5ltb4","expanded_url":"https://coconuts.co/singapore/food-drink/cuba-libre-has-opened-a-third-branch-and-youll-be-the-first-to-indulge-in-their-delectable-dishes/","display_url":"coconuts.co/singapore/food…","indices":[100,123]}],"user_mentions":[],"symbols":[],"media":[{"id":1041992255349780500,"id_str":"1041992255349780480","indices":[171,194],"media_url":"http://pbs.twimg.com/media/DnXmb37U8AAUh6b.jpg","media_url_https":"https://pbs.twimg.com/media/DnXmb37U8AAUh6b.jpg","url":"https://t.co/tC8EEvT5wF","display_url":"pic.twitter.com/tC8EEvT5wF","expanded_url":"https://twitter.com/CoconutsSG/status/1041997763876212741/photo/1","type":"photo","sizes":{"thumb":{"w":150,"h":150,"resize":"crop"},"medium":{"w":1200,"h":758,"resize":"fit"},"large":{"w":1242,"h":785,"resize":"fit"},"small":{"w":680,"h":430,"resize":"fit"}}}]},"extended_entities":{"media":[{"id":1041992255349780500,"id_str":"1041992255349780480","indices":[171,194],"media_url":"http://pbs.twimg.com/media/DnXmb37U8AAUh6b.jpg","media_url_https":"https://pbs.twimg.com/media/DnXmb37U8AAUh6b.jpg","url":"https://t.co/tC8EEvT5wF","display_url":"pic.twitter.com/tC8EEvT5wF","expanded_url":"https://twitter.com/CoconutsSG/status/1041997763876212741/photo/1","type":"photo","sizes":{"thumb":{"w":150,"h":150,"resize":"crop"},"medium":{"w":1200,"h":758,"resize":"fit"},"large":{"w":1242,"h":785,"resize":"fit"},"small":{"w":680,"h":430,"resize":"fit"}}}]}},"quote_count":0,"reply_count":0,"retweet_count":0,"favorite_count":0,"entities":{"hashtags":[],"urls":[{"url":"https://t.co/kC9jzfLk1e","expanded_url":"https://twitter.com/i/web/status/1041997763876212741","display_url":"twitter.com/i/web/status/1…","indices":[101,124]}],"user_mentions":[],"symbols":[]},"favorited":false,"retweeted":false,"possibly_sensitive":false,"filter_level":"low","lang":"en","timestamp_ms":"1537266600947"}