{"created_at":"Tue Sep 18 10:30:04 +0000 2018","id":1041997777113370600,"id_str":"1041997777113370625","text":"https://t.co/eOxxSUE0eN Cannot trade and require professional forex managed account services? View our investment p… https://t.co/Sxb1l8ufdv","source":"<a href=\"https://ifttt.com\" rel=\"nofollow\">IFTTT</a>","truncated":true,"in_reply_to_status_id":null,"in_reply_to_status_id_str":null,"in_reply_to_user_id":null,"in_reply_to_user_id_str":null,"in_reply_to_screen_name":null,"user":{"id":846417765351276500,"id_str":"846417765351276544","name":"City Of Investment","screen_name":"CityofInvestmnt","location":"City of London, London","url":"http://www.cityofinvestment.com","description":"Make your money grow with https://t.co/roZQkyZSRo Global market leader in Forex Managed Account. https://t.co/G2JrDCtrKw Minimum deposit €1000","translator_type":"none","protected":false,"verified":false,"followers_count":9176,"friends_count":9987,"listed_count":28,"favourites_count":66,"statuses_count":53179,"created_at":"Mon Mar 27 17:44:55 +0000 2017","utc_offset":null,"time_zone":null,"geo_enabled":false,"lang":"en","contributors_enabled":false,"is_translator":false,"profile_background_color":"000000","profile_background_image_url":"http://abs.twimg.com/images/themes/theme1/bg.png","profile_background_image_url_https":"https://abs.twimg.com/images/themes/theme1/bg.png","profile_background_tile":false,"profile_link_color":"1B95E0","profile_sidebar_border_color":"000000","profile_sidebar_fill_color":"000000","profile_text_color":"000000","profile_use_background_image":false,"profile_image_url":"http://pbs.twimg.com/profile_images/887079869196185604/oGmO0xwi_normal.jpg","profile_image_url_https":"https://pbs.twimg.com/profile_images/887079869196185604/oGmO0xwi_normal.jpg","profile_banner_url":"https://pbs.twimg.com/profile_banners/846417765351276544/1500331437","default_profile":false,"default_profile_image":false,"following":null,"follow_request_sent":null,"notifications":null},"geo":null,"coordinates":null,"place":null,"contributors":null,"is_quote_status":false,"extended_tweet":{"full_text":"https://t.co/eOxxSUE0eN Cannot trade and require professional forex managed account services? View our investment packages #money #fx #Singapore #Japan #Hongkong #Macau #SouthKorea #NorthKorea #Taiwan #Brunei #Russia #Slovenia #Ukraine #Italy #fx","display_text_range":[0,246],"entities":{"hashtags":[{"text":"money","indices":[123,129]},{"text":"fx","indices":[130,133]},{"text":"Singapore","indices":[134,144]},{"text":"Japan","indices":[145,151]},{"text":"Hongkong","indices":[152,161]},{"text":"Macau","indices":[162,168]},{"text":"SouthKorea","indices":[169,180]},{"text":"NorthKorea","indices":[181,192]},{"text":"Taiwan","indices":[193,200]},{"text":"Brunei","indices":[201,208]},{"text":"Russia","indices":[209,216]},{"text":"Slovenia","indices":[217,226]},{"text":"Ukraine","indices":[227,235]},{"text":"Italy","indices":[236,242]},{"text":"fx","indices":[243,246]}],"urls":[{"url":"https://t.co/eOxxSUE0eN","expanded_url":"http://cityofinvestment.com/investment-packages/","display_url":"cityofinvestment.com/investment-pac…","indices":[0,23]}],"user_mentions":[],"symbols":[]}},"quote_count":0,"reply_count":0,"retweet_count":0,"favorite_count":0,"entities":{"hashtags":[],"urls":[{"url":"https://t.co/eOxxSUE0eN","expanded_url":"http://cityofinvestment.com/investment-packages/","display_url":"cityofinvestment.com/investment-pac…","indices":[0,23]},{"url":"https://t.co/Sxb1l8ufdv","expanded_url":"https://twitter.com/i/web/status/1041997777113370625","display_url":"twitter.com/i/web/status/1…","indices":[117,140]}],"user_mentions":[],"symbols":[]},"favorited":false,"retweeted":false,"possibly_sensitive":false,"filter_level":"low","lang":"en","timestamp_ms":"1537266604103"}