{"created_at":"Tue Sep 18 10:30:05 +0000 2018","id":1041997783497097200,"id_str":"1041997783497097216","text":"#marvel #sentosasandsation #sentosa #D_GUNN3R1 #gunnertravel #singapore #visitsingapore #exploresingapore... https://t.co/FvVoJ1HfBT","source":"<a href=\"https://www.google.com/\" rel=\"nofollow\">Google</a>","truncated":false,"in_reply_to_status_id":null,"in_reply_to_status_id_str":null,"in_reply_to_user_id":null,"in_reply_to_user_id_str":null,"in_reply_to_screen_name":null,"user":{"id":50974395,"id_str":"50974395","name":"Tjioe Hung Kwo","screen_name":"D_GUNN3R1","location":"Indonesia","url":null,"description":null,"translator_type":"none","protected":false,"verified":false,"followers_count":72,"friends_count":61,"listed_count":1,"favourites_count":23,"statuses_count":77,"created_at":"Fri Jun 26 08:18:13 +0000 2009","utc_offset":null,"time_zone":null,"geo_enabled":false,"lang":"en","contributors_enabled":false,"is_translator":false,"profile_background_color":"8B542B","profile_background_image_url":"http://abs.twimg.com/images/themes/theme8/bg.gif","profile_background_image_url_https":"https://abs.twimg.com/images/themes/theme8/bg.gif","profile_background_tile":false,"profile_link_color":"9D582E","profile_sidebar_border_color":"D9B17E","profile_sidebar_fill_color":"EADEAA","profile_text_color":"333333","profile_use_background_image":true,"profile_image_url":"http://pbs.twimg.com/profile_images/283383273/n626498790_1997954_2948648_normal.jpg","profile_image_url_https":"https://pbs.twimg.com/profile_images/283383273/n626498790_1997954_2948648_normal.jpg","default_profile":false,"default_profile_image":false,"following":null,"follow_request_sent":null,"notifications":null},"geo":null,"coordinates":null,"place":null,"contributors":null,"is_quote_status":false,"quote_count":0,"reply_count":0,"retweet_count":0,"favorite_count":0,"entities":{"hashtags":[{"text":"marvel","indices":[0,7]},{"text":"sentosasandsation","indices":[8,26]},{"text":"sentosa","indices":[27,35]},{"text":"D_GUNN3R1","indices":[36,46]},{"text":"gunnertravel","indices":[47,60]},{"text":"singapore","indices":[61,71]},{"text":"visitsingapore","indices":[72,87]},{"text":"exploresingapore","indices":[88,105]}],"urls":[{"url":"https://t.co/FvVoJ1HfBT","expanded_url":"http://youtu.be/phHWXw8JE3A?a","display_url":"youtu.be/phHWXw8JE3A?a","indices":[109,132]}],"user_mentions":[],"symbols":[]},"favorited":false,"retweeted":false,"possibly_sensitive":false,"filter_level":"low","lang":"und","timestamp_ms":"1537266605625"}