{"created_at":"Tue Sep 18 10:22:58 +0000 2018","id":1041995990780325900,"id_str":"1041995990780325889","text":"RT @Mobil1TheGrid: Career – #Yesterday's #SingaporeGP saw #Ferrari's Kimi Raikkonen become just the fifth driver in #Formula1 history to su…","source":"<a href=\"http://twitter.com/download/iphone\" rel=\"nofollow\">Twitter for iPhone</a>","truncated":false,"in_reply_to_status_id":null,"in_reply_to_status_id_str":null,"in_reply_to_user_id":null,"in_reply_to_user_id_str":null,"in_reply_to_screen_name":null,"user":{"id":21607923,"id_str":"21607923","name":"Franorena","screen_name":"franorena","location":null,"url":null,"description":"Don't Be Afraid To Fail. Be Afraid Not To Try.","translator_type":"none","protected":false,"verified":false,"followers_count":334,"friends_count":1497,"listed_count":8,"favourites_count":3744,"statuses_count":7334,"created_at":"Sun Feb 22 22:55:30 +0000 2009","utc_offset":null,"time_zone":null,"geo_enabled":true,"lang":"en","contributors_enabled":false,"is_translator":false,"profile_background_color":"28DB33","profile_background_image_url":"http://abs.twimg.com/images/themes/theme1/bg.png","profile_background_image_url_https":"https://abs.twimg.com/images/themes/theme1/bg.png","profile_background_tile":true,"profile_link_color":"732409","profile_sidebar_border_color":"FFFFFF","profile_sidebar_fill_color":"3B70EB","profile_text_color":"000000","profile_use_background_image":true,"profile_image_url":"http://pbs.twimg.com/profile_images/682582141985796096/9P1BXwfr_normal.jpg","profile_image_url_https":"https://pbs.twimg.com/profile_images/682582141985796096/9P1BXwfr_normal.jpg","profile_banner_url":"https://pbs.twimg.com/profile_banners/21607923/1452802965","default_profile":false,"default_profile_image":false,"following":null,"follow_request_sent":null,"notifications":null},"geo":null,"coordinates":null,"place":null,"contributors":null,"retweeted_status":{"created_at":"Mon Sep 17 08:58:21 +0000 2018","id":1041612309725159400,"id_str":"1041612309725159424","text":"Career – #Yesterday's #SingaporeGP saw #Ferrari's Kimi Raikkonen become just the fifth driver in #Formula1 history… https://t.co/qibZJnnp5n","display_text_range":[0,140],"source":"<a href=\"http://twitter.com\" rel=\"nofollow\">Twitter Web Client</a>","truncated":true,"in_reply_to_status_id":null,"in_reply_to_status_id_str":null,"in_reply_to_user_id":null,"in_reply_to_user_id_str":null,"in_reply_to_screen_name":null,"user":{"id":120088875,"id_str":"120088875","name":"Mobil 1 The Grid","screen_name":"Mobil1TheGrid","location":"London, England","url":"http://www.mobil1thegrid.com","description":"The home of #Motorsport videos. Broadcasting news, views & the very best of the action from the world of #F1, #NASCAR, #WEC & more. Now in its 10th season.","translator_type":"none","protected":false,"verified":true,"followers_count":49204,"friends_count":38766,"listed_count":620,"favourites_count":105548,"statuses_count":13808,"created_at":"Fri Mar 05 12:40:39 +0000 2010","utc_offset":null,"time_zone":null,"geo_enabled":true,"lang":"en","contributors_enabled":false,"is_translator":false,"profile_background_color":"131516","profile_background_image_url":"http://abs.twimg.com/images/themes/theme14/bg.gif","profile_background_image_url_https":"https://abs.twimg.com/images/themes/theme14/bg.gif","profile_background_tile":false,"profile_link_color":"DD2E44","profile_sidebar_border_color":"FFFFFF","profile_sidebar_fill_color":"EFEFEF","profile_text_color":"333333","profile_use_background_image":true,"profile_image_url":"http://pbs.twimg.com/profile_images/833660897990156288/ZoSUweeh_normal.jpg","profile_image_url_https":"https://pbs.twimg.com/profile_images/833660897990156288/ZoSUweeh_normal.jpg","profile_banner_url":"https://pbs.twimg.com/profile_banners/120088875/1520593909","default_profile":false,"default_profile_image":false,"following":null,"follow_request_sent":null,"notifications":null},"geo":null,"coordinates":null,"place":null,"contributors":null,"is_quote_status":false,"extended_tweet":{"full_text":"Career – #Yesterday's #SingaporeGP saw #Ferrari's Kimi Raikkonen become just the fifth driver in #Formula1 history to surpass 15,000 laps raced. @F1NightRace @ScuderiaFerrari @F1 #Kimi7 @FansOFKR @Kimi7Iceman @Iceman7News #Singapore @PirelliSport https://t.co/CJ76jydFYx","display_text_range":[0,246],"entities":{"hashtags":[{"text":"Yesterday","indices":[9,19]},{"text":"SingaporeGP","indices":[22,34]},{"text":"Ferrari","indices":[39,47]},{"text":"Formula1","indices":[97,106]},{"text":"Kimi7","indices":[179,185]},{"text":"Singapore","indices":[222,232]}],"urls":[],"user_mentions":[{"screen_name":"F1NightRace","name":"SingaporeGP","id":104094630,"id_str":"104094630","indices":[145,157]},{"screen_name":"ScuderiaFerrari","name":"Scuderia Ferrari","id":108247668,"id_str":"108247668","indices":[158,174]},{"screen_name":"F1","name":"Formula 1","id":69008563,"id_str":"69008563","indices":[175,178]},{"screen_name":"FansOfKR","name":"Kimi Räikkönen #7","id":1617017947,"id_str":"1617017947","indices":[186,195]},{"screen_name":"Kimi7iceman","name":"Kimi Räikkönen #bwoah","id":374490674,"id_str":"374490674","indices":[196,208]},{"screen_name":"iceman7news","name":"Kimi Räikkönen Fans","id":1288979942,"id_str":"1288979942","indices":[209,221]},{"screen_name":"pirellisport","name":"Pirelli Motorsport","id":1114036494,"id_str":"1114036494","indices":[233,246]}],"symbols":[],"media":[{"id":1041612119257563100,"id_str":"1041612119257563136","indices":[247,270],"media_url":"http://pbs.twimg.com/media/DnSMtCoWwAA7308.jpg","media_url_https":"https://pbs.twimg.com/media/DnSMtCoWwAA7308.jpg","url":"https://t.co/CJ76jydFYx","display_url":"pic.twitter.com/CJ76jydFYx","expanded_url":"https://twitter.com/Mobil1TheGrid/status/1041612309725159424/photo/1","type":"photo","sizes":{"thumb":{"w":150,"h":150,"resize":"crop"},"medium":{"w":1024,"h":413,"resize":"fit"},"large":{"w":1024,"h":413,"resize":"fit"},"small":{"w":680,"h":274,"resize":"fit"}}}]},"extended_entities":{"media":[{"id":1041612119257563100,"id_str":"1041612119257563136","indices":[247,270],"media_url":"http://pbs.twimg.com/media/DnSMtCoWwAA7308.jpg","media_url_https":"https://pbs.twimg.com/media/DnSMtCoWwAA7308.jpg","url":"https://t.co/CJ76jydFYx","display_url":"pic.twitter.com/CJ76jydFYx","expanded_url":"https://twitter.com/Mobil1TheGrid/status/1041612309725159424/photo/1","type":"photo","sizes":{"thumb":{"w":150,"h":150,"resize":"crop"},"medium":{"w":1024,"h":413,"resize":"fit"},"large":{"w":1024,"h":413,"resize":"fit"},"small":{"w":680,"h":274,"resize":"fit"}}}]}},"quote_count":0,"reply_count":2,"retweet_count":24,"favorite_count":76,"entities":{"hashtags":[{"text":"Yesterday","indices":[9,19]},{"text":"SingaporeGP","indices":[22,34]},{"text":"Ferrari","indices":[39,47]},{"text":"Formula1","indices":[97,106]}],"urls":[{"url":"https://t.co/qibZJnnp5n","expanded_url":"https://twitter.com/i/web/status/1041612309725159424","display_url":"twitter.com/i/web/status/1…","indices":[116,139]}],"user_mentions":[],"symbols":[]},"favorited":false,"retweeted":false,"possibly_sensitive":false,"filter_level":"low","lang":"en"},"is_quote_status":false,"quote_count":0,"reply_count":0,"retweet_count":0,"favorite_count":0,"entities":{"hashtags":[{"text":"Yesterday","indices":[28,38]},{"text":"SingaporeGP","indices":[41,53]},{"text":"Ferrari","indices":[58,66]},{"text":"Formula1","indices":[116,125]}],"urls":[],"user_mentions":[{"screen_name":"Mobil1TheGrid","name":"Mobil 1 The Grid","id":120088875,"id_str":"120088875","indices":[3,17]}],"symbols":[]},"favorited":false,"retweeted":false,"filter_level":"low","lang":"en","timestamp_ms":"1537266178208"}