{"created_at":"Tue Sep 18 11:05:55 +0000 2018","id":1042006800567033900,"id_str":"1042006800567033861","text":"The decision you make in an hour can turn your life around.\nWe Guarantee You 100% Successful WITHDRAWAL, Inbox me h… https://t.co/4Hg35cwjIE","display_text_range":[0,140],"source":"<a href=\"http://twitter.com/download/android\" rel=\"nofollow\">Twitter for Android</a>","truncated":true,"in_reply_to_status_id":null,"in_reply_to_status_id_str":null,"in_reply_to_user_id":null,"in_reply_to_user_id_str":null,"in_reply_to_screen_name":null,"user":{"id":1040162456071491600,"id_str":"1040162456071491584","name":"Gareth Watson","screen_name":"GarethW77640821","location":"United States","url":"https://money.cnn.com/infographic/technology/what-is-bitcoin/","description":"#ENTREPRENEUR_\nBINARY EXPERT📈_\nBITCOIN INVESTMENT/MINING 📊_\n24/7 ONLINE ASSISTANCE🌏_\n💯% PAYOUT GUARANTEED💰_\nEASY WITHDRAWAL 💸_\nACCOUNT MANAGER 🖥️","translator_type":"none","protected":false,"verified":false,"followers_count":26,"friends_count":82,"listed_count":0,"favourites_count":0,"statuses_count":24,"created_at":"Thu Sep 13 08:57:09 +0000 2018","utc_offset":null,"time_zone":null,"geo_enabled":false,"lang":"en","contributors_enabled":false,"is_translator":false,"profile_background_color":"F5F8FA","profile_background_image_url":"","profile_background_image_url_https":"","profile_background_tile":false,"profile_link_color":"1DA1F2","profile_sidebar_border_color":"C0DEED","profile_sidebar_fill_color":"DDEEF6","profile_text_color":"333333","profile_use_background_image":true,"profile_image_url":"http://pbs.twimg.com/profile_images/1040165014022316034/RszBlvcg_normal.jpg","profile_image_url_https":"https://pbs.twimg.com/profile_images/1040165014022316034/RszBlvcg_normal.jpg","profile_banner_url":"https://pbs.twimg.com/profile_banners/1040162456071491584/1536916831","default_profile":true,"default_profile_image":false,"following":null,"follow_request_sent":null,"notifications":null},"geo":null,"coordinates":null,"place":null,"contributors":null,"is_quote_status":false,"extended_tweet":{"full_text":"The decision you make in an hour can turn your life around.\nWe Guarantee You 100% Successful WITHDRAWAL, Inbox me here #wallstreet #quotes #money #businesswoman #soccer #southafrica #singapore #boss #latino #asian #germany #usa #dubai #london #indonesiastockexchange https://t.co/4zWiChH71l","display_text_range":[0,266],"entities":{"hashtags":[{"text":"wallstreet","indices":[119,130]},{"text":"quotes","indices":[131,138]},{"text":"money","indices":[139,145]},{"text":"businesswoman","indices":[146,160]},{"text":"soccer","indices":[161,168]},{"text":"southafrica","indices":[169,181]},{"text":"singapore","indices":[182,192]},{"text":"boss","indices":[193,198]},{"text":"latino","indices":[199,206]},{"text":"asian","indices":[207,213]},{"text":"germany","indices":[214,222]},{"text":"usa","indices":[223,227]},{"text":"dubai","indices":[228,234]},{"text":"london","indices":[235,242]},{"text":"indonesiastockexchange","indices":[243,266]}],"urls":[],"user_mentions":[],"symbols":[],"media":[{"id":1042006793289982000,"id_str":"1042006793289981952","indices":[267,290],"media_url":"http://pbs.twimg.com/media/DnXzqF-X4AA7TYq.jpg","media_url_https":"https://pbs.twimg.com/media/DnXzqF-X4AA7TYq.jpg","url":"https://t.co/4zWiChH71l","display_url":"pic.twitter.com/4zWiChH71l","expanded_url":"https://twitter.com/GarethW77640821/status/1042006800567033861/photo/1","type":"photo","sizes":{"large":{"w":579,"h":579,"resize":"fit"},"thumb":{"w":150,"h":150,"resize":"crop"},"small":{"w":579,"h":579,"resize":"fit"},"medium":{"w":579,"h":579,"resize":"fit"}}}]},"extended_entities":{"media":[{"id":1042006793289982000,"id_str":"1042006793289981952","indices":[267,290],"media_url":"http://pbs.twimg.com/media/DnXzqF-X4AA7TYq.jpg","media_url_https":"https://pbs.twimg.com/media/DnXzqF-X4AA7TYq.jpg","url":"https://t.co/4zWiChH71l","display_url":"pic.twitter.com/4zWiChH71l","expanded_url":"https://twitter.com/GarethW77640821/status/1042006800567033861/photo/1","type":"photo","sizes":{"large":{"w":579,"h":579,"resize":"fit"},"thumb":{"w":150,"h":150,"resize":"crop"},"small":{"w":579,"h":579,"resize":"fit"},"medium":{"w":579,"h":579,"resize":"fit"}}}]}},"quote_count":0,"reply_count":0,"retweet_count":0,"favorite_count":0,"entities":{"hashtags":[],"urls":[{"url":"https://t.co/4Hg35cwjIE","expanded_url":"https://twitter.com/i/web/status/1042006800567033861","display_url":"twitter.com/i/web/status/1…","indices":[117,140]}],"user_mentions":[],"symbols":[]},"favorited":false,"retweeted":false,"possibly_sensitive":false,"filter_level":"low","lang":"en","timestamp_ms":"1537268755462"}