{"created_at":"Tue Sep 18 11:13:06 +0000 2018","id":1042008609054449700,"id_str":"1042008609054449664","text":"#SINGAPORE will open up its real-time and round-the-clock #payment system - known as FAST - to financial technology… https://t.co/nR42de6Z5H","source":"<a href=\"http://twitter.com/download/iphone\" rel=\"nofollow\">Twitter for iPhone</a>","truncated":true,"in_reply_to_status_id":null,"in_reply_to_status_id_str":null,"in_reply_to_user_id":null,"in_reply_to_user_id_str":null,"in_reply_to_screen_name":null,"user":{"id":201701726,"id_str":"201701726","name":"Kirsi Larkiala","screen_name":"kirsikkalar","location":"Finland","url":"https://fi.linkedin.com/in/kirsilarkiala","description":"Board Exec,TIVI Top100 IT-Influencer.Fintech Global http://Top100Influencer.Co-founder @FintechFinland .Crazy abt re-inventing all kinds of #financialservices.","translator_type":"none","protected":false,"verified":false,"followers_count":5232,"friends_count":5288,"listed_count":1295,"favourites_count":15835,"statuses_count":23245,"created_at":"Tue Oct 12 12:48:58 +0000 2010","utc_offset":null,"time_zone":null,"geo_enabled":true,"lang":"en","contributors_enabled":false,"is_translator":false,"profile_background_color":"352726","profile_background_image_url":"http://abs.twimg.com/images/themes/theme5/bg.gif","profile_background_image_url_https":"https://abs.twimg.com/images/themes/theme5/bg.gif","profile_background_tile":true,"profile_link_color":"D02B55","profile_sidebar_border_color":"829D5E","profile_sidebar_fill_color":"99CC33","profile_text_color":"3E4415","profile_use_background_image":true,"profile_image_url":"http://pbs.twimg.com/profile_images/1011304088372379649/tC1jfOQP_normal.jpg","profile_image_url_https":"https://pbs.twimg.com/profile_images/1011304088372379649/tC1jfOQP_normal.jpg","profile_banner_url":"https://pbs.twimg.com/profile_banners/201701726/1487659514","default_profile":false,"default_profile_image":false,"following":null,"follow_request_sent":null,"notifications":null},"geo":null,"coordinates":null,"place":null,"contributors":null,"is_quote_status":false,"extended_tweet":{"full_text":"#SINGAPORE will open up its real-time and round-the-clock #payment system - known as FAST - to financial technology  #fintech firms to broaden access to various payments players, said Minister for Education Ong Ye Kung  https://t.co/l1OjwFTbQf #banking #OpenBanking","display_text_range":[0,265],"entities":{"hashtags":[{"text":"SINGAPORE","indices":[0,10]},{"text":"payment","indices":[58,66]},{"text":"fintech","indices":[117,125]},{"text":"banking","indices":[244,252]},{"text":"OpenBanking","indices":[253,265]}],"urls":[{"url":"https://t.co/l1OjwFTbQf","expanded_url":"https://www.businesstimes.com.sg/banking-finance/fintech-firms-to-get-access-to-singapores-real-time-payment-system","display_url":"businesstimes.com.sg/banking-financ…","indices":[220,243]}],"user_mentions":[],"symbols":[]}},"quote_count":0,"reply_count":0,"retweet_count":0,"favorite_count":0,"entities":{"hashtags":[{"text":"SINGAPORE","indices":[0,10]},{"text":"payment","indices":[58,66]}],"urls":[{"url":"https://t.co/nR42de6Z5H","expanded_url":"https://twitter.com/i/web/status/1042008609054449664","display_url":"twitter.com/i/web/status/1…","indices":[117,140]}],"user_mentions":[],"symbols":[]},"favorited":false,"retweeted":false,"possibly_sensitive":false,"filter_level":"low","lang":"en","timestamp_ms":"1537269186639"}