{"created_at":"Tue Sep 18 10:15:50 +0000 2018","id":1041994198642307100,"id_str":"1041994198642307073","text":"RT @Panoramix_Radio: https://t.co/Ku1kcercSH\n\n#WORLD  #DAISHIDANCE #tokyo #Japan #clubfrance #PlayStationPlus #NRJHits #Numéro23 #NumeroDeM…","source":"<a href=\"http://twitter.com\" rel=\"nofollow\">Twitter Web Client</a>","truncated":false,"in_reply_to_status_id":null,"in_reply_to_status_id_str":null,"in_reply_to_user_id":null,"in_reply_to_user_id_str":null,"in_reply_to_screen_name":null,"user":{"id":94924938,"id_str":"94924938","name":"Yannick Yan","screen_name":"djyannickyan","location":"France","url":"http://www.panoramix-agency.fr","description":"Yannick Yan French Dj Producer","translator_type":"none","protected":false,"verified":false,"followers_count":5004,"friends_count":5018,"listed_count":512,"favourites_count":345,"statuses_count":20674,"created_at":"Sun Dec 06 03:27:21 +0000 2009","utc_offset":null,"time_zone":null,"geo_enabled":true,"lang":"fr","contributors_enabled":false,"is_translator":false,"profile_background_color":"1A1B1F","profile_background_image_url":"http://abs.twimg.com/images/themes/theme14/bg.gif","profile_background_image_url_https":"https://abs.twimg.com/images/themes/theme14/bg.gif","profile_background_tile":true,"profile_link_color":"981CEB","profile_sidebar_border_color":"000000","profile_sidebar_fill_color":"252429","profile_text_color":"666666","profile_use_background_image":true,"profile_image_url":"http://pbs.twimg.com/profile_images/1016178864274493442/mrYBE4_y_normal.jpg","profile_image_url_https":"https://pbs.twimg.com/profile_images/1016178864274493442/mrYBE4_y_normal.jpg","profile_banner_url":"https://pbs.twimg.com/profile_banners/94924938/1501536133","default_profile":false,"default_profile_image":false,"following":null,"follow_request_sent":null,"notifications":null},"geo":null,"coordinates":null,"place":null,"contributors":null,"retweeted_status":{"created_at":"Mon Jul 16 20:58:19 +0000 2018","id":1018963058771812400,"id_str":"1018963058771812352","text":"https://t.co/Ku1kcercSH\n\n#WORLD  #DAISHIDANCE #tokyo #Japan #clubfrance #PlayStationPlus #NRJHits #Numéro23… https://t.co/3ooeyxvtvt","display_text_range":[0,140],"source":"<a href=\"http://twitter.com\" rel=\"nofollow\">Twitter Web Client</a>","truncated":true,"in_reply_to_status_id":null,"in_reply_to_status_id_str":null,"in_reply_to_user_id":null,"in_reply_to_user_id_str":null,"in_reply_to_screen_name":null,"user":{"id":2151278150,"id_str":"2151278150","name":"PanoramixRadio","screen_name":"Panoramix_Radio","location":null,"url":"http://panoramix-radio-station.com","description":"appli https://play.google.com/store/apps/details?id=com.nobexinc.wls_3042441149.rc","translator_type":"none","protected":false,"verified":false,"followers_count":7103,"friends_count":7153,"listed_count":529,"favourites_count":3703,"statuses_count":140130,"created_at":"Wed Oct 23 16:20:11 +0000 2013","utc_offset":null,"time_zone":null,"geo_enabled":false,"lang":"fr","contributors_enabled":false,"is_translator":false,"profile_background_color":"131516","profile_background_image_url":"http://abs.twimg.com/images/themes/theme14/bg.gif","profile_background_image_url_https":"https://abs.twimg.com/images/themes/theme14/bg.gif","profile_background_tile":true,"profile_link_color":"FF691F","profile_sidebar_border_color":"EEEEEE","profile_sidebar_fill_color":"EFEFEF","profile_text_color":"333333","profile_use_background_image":true,"profile_image_url":"http://pbs.twimg.com/profile_images/975719459334868994/hCQphNHs_normal.jpg","profile_image_url_https":"https://pbs.twimg.com/profile_images/975719459334868994/hCQphNHs_normal.jpg","profile_banner_url":"https://pbs.twimg.com/profile_banners/2151278150/1536824459","default_profile":false,"default_profile_image":false,"following":null,"follow_request_sent":null,"notifications":null},"geo":null,"coordinates":null,"place":null,"contributors":null,"is_quote_status":false,"extended_tweet":{"full_text":"https://t.co/Ku1kcercSH\n\n#WORLD  #DAISHIDANCE #tokyo #Japan #clubfrance #PlayStationPlus #NRJHits #Numéro23 #NumeroDeMangel #song #GreysAnatomy #numerotokyo #France #Sandiego #Dallas #radio #Moscow #Singapore #Brazilia #Gay #Homo #Clubs #UK #Play  #UK #Torino #Siena #iPhone #usa https://t.co/jJWK4t86lL","display_text_range":[0,279],"entities":{"hashtags":[{"text":"WORLD","indices":[25,31]},{"text":"DAISHIDANCE","indices":[33,45]},{"text":"tokyo","indices":[46,52]},{"text":"Japan","indices":[53,59]},{"text":"clubfrance","indices":[60,71]},{"text":"PlayStationPlus","indices":[72,88]},{"text":"NRJHits","indices":[89,97]},{"text":"Numéro23","indices":[98,107]},{"text":"NumeroDeMangel","indices":[108,123]},{"text":"song","indices":[124,129]},{"text":"GreysAnatomy","indices":[130,143]},{"text":"numerotokyo","indices":[144,156]},{"text":"France","indices":[157,164]},{"text":"Sandiego","indices":[165,174]},{"text":"Dallas","indices":[175,182]},{"text":"radio","indices":[183,189]},{"text":"Moscow","indices":[190,197]},{"text":"Singapore","indices":[198,208]},{"text":"Brazilia","indices":[209,218]},{"text":"Gay","indices":[219,223]},{"text":"Homo","indices":[224,229]},{"text":"Clubs","indices":[230,236]},{"text":"UK","indices":[237,240]},{"text":"Play","indices":[241,246]},{"text":"UK","indices":[248,251]},{"text":"Torino","indices":[252,259]},{"text":"Siena","indices":[260,266]},{"text":"iPhone","indices":[267,274]},{"text":"usa","indices":[275,279]}],"urls":[{"url":"https://t.co/Ku1kcercSH","expanded_url":"http://radio7.pro-fhi.net/flux-panoramix/stream","display_url":"radio7.pro-fhi.net/flux-panoramix…","indices":[0,23]}],"user_mentions":[],"symbols":[],"media":[{"id":1018963039264047100,"id_str":"1018963039264047105","indices":[280,303],"media_url":"http://pbs.twimg.com/media/DiQVfEqWAAEXNlC.jpg","media_url_https":"https://pbs.twimg.com/media/DiQVfEqWAAEXNlC.jpg","url":"https://t.co/jJWK4t86lL","display_url":"pic.twitter.com/jJWK4t86lL","expanded_url":"https://twitter.com/Panoramix_Radio/status/1018963058771812352/photo/1","type":"photo","sizes":{"large":{"w":2048,"h":758,"resize":"fit"},"thumb":{"w":150,"h":150,"resize":"crop"},"small":{"w":680,"h":252,"resize":"fit"},"medium":{"w":1200,"h":444,"resize":"fit"}}}]},"extended_entities":{"media":[{"id":1018963039264047100,"id_str":"1018963039264047105","indices":[280,303],"media_url":"http://pbs.twimg.com/media/DiQVfEqWAAEXNlC.jpg","media_url_https":"https://pbs.twimg.com/media/DiQVfEqWAAEXNlC.jpg","url":"https://t.co/jJWK4t86lL","display_url":"pic.twitter.com/jJWK4t86lL","expanded_url":"https://twitter.com/Panoramix_Radio/status/1018963058771812352/photo/1","type":"photo","sizes":{"large":{"w":2048,"h":758,"resize":"fit"},"thumb":{"w":150,"h":150,"resize":"crop"},"small":{"w":680,"h":252,"resize":"fit"},"medium":{"w":1200,"h":444,"resize":"fit"}}}]}},"quote_count":0,"reply_count":0,"retweet_count":4,"favorite_count":2,"entities":{"hashtags":[{"text":"WORLD","indices":[25,31]},{"text":"DAISHIDANCE","indices":[33,45]},{"text":"tokyo","indices":[46,52]},{"text":"Japan","indices":[53,59]},{"text":"clubfrance","indices":[60,71]},{"text":"PlayStationPlus","indices":[72,88]},{"text":"NRJHits","indices":[89,97]},{"text":"Numéro23","indices":[98,107]}],"urls":[{"url":"https://t.co/Ku1kcercSH","expanded_url":"http://radio7.pro-fhi.net/flux-panoramix/stream","display_url":"radio7.pro-fhi.net/flux-panoramix…","indices":[0,23]},{"url":"https://t.co/3ooeyxvtvt","expanded_url":"https://twitter.com/i/web/status/1018963058771812352","display_url":"twitter.com/i/web/status/1…","indices":[109,132]}],"user_mentions":[],"symbols":[]},"favorited":false,"retweeted":false,"possibly_sensitive":false,"filter_level":"low","lang":"und"},"is_quote_status":false,"quote_count":0,"reply_count":0,"retweet_count":0,"favorite_count":0,"entities":{"hashtags":[{"text":"WORLD","indices":[46,52]},{"text":"DAISHIDANCE","indices":[54,66]},{"text":"tokyo","indices":[67,73]},{"text":"Japan","indices":[74,80]},{"text":"clubfrance","indices":[81,92]},{"text":"PlayStationPlus","indices":[93,109]},{"text":"NRJHits","indices":[110,118]},{"text":"Numéro23","indices":[119,128]}],"urls":[{"url":"https://t.co/Ku1kcercSH","expanded_url":"http://radio7.pro-fhi.net/flux-panoramix/stream","display_url":"radio7.pro-fhi.net/flux-panoramix…","indices":[21,44]}],"user_mentions":[{"screen_name":"Panoramix_Radio","name":"PanoramixRadio","id":2151278150,"id_str":"2151278150","indices":[3,19]}],"symbols":[]},"favorited":false,"retweeted":false,"possibly_sensitive":false,"filter_level":"low","lang":"und","timestamp_ms":"1537265750929"}