{"created_at":"Tue Sep 18 11:13:08 +0000 2018","id":1042008614901141500,"id_str":"1042008614901141504","text":"#Singapore loves #Peace - Thanks for watching! https://t.co/kHWsoc54SK https://t.co/1wh1qwaPax","source":"<a href=\"http://twitter.com/download/android\" rel=\"nofollow\">Twitter for Android</a>","truncated":false,"in_reply_to_status_id":null,"in_reply_to_status_id_str":null,"in_reply_to_user_id":null,"in_reply_to_user_id_str":null,"in_reply_to_screen_name":null,"user":{"id":3235933184,"id_str":"3235933184","name":"Pleased","screen_name":"hao6722","location":null,"url":null,"description":"Pleasantly pleased","translator_type":"none","protected":false,"verified":false,"followers_count":4461,"friends_count":5035,"listed_count":38,"favourites_count":4555,"statuses_count":7822,"created_at":"Thu Jun 04 11:01:16 +0000 2015","utc_offset":null,"time_zone":null,"geo_enabled":false,"lang":"ko","contributors_enabled":false,"is_translator":false,"profile_background_color":"C0DEED","profile_background_image_url":"http://abs.twimg.com/images/themes/theme1/bg.png","profile_background_image_url_https":"https://abs.twimg.com/images/themes/theme1/bg.png","profile_background_tile":false,"profile_link_color":"1DA1F2","profile_sidebar_border_color":"C0DEED","profile_sidebar_fill_color":"DDEEF6","profile_text_color":"333333","profile_use_background_image":true,"profile_image_url":"http://pbs.twimg.com/profile_images/862638190296842240/_uVCFsv1_normal.jpg","profile_image_url_https":"https://pbs.twimg.com/profile_images/862638190296842240/_uVCFsv1_normal.jpg","profile_banner_url":"https://pbs.twimg.com/profile_banners/3235933184/1472819085","default_profile":true,"default_profile_image":false,"following":null,"follow_request_sent":null,"notifications":null},"geo":null,"coordinates":null,"place":null,"contributors":null,"is_quote_status":false,"quote_count":0,"reply_count":0,"retweet_count":0,"favorite_count":0,"entities":{"hashtags":[{"text":"Singapore","indices":[0,10]},{"text":"Peace","indices":[17,23]}],"urls":[{"url":"https://t.co/kHWsoc54SK","expanded_url":"https://m.youtube.com/watch?feature=share&v=nZo_76DrW4E","display_url":"m.youtube.com/watch?feature=…","indices":[47,70]}],"user_mentions":[],"symbols":[],"media":[{"id":1041973059559682000,"id_str":"1041973059559682049","indices":[71,94],"media_url":"http://pbs.twimg.com/media/DnXU-iCU8AEXj9a.jpg","media_url_https":"https://pbs.twimg.com/media/DnXU-iCU8AEXj9a.jpg","url":"https://t.co/1wh1qwaPax","display_url":"pic.twitter.com/1wh1qwaPax","expanded_url":"https://twitter.com/HWPL_Chicago/status/1041973063796097024/photo/1","type":"photo","sizes":{"thumb":{"w":150,"h":150,"resize":"crop"},"medium":{"w":1200,"h":675,"resize":"fit"},"small":{"w":680,"h":382,"resize":"fit"},"large":{"w":1334,"h":750,"resize":"fit"}},"source_status_id":1041973063796097000,"source_status_id_str":"1041973063796097024","source_user_id":2462843036,"source_user_id_str":"2462843036"}]},"extended_entities":{"media":[{"id":1041973059559682000,"id_str":"1041973059559682049","indices":[71,94],"media_url":"http://pbs.twimg.com/media/DnXU-iCU8AEXj9a.jpg","media_url_https":"https://pbs.twimg.com/media/DnXU-iCU8AEXj9a.jpg","url":"https://t.co/1wh1qwaPax","display_url":"pic.twitter.com/1wh1qwaPax","expanded_url":"https://twitter.com/HWPL_Chicago/status/1041973063796097024/photo/1","type":"photo","sizes":{"thumb":{"w":150,"h":150,"resize":"crop"},"medium":{"w":1200,"h":675,"resize":"fit"},"small":{"w":680,"h":382,"resize":"fit"},"large":{"w":1334,"h":750,"resize":"fit"}},"source_status_id":1041973063796097000,"source_status_id_str":"1041973063796097024","source_user_id":2462843036,"source_user_id_str":"2462843036"}]},"favorited":false,"retweeted":false,"possibly_sensitive":false,"filter_level":"low","lang":"en","timestamp_ms":"1537269188033"}