{"created_at":"Tue Sep 18 11:13:08 +0000 2018","id":1042008615329124400,"id_str":"1042008615329124352","text":"RT @yeswehack: Ladies and Gentlemen, as member of @ExcellenceCyber We are in #Singapore @GovernmentWare !\nLet's have a chat about #BugBount…","source":"<a href=\"http://twitter.com/download/android\" rel=\"nofollow\">Twitter for Android</a>","truncated":false,"in_reply_to_status_id":null,"in_reply_to_status_id_str":null,"in_reply_to_user_id":null,"in_reply_to_user_id_str":null,"in_reply_to_screen_name":null,"user":{"id":2557387880,"id_str":"2557387880","name":"Dominique LEMOINE","screen_name":"DominikLEMOINE","location":"Rouen","url":"http://www.rouennormandyinvest.com","description":"Développement tertiaire et numérique à #RouenNormandyInvest. Fondateur du @ClubdARC. VP actions régionales de @AFRC_v2","translator_type":"none","protected":false,"verified":false,"followers_count":938,"friends_count":250,"listed_count":93,"favourites_count":1131,"statuses_count":2262,"created_at":"Mon Jun 09 19:20:39 +0000 2014","utc_offset":null,"time_zone":null,"geo_enabled":false,"lang":"fr","contributors_enabled":false,"is_translator":false,"profile_background_color":"C0DEED","profile_background_image_url":"http://abs.twimg.com/images/themes/theme1/bg.png","profile_background_image_url_https":"https://abs.twimg.com/images/themes/theme1/bg.png","profile_background_tile":false,"profile_link_color":"1DA1F2","profile_sidebar_border_color":"C0DEED","profile_sidebar_fill_color":"DDEEF6","profile_text_color":"333333","profile_use_background_image":true,"profile_image_url":"http://pbs.twimg.com/profile_images/476091175141515264/70CrnmEI_normal.jpeg","profile_image_url_https":"https://pbs.twimg.com/profile_images/476091175141515264/70CrnmEI_normal.jpeg","profile_banner_url":"https://pbs.twimg.com/profile_banners/2557387880/1413444973","default_profile":true,"default_profile_image":false,"following":null,"follow_request_sent":null,"notifications":null},"geo":null,"coordinates":null,"place":null,"contributors":null,"retweeted_status":{"created_at":"Tue Sep 18 07:25:15 +0000 2018","id":1041951270221873200,"id_str":"1041951270221873152","text":"Ladies and Gentlemen, as member of @ExcellenceCyber We are in #Singapore @GovernmentWare !\nLet's have a chat about… https://t.co/oCHUFqmr2y","display_text_range":[0,140],"source":"<a href=\"https://about.twitter.com/products/tweetdeck\" rel=\"nofollow\">TweetDeck</a>","truncated":true,"in_reply_to_status_id":null,"in_reply_to_status_id_str":null,"in_reply_to_user_id":null,"in_reply_to_user_id_str":null,"in_reply_to_screen_name":null,"user":{"id":633757433,"id_str":"633757433","name":"Yes We Hack ⠵","screen_name":"yeswehack","location":"World","url":"http://blog.yeswehack.com","description":"Founders of the 1st European #BugBounty Platform @bountyfactoryio \n& #Infosec Job Board @yeswehackjobs \n+ Coordinated #Disclosure tool https://zerodisclo.com","translator_type":"none","protected":false,"verified":false,"followers_count":6183,"friends_count":5543,"listed_count":156,"favourites_count":855,"statuses_count":3514,"created_at":"Thu Jul 12 14:00:01 +0000 2012","utc_offset":null,"time_zone":null,"geo_enabled":false,"lang":"fr","contributors_enabled":false,"is_translator":false,"profile_background_color":"FFFFFF","profile_background_image_url":"http://abs.twimg.com/images/themes/theme14/bg.gif","profile_background_image_url_https":"https://abs.twimg.com/images/themes/theme14/bg.gif","profile_background_tile":true,"profile_link_color":"000000","profile_sidebar_border_color":"000000","profile_sidebar_fill_color":"DDEEF6","profile_text_color":"333333","profile_use_background_image":true,"profile_image_url":"http://pbs.twimg.com/profile_images/904991934413987840/pLL9PfcA_normal.jpg","profile_image_url_https":"https://pbs.twimg.com/profile_images/904991934413987840/pLL9PfcA_normal.jpg","profile_banner_url":"https://pbs.twimg.com/profile_banners/633757433/1520420186","default_profile":false,"default_profile_image":false,"following":null,"follow_request_sent":null,"notifications":null},"geo":null,"coordinates":null,"place":null,"contributors":null,"is_quote_status":false,"extended_tweet":{"full_text":"Ladies and Gentlemen, as member of @ExcellenceCyber We are in #Singapore @GovernmentWare !\nLet's have a chat about #BugBounty &amp; #CVD .\nFeel free to join us at booth L17 \n#GovWare2018 .\nDM are open :) https://t.co/nn4M5LkrR2","display_text_range":[0,203],"entities":{"hashtags":[{"text":"Singapore","indices":[62,72]},{"text":"BugBounty","indices":[115,125]},{"text":"CVD","indices":[132,136]},{"text":"GovWare2018","indices":[174,186]}],"urls":[],"user_mentions":[{"screen_name":"ExcellenceCyber","name":"PôleExcellenceCyber","id":4068739997,"id_str":"4068739997","indices":[35,51]},{"screen_name":"GovernmentWare","name":"GovWare","id":765044877490925600,"id_str":"765044877490925570","indices":[73,88]}],"symbols":[],"media":[{"id":1041950454123511800,"id_str":"1041950454123511813","indices":[204,227],"media_url":"http://pbs.twimg.com/media/DnXAauOWwAUqdeY.jpg","media_url_https":"https://pbs.twimg.com/media/DnXAauOWwAUqdeY.jpg","url":"https://t.co/nn4M5LkrR2","display_url":"pic.twitter.com/nn4M5LkrR2","expanded_url":"https://twitter.com/yeswehack/status/1041951270221873152/photo/1","type":"photo","sizes":{"large":{"w":540,"h":720,"resize":"fit"},"thumb":{"w":150,"h":150,"resize":"crop"},"medium":{"w":540,"h":720,"resize":"fit"},"small":{"w":510,"h":680,"resize":"fit"}}},{"id":1041950502521630700,"id_str":"1041950502521630720","indices":[204,227],"media_url":"http://pbs.twimg.com/media/DnXAdihXcAA1XB9.jpg","media_url_https":"https://pbs.twimg.com/media/DnXAdihXcAA1XB9.jpg","url":"https://t.co/nn4M5LkrR2","display_url":"pic.twitter.com/nn4M5LkrR2","expanded_url":"https://twitter.com/yeswehack/status/1041951270221873152/photo/1","type":"photo","sizes":{"large":{"w":720,"h":376,"resize":"fit"},"thumb":{"w":150,"h":150,"resize":"crop"},"medium":{"w":720,"h":376,"resize":"fit"},"small":{"w":680,"h":355,"resize":"fit"}}},{"id":1041950555365666800,"id_str":"1041950555365666817","indices":[204,227],"media_url":"http://pbs.twimg.com/media/DnXAgnYXcAEEoQ9.jpg","media_url_https":"https://pbs.twimg.com/media/DnXAgnYXcAEEoQ9.jpg","url":"https://t.co/nn4M5LkrR2","display_url":"pic.twitter.com/nn4M5LkrR2","expanded_url":"https://twitter.com/yeswehack/status/1041951270221873152/photo/1","type":"photo","sizes":{"small":{"w":680,"h":510,"resize":"fit"},"thumb":{"w":150,"h":150,"resize":"crop"},"large":{"w":720,"h":540,"resize":"fit"},"medium":{"w":720,"h":540,"resize":"fit"}}}]},"extended_entities":{"media":[{"id":1041950454123511800,"id_str":"1041950454123511813","indices":[204,227],"media_url":"http://pbs.twimg.com/media/DnXAauOWwAUqdeY.jpg","media_url_https":"https://pbs.twimg.com/media/DnXAauOWwAUqdeY.jpg","url":"https://t.co/nn4M5LkrR2","display_url":"pic.twitter.com/nn4M5LkrR2","expanded_url":"https://twitter.com/yeswehack/status/1041951270221873152/photo/1","type":"photo","sizes":{"large":{"w":540,"h":720,"resize":"fit"},"thumb":{"w":150,"h":150,"resize":"crop"},"medium":{"w":540,"h":720,"resize":"fit"},"small":{"w":510,"h":680,"resize":"fit"}}},{"id":1041950502521630700,"id_str":"1041950502521630720","indices":[204,227],"media_url":"http://pbs.twimg.com/media/DnXAdihXcAA1XB9.jpg","media_url_https":"https://pbs.twimg.com/media/DnXAdihXcAA1XB9.jpg","url":"https://t.co/nn4M5LkrR2","display_url":"pic.twitter.com/nn4M5LkrR2","expanded_url":"https://twitter.com/yeswehack/status/1041951270221873152/photo/1","type":"photo","sizes":{"large":{"w":720,"h":376,"resize":"fit"},"thumb":{"w":150,"h":150,"resize":"crop"},"medium":{"w":720,"h":376,"resize":"fit"},"small":{"w":680,"h":355,"resize":"fit"}}},{"id":1041950555365666800,"id_str":"1041950555365666817","indices":[204,227],"media_url":"http://pbs.twimg.com/media/DnXAgnYXcAEEoQ9.jpg","media_url_https":"https://pbs.twimg.com/media/DnXAgnYXcAEEoQ9.jpg","url":"https://t.co/nn4M5LkrR2","display_url":"pic.twitter.com/nn4M5LkrR2","expanded_url":"https://twitter.com/yeswehack/status/1041951270221873152/photo/1","type":"photo","sizes":{"small":{"w":680,"h":510,"resize":"fit"},"thumb":{"w":150,"h":150,"resize":"crop"},"large":{"w":720,"h":540,"resize":"fit"},"medium":{"w":720,"h":540,"resize":"fit"}}}]}},"quote_count":0,"reply_count":0,"retweet_count":7,"favorite_count":2,"entities":{"hashtags":[{"text":"Singapore","indices":[62,72]}],"urls":[{"url":"https://t.co/oCHUFqmr2y","expanded_url":"https://twitter.com/i/web/status/1041951270221873152","display_url":"twitter.com/i/web/status/1…","indices":[116,139]}],"user_mentions":[{"screen_name":"ExcellenceCyber","name":"PôleExcellenceCyber","id":4068739997,"id_str":"4068739997","indices":[35,51]},{"screen_name":"GovernmentWare","name":"GovWare","id":765044877490925600,"id_str":"765044877490925570","indices":[73,88]}],"symbols":[]},"favorited":false,"retweeted":false,"possibly_sensitive":false,"filter_level":"low","lang":"en"},"is_quote_status":false,"quote_count":0,"reply_count":0,"retweet_count":0,"favorite_count":0,"entities":{"hashtags":[{"text":"Singapore","indices":[77,87]}],"urls":[],"user_mentions":[{"screen_name":"yeswehack","name":"Yes We Hack ⠵","id":633757433,"id_str":"633757433","indices":[3,13]},{"screen_name":"ExcellenceCyber","name":"PôleExcellenceCyber","id":4068739997,"id_str":"4068739997","indices":[50,66]},{"screen_name":"GovernmentWare","name":"GovWare","id":765044877490925600,"id_str":"765044877490925570","indices":[88,103]}],"symbols":[]},"favorited":false,"retweeted":false,"filter_level":"low","lang":"en","timestamp_ms":"1537269188135"}