{"created_at":"Tue Sep 18 11:13:11 +0000 2018","id":1042008628021157900,"id_str":"1042008628021157889","text":"#renewables #SavetheDate: 31 Oct-1 Nov IRENA is holding #IOREC — the Int'l Off-grid Renewable Energy Conference, al… https://t.co/47uBIuwre3","source":"<a href=\"https://ifttt.com\" rel=\"nofollow\">IFTTT</a>","truncated":true,"in_reply_to_status_id":null,"in_reply_to_status_id_str":null,"in_reply_to_user_id":null,"in_reply_to_user_id_str":null,"in_reply_to_screen_name":null,"user":{"id":500103511,"id_str":"500103511","name":"Gilbert Kouame","screen_name":"KwameGilbert","location":"Côte d'Ivoire","url":null,"description":"Mes hobbies? Energies, Environnement, Pétrole, Photographie, Innovations en TIC ...","translator_type":"none","protected":false,"verified":false,"followers_count":68,"friends_count":144,"listed_count":4,"favourites_count":16,"statuses_count":13878,"created_at":"Wed Feb 22 20:12:56 +0000 2012","utc_offset":null,"time_zone":null,"geo_enabled":false,"lang":"en","contributors_enabled":false,"is_translator":false,"profile_background_color":"C0DEED","profile_background_image_url":"http://abs.twimg.com/images/themes/theme1/bg.png","profile_background_image_url_https":"https://abs.twimg.com/images/themes/theme1/bg.png","profile_background_tile":true,"profile_link_color":"0084B4","profile_sidebar_border_color":"FFFFFF","profile_sidebar_fill_color":"DDEEF6","profile_text_color":"333333","profile_use_background_image":true,"profile_image_url":"http://pbs.twimg.com/profile_images/559157256022134785/bIK1AqJR_normal.jpeg","profile_image_url_https":"https://pbs.twimg.com/profile_images/559157256022134785/bIK1AqJR_normal.jpeg","default_profile":false,"default_profile_image":false,"following":null,"follow_request_sent":null,"notifications":null},"geo":null,"coordinates":null,"place":null,"contributors":null,"is_quote_status":false,"extended_tweet":{"full_text":"#renewables #SavetheDate: 31 Oct-1 Nov IRENA is holding #IOREC — the Int'l Off-grid Renewable Energy Conference, alongside the Asia Clean Energy Summit — in #Singapore during #SIEW2018. See what’s happening &amp; how you can get involved … https://t.co/VkXUX0E7ZD","display_text_range":[0,263],"entities":{"hashtags":[{"text":"renewables","indices":[0,11]},{"text":"SavetheDate","indices":[12,24]},{"text":"IOREC","indices":[56,62]},{"text":"Singapore","indices":[157,167]},{"text":"SIEW2018","indices":[175,184]}],"urls":[],"user_mentions":[],"symbols":[],"media":[{"id":1041952750001631200,"id_str":"1041952750001631238","indices":[240,263],"media_url":"http://pbs.twimg.com/media/DnXCgXCWsAYIzvz.jpg","media_url_https":"https://pbs.twimg.com/media/DnXCgXCWsAYIzvz.jpg","url":"https://t.co/VkXUX0E7ZD","display_url":"pic.twitter.com/VkXUX0E7ZD","expanded_url":"https://twitter.com/IRENA/status/1042007827815051269/photo/1","type":"photo","sizes":{"thumb":{"w":150,"h":150,"resize":"crop"},"large":{"w":1200,"h":627,"resize":"fit"},"medium":{"w":1200,"h":627,"resize":"fit"},"small":{"w":680,"h":355,"resize":"fit"}},"source_status_id":1042007827815051300,"source_status_id_str":"1042007827815051269","source_user_id":1926360631,"source_user_id_str":"1926360631"}]},"extended_entities":{"media":[{"id":1041952750001631200,"id_str":"1041952750001631238","indices":[240,263],"media_url":"http://pbs.twimg.com/media/DnXCgXCWsAYIzvz.jpg","media_url_https":"https://pbs.twimg.com/media/DnXCgXCWsAYIzvz.jpg","url":"https://t.co/VkXUX0E7ZD","display_url":"pic.twitter.com/VkXUX0E7ZD","expanded_url":"https://twitter.com/IRENA/status/1042007827815051269/photo/1","type":"photo","sizes":{"thumb":{"w":150,"h":150,"resize":"crop"},"large":{"w":1200,"h":627,"resize":"fit"},"medium":{"w":1200,"h":627,"resize":"fit"},"small":{"w":680,"h":355,"resize":"fit"}},"source_status_id":1042007827815051300,"source_status_id_str":"1042007827815051269","source_user_id":1926360631,"source_user_id_str":"1926360631"}]}},"quote_count":0,"reply_count":0,"retweet_count":0,"favorite_count":0,"entities":{"hashtags":[{"text":"renewables","indices":[0,11]},{"text":"SavetheDate","indices":[12,24]},{"text":"IOREC","indices":[56,62]}],"urls":[{"url":"https://t.co/47uBIuwre3","expanded_url":"https://twitter.com/i/web/status/1042008628021157889","display_url":"twitter.com/i/web/status/1…","indices":[117,140]}],"user_mentions":[],"symbols":[]},"favorited":false,"retweeted":false,"possibly_sensitive":false,"filter_level":"low","lang":"en","timestamp_ms":"1537269191161"}