{"created_at":"Tue Sep 18 10:30:14 +0000 2018","id":1041997820465688600,"id_str":"1041997820465688576","text":"How #HRTech will affect the #HR Department in 2020? If you missed this interesting #webinar by #AdrianTan the Co-fo… https://t.co/Ceg1cjN6xM","display_text_range":[0,140],"source":"<a href=\"https://www.hootsuite.com\" rel=\"nofollow\">Hootsuite Inc.</a>","truncated":true,"in_reply_to_status_id":null,"in_reply_to_status_id_str":null,"in_reply_to_user_id":null,"in_reply_to_user_id_str":null,"in_reply_to_screen_name":null,"user":{"id":171004586,"id_str":"171004586","name":"Synergita","screen_name":"synergita","location":"Chennai, Tamil Nadu","url":"http://www.synergita.com","description":"Cloud-based #HR #PerformanceManagementSoftware #EmployeeEngagement #HumanResource\nhttps://www.linkedin.com/company/synergita\nhttps://www.facebook.com/Synergita","translator_type":"none","protected":false,"verified":false,"followers_count":1286,"friends_count":1133,"listed_count":110,"favourites_count":522,"statuses_count":5787,"created_at":"Mon Jul 26 09:37:20 +0000 2010","utc_offset":null,"time_zone":null,"geo_enabled":true,"lang":"en","contributors_enabled":false,"is_translator":false,"profile_background_color":"F7F4ED","profile_background_image_url":"http://abs.twimg.com/images/themes/theme4/bg.gif","profile_background_image_url_https":"https://abs.twimg.com/images/themes/theme4/bg.gif","profile_background_tile":false,"profile_link_color":"981CEB","profile_sidebar_border_color":"FFFFFF","profile_sidebar_fill_color":"EDFBFF","profile_text_color":"0D0D0D","profile_use_background_image":true,"profile_image_url":"http://pbs.twimg.com/profile_images/983977637940027400/USLWEQZJ_normal.jpg","profile_image_url_https":"https://pbs.twimg.com/profile_images/983977637940027400/USLWEQZJ_normal.jpg","profile_banner_url":"https://pbs.twimg.com/profile_banners/171004586/1535098499","default_profile":false,"default_profile_image":false,"following":null,"follow_request_sent":null,"notifications":null},"geo":null,"coordinates":null,"place":null,"contributors":null,"is_quote_status":false,"extended_tweet":{"full_text":"How #HRTech will affect the #HR Department in 2020? If you missed this interesting #webinar by #AdrianTan the Co-founder of The Resource Group #Singapore, you can still view it here: https://t.co/Hyqy0GouKq https://t.co/ghyEqVq6TZ","display_text_range":[0,206],"entities":{"hashtags":[{"text":"HRTech","indices":[4,11]},{"text":"HR","indices":[28,31]},{"text":"webinar","indices":[83,91]},{"text":"AdrianTan","indices":[95,105]},{"text":"Singapore","indices":[143,153]}],"urls":[{"url":"https://t.co/Hyqy0GouKq","expanded_url":"http://marketing.synergita.com/webinar-how-hr-tech-will-effect-hr-department-in-2020","display_url":"marketing.synergita.com/webinar-how-hr…","indices":[183,206]}],"user_mentions":[],"symbols":[],"media":[{"id":1041997818846748700,"id_str":"1041997818846748672","indices":[207,230],"media_url":"http://pbs.twimg.com/media/DnXrftkXoAAlYmT.jpg","media_url_https":"https://pbs.twimg.com/media/DnXrftkXoAAlYmT.jpg","url":"https://t.co/ghyEqVq6TZ","display_url":"pic.twitter.com/ghyEqVq6TZ","expanded_url":"https://twitter.com/synergita/status/1041997820465688576/photo/1","type":"photo","sizes":{"thumb":{"w":150,"h":150,"resize":"crop"},"medium":{"w":1050,"h":705,"resize":"fit"},"large":{"w":1050,"h":705,"resize":"fit"},"small":{"w":680,"h":457,"resize":"fit"}}}]},"extended_entities":{"media":[{"id":1041997818846748700,"id_str":"1041997818846748672","indices":[207,230],"media_url":"http://pbs.twimg.com/media/DnXrftkXoAAlYmT.jpg","media_url_https":"https://pbs.twimg.com/media/DnXrftkXoAAlYmT.jpg","url":"https://t.co/ghyEqVq6TZ","display_url":"pic.twitter.com/ghyEqVq6TZ","expanded_url":"https://twitter.com/synergita/status/1041997820465688576/photo/1","type":"photo","sizes":{"thumb":{"w":150,"h":150,"resize":"crop"},"medium":{"w":1050,"h":705,"resize":"fit"},"large":{"w":1050,"h":705,"resize":"fit"},"small":{"w":680,"h":457,"resize":"fit"}}}]}},"quote_count":0,"reply_count":0,"retweet_count":0,"favorite_count":0,"entities":{"hashtags":[{"text":"HRTech","indices":[4,11]},{"text":"HR","indices":[28,31]},{"text":"webinar","indices":[83,91]},{"text":"AdrianTan","indices":[95,105]}],"urls":[{"url":"https://t.co/Ceg1cjN6xM","expanded_url":"https://twitter.com/i/web/status/1041997820465688576","display_url":"twitter.com/i/web/status/1…","indices":[117,140]}],"user_mentions":[],"symbols":[]},"favorited":false,"retweeted":false,"possibly_sensitive":false,"filter_level":"low","lang":"en","timestamp_ms":"1537266614439"}