{"created_at":"Tue Sep 18 10:16:02 +0000 2018","id":1041994245345751000,"id_str":"1041994245345751041","text":"RT @WM_ONOFF: [#제이어스] \n오랜만에 light’s On 무대도 하고 즐거웠어요 ~~~•_•/❤️\n#Singapore #Hanllyu_Pop #opening https://t.co/R3p2TVH5ao","source":"<a href=\"http://twitter.com/download/android\" rel=\"nofollow\">Twitter for Android</a>","truncated":false,"in_reply_to_status_id":null,"in_reply_to_status_id_str":null,"in_reply_to_user_id":null,"in_reply_to_user_id_str":null,"in_reply_to_screen_name":null,"user":{"id":1041327832138281000,"id_str":"1041327832138280961","name":"비스","screen_name":"bjtqQRZMJPjQ4Jp","location":null,"url":null,"description":null,"translator_type":"none","protected":false,"verified":false,"followers_count":0,"friends_count":27,"listed_count":0,"favourites_count":13,"statuses_count":19,"created_at":"Sun Sep 16 14:07:56 +0000 2018","utc_offset":null,"time_zone":null,"geo_enabled":false,"lang":"en","contributors_enabled":false,"is_translator":false,"profile_background_color":"F5F8FA","profile_background_image_url":"","profile_background_image_url_https":"","profile_background_tile":false,"profile_link_color":"1DA1F2","profile_sidebar_border_color":"C0DEED","profile_sidebar_fill_color":"DDEEF6","profile_text_color":"333333","profile_use_background_image":true,"profile_image_url":"http://pbs.twimg.com/profile_images/1041328785507811330/FaQMt4iK_normal.jpg","profile_image_url_https":"https://pbs.twimg.com/profile_images/1041328785507811330/FaQMt4iK_normal.jpg","profile_banner_url":"https://pbs.twimg.com/profile_banners/1041327832138280961/1537107102","default_profile":true,"default_profile_image":false,"following":null,"follow_request_sent":null,"notifications":null},"geo":null,"coordinates":null,"place":null,"contributors":null,"retweeted_status":{"created_at":"Sat Sep 08 14:01:41 +0000 2018","id":1038427155305136100,"id_str":"1038427155305136128","text":"[#제이어스] \n오랜만에 light’s On 무대도 하고 즐거웠어요 ~~~•_•/❤️\n#Singapore #Hanllyu_Pop #opening https://t.co/R3p2TVH5ao","display_text_range":[0,80],"source":"<a href=\"http://twitter.com/download/iphone\" rel=\"nofollow\">Twitter for iPhone</a>","truncated":false,"in_reply_to_status_id":null,"in_reply_to_status_id_str":null,"in_reply_to_user_id":null,"in_reply_to_user_id_str":null,"in_reply_to_screen_name":null,"user":{"id":885478981637623800,"id_str":"885478981637623808","name":"온앤오프(ONF)","screen_name":"WM_ONOFF","location":null,"url":"http://www.on7off.com","description":"온앤오프 (ONF) Official","translator_type":"none","protected":false,"verified":false,"followers_count":51233,"friends_count":3,"listed_count":505,"favourites_count":0,"statuses_count":868,"created_at":"Thu Jul 13 12:40:15 +0000 2017","utc_offset":null,"time_zone":null,"geo_enabled":true,"lang":"ko","contributors_enabled":false,"is_translator":false,"profile_background_color":"F5F8FA","profile_background_image_url":"","profile_background_image_url_https":"","profile_background_tile":false,"profile_link_color":"1DA1F2","profile_sidebar_border_color":"C0DEED","profile_sidebar_fill_color":"DDEEF6","profile_text_color":"333333","profile_use_background_image":true,"profile_image_url":"http://pbs.twimg.com/profile_images/1001045270719688704/4siJX12H_normal.jpg","profile_image_url_https":"https://pbs.twimg.com/profile_images/1001045270719688704/4siJX12H_normal.jpg","profile_banner_url":"https://pbs.twimg.com/profile_banners/885478981637623808/1527566252","default_profile":true,"default_profile_image":false,"following":null,"follow_request_sent":null,"notifications":null},"geo":null,"coordinates":null,"place":null,"contributors":null,"is_quote_status":false,"quote_count":101,"reply_count":299,"retweet_count":1196,"favorite_count":3270,"entities":{"hashtags":[{"text":"제이어스","indices":[1,6]},{"text":"Singapore","indices":[48,58]},{"text":"Hanllyu_Pop","indices":[59,71]},{"text":"opening","indices":[72,80]}],"urls":[],"user_mentions":[],"symbols":[],"media":[{"id":1038427148724265000,"id_str":"1038427148724264960","indices":[81,104],"media_url":"http://pbs.twimg.com/media/Dmk7_WzU4AAhex2.jpg","media_url_https":"https://pbs.twimg.com/media/Dmk7_WzU4AAhex2.jpg","url":"https://t.co/R3p2TVH5ao","display_url":"pic.twitter.com/R3p2TVH5ao","expanded_url":"https://twitter.com/WM_ONOFF/status/1038427155305136128/photo/1","type":"photo","sizes":{"thumb":{"w":150,"h":150,"resize":"crop"},"large":{"w":1200,"h":1600,"resize":"fit"},"medium":{"w":900,"h":1200,"resize":"fit"},"small":{"w":510,"h":680,"resize":"fit"}}}]},"extended_entities":{"media":[{"id":1038427148724265000,"id_str":"1038427148724264960","indices":[81,104],"media_url":"http://pbs.twimg.com/media/Dmk7_WzU4AAhex2.jpg","media_url_https":"https://pbs.twimg.com/media/Dmk7_WzU4AAhex2.jpg","url":"https://t.co/R3p2TVH5ao","display_url":"pic.twitter.com/R3p2TVH5ao","expanded_url":"https://twitter.com/WM_ONOFF/status/1038427155305136128/photo/1","type":"photo","sizes":{"thumb":{"w":150,"h":150,"resize":"crop"},"large":{"w":1200,"h":1600,"resize":"fit"},"medium":{"w":900,"h":1200,"resize":"fit"},"small":{"w":510,"h":680,"resize":"fit"}}},{"id":1038427148736839700,"id_str":"1038427148736839680","indices":[81,104],"media_url":"http://pbs.twimg.com/media/Dmk7_W2UwAAscJy.jpg","media_url_https":"https://pbs.twimg.com/media/Dmk7_W2UwAAscJy.jpg","url":"https://t.co/R3p2TVH5ao","display_url":"pic.twitter.com/R3p2TVH5ao","expanded_url":"https://twitter.com/WM_ONOFF/status/1038427155305136128/photo/1","type":"photo","sizes":{"thumb":{"w":150,"h":150,"resize":"crop"},"small":{"w":510,"h":680,"resize":"fit"},"medium":{"w":900,"h":1200,"resize":"fit"},"large":{"w":1200,"h":1600,"resize":"fit"}}},{"id":1038427148728459300,"id_str":"1038427148728459265","indices":[81,104],"media_url":"http://pbs.twimg.com/media/Dmk7_W0U4AELCgL.jpg","media_url_https":"https://pbs.twimg.com/media/Dmk7_W0U4AELCgL.jpg","url":"https://t.co/R3p2TVH5ao","display_url":"pic.twitter.com/R3p2TVH5ao","expanded_url":"https://twitter.com/WM_ONOFF/status/1038427155305136128/photo/1","type":"photo","sizes":{"thumb":{"w":150,"h":150,"resize":"crop"},"small":{"w":510,"h":680,"resize":"fit"},"large":{"w":1200,"h":1600,"resize":"fit"},"medium":{"w":900,"h":1200,"resize":"fit"}}}]},"favorited":false,"retweeted":false,"possibly_sensitive":false,"filter_level":"low","lang":"ko"},"is_quote_status":false,"quote_count":0,"reply_count":0,"retweet_count":0,"favorite_count":0,"entities":{"hashtags":[{"text":"제이어스","indices":[15,20]},{"text":"Singapore","indices":[62,72]},{"text":"Hanllyu_Pop","indices":[73,85]},{"text":"opening","indices":[86,94]}],"urls":[],"user_mentions":[{"screen_name":"WM_ONOFF","name":"온앤오프(ONF)","id":885478981637623800,"id_str":"885478981637623808","indices":[3,12]}],"symbols":[],"media":[{"id":1038427148724265000,"id_str":"1038427148724264960","indices":[95,118],"media_url":"http://pbs.twimg.com/media/Dmk7_WzU4AAhex2.jpg","media_url_https":"https://pbs.twimg.com/media/Dmk7_WzU4AAhex2.jpg","url":"https://t.co/R3p2TVH5ao","display_url":"pic.twitter.com/R3p2TVH5ao","expanded_url":"https://twitter.com/WM_ONOFF/status/1038427155305136128/photo/1","type":"photo","sizes":{"thumb":{"w":150,"h":150,"resize":"crop"},"large":{"w":1200,"h":1600,"resize":"fit"},"medium":{"w":900,"h":1200,"resize":"fit"},"small":{"w":510,"h":680,"resize":"fit"}},"source_status_id":1038427155305136100,"source_status_id_str":"1038427155305136128","source_user_id":885478981637623800,"source_user_id_str":"885478981637623808"}]},"extended_entities":{"media":[{"id":1038427148724265000,"id_str":"1038427148724264960","indices":[95,118],"media_url":"http://pbs.twimg.com/media/Dmk7_WzU4AAhex2.jpg","media_url_https":"https://pbs.twimg.com/media/Dmk7_WzU4AAhex2.jpg","url":"https://t.co/R3p2TVH5ao","display_url":"pic.twitter.com/R3p2TVH5ao","expanded_url":"https://twitter.com/WM_ONOFF/status/1038427155305136128/photo/1","type":"photo","sizes":{"thumb":{"w":150,"h":150,"resize":"crop"},"large":{"w":1200,"h":1600,"resize":"fit"},"medium":{"w":900,"h":1200,"resize":"fit"},"small":{"w":510,"h":680,"resize":"fit"}},"source_status_id":1038427155305136100,"source_status_id_str":"1038427155305136128","source_user_id":885478981637623800,"source_user_id_str":"885478981637623808"},{"id":1038427148736839700,"id_str":"1038427148736839680","indices":[95,118],"media_url":"http://pbs.twimg.com/media/Dmk7_W2UwAAscJy.jpg","media_url_https":"https://pbs.twimg.com/media/Dmk7_W2UwAAscJy.jpg","url":"https://t.co/R3p2TVH5ao","display_url":"pic.twitter.com/R3p2TVH5ao","expanded_url":"https://twitter.com/WM_ONOFF/status/1038427155305136128/photo/1","type":"photo","sizes":{"thumb":{"w":150,"h":150,"resize":"crop"},"small":{"w":510,"h":680,"resize":"fit"},"medium":{"w":900,"h":1200,"resize":"fit"},"large":{"w":1200,"h":1600,"resize":"fit"}},"source_status_id":1038427155305136100,"source_status_id_str":"1038427155305136128","source_user_id":885478981637623800,"source_user_id_str":"885478981637623808"},{"id":1038427148728459300,"id_str":"1038427148728459265","indices":[95,118],"media_url":"http://pbs.twimg.com/media/Dmk7_W0U4AELCgL.jpg","media_url_https":"https://pbs.twimg.com/media/Dmk7_W0U4AELCgL.jpg","url":"https://t.co/R3p2TVH5ao","display_url":"pic.twitter.com/R3p2TVH5ao","expanded_url":"https://twitter.com/WM_ONOFF/status/1038427155305136128/photo/1","type":"photo","sizes":{"thumb":{"w":150,"h":150,"resize":"crop"},"small":{"w":510,"h":680,"resize":"fit"},"large":{"w":1200,"h":1600,"resize":"fit"},"medium":{"w":900,"h":1200,"resize":"fit"}},"source_status_id":1038427155305136100,"source_status_id_str":"1038427155305136128","source_user_id":885478981637623800,"source_user_id_str":"885478981637623808"}]},"favorited":false,"retweeted":false,"possibly_sensitive":false,"filter_level":"low","lang":"ko","timestamp_ms":"1537265762064"}