{"created_at":"Tue Sep 18 10:30:25 +0000 2018","id":1041997865373982700,"id_str":"1041997865373982720","text":"@sirotkin_sergey in the Williams FW41... #Singapore #F1 #PassionPassport #StreetStyle #Landscape #CarbonFiber… https://t.co/dei0hljl4n","source":"<a href=\"http://instagram.com\" rel=\"nofollow\">Instagram</a>","truncated":true,"in_reply_to_status_id":null,"in_reply_to_status_id_str":null,"in_reply_to_user_id":1595318378,"in_reply_to_user_id_str":"1595318378","in_reply_to_screen_name":"sirotkin_sergey","user":{"id":377341937,"id_str":"377341937","name":"Wyn","screen_name":"Wyn_photos","location":"Singapore","url":"http://www.flickr.com/photos/68800958@N04/sets/","description":"Twitter - Formally @0wyn0\n\n\n\n\n\nInstagram - @wyn_photos","translator_type":"none","protected":false,"verified":false,"followers_count":119,"friends_count":328,"listed_count":27,"favourites_count":48,"statuses_count":5450,"created_at":"Wed Sep 21 12:33:56 +0000 2011","utc_offset":null,"time_zone":null,"geo_enabled":true,"lang":"en","contributors_enabled":false,"is_translator":false,"profile_background_color":"C0DEED","profile_background_image_url":"http://abs.twimg.com/images/themes/theme1/bg.png","profile_background_image_url_https":"https://abs.twimg.com/images/themes/theme1/bg.png","profile_background_tile":false,"profile_link_color":"1DA1F2","profile_sidebar_border_color":"C0DEED","profile_sidebar_fill_color":"DDEEF6","profile_text_color":"333333","profile_use_background_image":true,"profile_image_url":"http://pbs.twimg.com/profile_images/589665939890647040/U3KdvJKk_normal.jpg","profile_image_url_https":"https://pbs.twimg.com/profile_images/589665939890647040/U3KdvJKk_normal.jpg","profile_banner_url":"https://pbs.twimg.com/profile_banners/377341937/1433137884","default_profile":true,"default_profile_image":false,"following":null,"follow_request_sent":null,"notifications":null},"geo":{"type":"Point","coordinates":[1.29197,103.86381]},"coordinates":{"type":"Point","coordinates":[103.86381,1.29197]},"place":{"id":"58a4c3a0d54e1400","url":"https://api.twitter.com/1.1/geo/id/58a4c3a0d54e1400.json","place_type":"admin","name":"Central Region","full_name":"Central Region, Singapore","country_code":"SG","country":"Singapore","bounding_box":{"type":"Polygon","coordinates":[[[103.74996,1.212314],[103.74996,1.368745],[103.918427,1.368745],[103.918427,1.212314]]]},"attributes":{}},"contributors":null,"is_quote_status":false,"extended_tweet":{"full_text":"@sirotkin_sergey in the Williams FW41... #Singapore #F1 #PassionPassport #StreetStyle #Landscape #CarbonFiber #ExploreToCreate #VisitSingapore #StreetMagazine #IG_Masterpiece #GameOfTones… https://t.co/yGftx1hUGp","display_text_range":[0,212],"entities":{"hashtags":[{"text":"Singapore","indices":[41,51]},{"text":"F1","indices":[52,55]},{"text":"PassionPassport","indices":[56,72]},{"text":"StreetStyle","indices":[73,85]},{"text":"Landscape","indices":[86,96]},{"text":"CarbonFiber","indices":[97,109]},{"text":"ExploreToCreate","indices":[110,126]},{"text":"VisitSingapore","indices":[127,142]},{"text":"StreetMagazine","indices":[143,158]},{"text":"IG_Masterpiece","indices":[159,174]},{"text":"GameOfTones","indices":[175,187]}],"urls":[{"url":"https://t.co/yGftx1hUGp","expanded_url":"https://www.instagram.com/p/Bn3TnuPHk-t/?utm_source=ig_twitter_share&igshid=mt9rua95zdw0","display_url":"instagram.com/p/Bn3TnuPHk-t/…","indices":[189,212]}],"user_mentions":[{"screen_name":"sirotkin_sergey","name":"Sirotkin Sergey","id":1595318378,"id_str":"1595318378","indices":[0,16]}],"symbols":[]}},"quote_count":0,"reply_count":0,"retweet_count":0,"favorite_count":0,"entities":{"hashtags":[{"text":"Singapore","indices":[41,51]},{"text":"F1","indices":[52,55]},{"text":"PassionPassport","indices":[56,72]},{"text":"StreetStyle","indices":[73,85]},{"text":"Landscape","indices":[86,96]},{"text":"CarbonFiber","indices":[97,109]}],"urls":[{"url":"https://t.co/dei0hljl4n","expanded_url":"https://twitter.com/i/web/status/1041997865373982720","display_url":"twitter.com/i/web/status/1…","indices":[111,134]}],"user_mentions":[{"screen_name":"sirotkin_sergey","name":"Sirotkin Sergey","id":1595318378,"id_str":"1595318378","indices":[0,16]}],"symbols":[]},"favorited":false,"retweeted":false,"possibly_sensitive":false,"filter_level":"low","lang":"en","timestamp_ms":"1537266625146"}