{"created_at":"Tue Sep 18 10:30:27 +0000 2018","id":1041997873385222100,"id_str":"1041997873385222144","text":"In brief: #Singapore government to invest $18m in #quantum_engineering https://t.co/UJHbEXC682 https://t.co/MRpZ8FlZ5u","display_text_range":[0,94],"source":"<a href=\"https://buffer.com\" rel=\"nofollow\">Buffer</a>","truncated":false,"in_reply_to_status_id":null,"in_reply_to_status_id_str":null,"in_reply_to_user_id":null,"in_reply_to_user_id_str":null,"in_reply_to_screen_name":null,"user":{"id":98864548,"id_str":"98864548","name":"macinfosoft","screen_name":"macinfosoft","location":"Bangalore","url":"http://www.macinfosoft.com","description":"Bengaluru's InfoSec & AppDev enhancing User Experience (UX) for Web, Mac and iOS apps. We optimize your websites for Search Engine & Social Media.","translator_type":"none","protected":false,"verified":false,"followers_count":296,"friends_count":188,"listed_count":140,"favourites_count":154,"statuses_count":29948,"created_at":"Wed Dec 23 12:03:54 +0000 2009","utc_offset":null,"time_zone":null,"geo_enabled":true,"lang":"en","contributors_enabled":false,"is_translator":false,"profile_background_color":"C0DEED","profile_background_image_url":"http://abs.twimg.com/images/themes/theme1/bg.png","profile_background_image_url_https":"https://abs.twimg.com/images/themes/theme1/bg.png","profile_background_tile":false,"profile_link_color":"0084B4","profile_sidebar_border_color":"C0DEED","profile_sidebar_fill_color":"DDEEF6","profile_text_color":"333333","profile_use_background_image":true,"profile_image_url":"http://pbs.twimg.com/profile_images/789405741/MIS_normal.png","profile_image_url_https":"https://pbs.twimg.com/profile_images/789405741/MIS_normal.png","profile_banner_url":"https://pbs.twimg.com/profile_banners/98864548/1470016795","default_profile":false,"default_profile_image":false,"following":null,"follow_request_sent":null,"notifications":null},"geo":null,"coordinates":null,"place":null,"contributors":null,"is_quote_status":false,"quote_count":0,"reply_count":0,"retweet_count":0,"favorite_count":0,"entities":{"hashtags":[{"text":"Singapore","indices":[10,20]},{"text":"quantum_engineering","indices":[50,70]}],"urls":[{"url":"https://t.co/UJHbEXC682","expanded_url":"https://buff.ly/2pchs7B","display_url":"buff.ly/2pchs7B","indices":[71,94]}],"user_mentions":[],"symbols":[],"media":[{"id":1041997871556354000,"id_str":"1041997871556354049","indices":[95,118],"media_url":"http://pbs.twimg.com/media/DnXrix7UYAE09zk.jpg","media_url_https":"https://pbs.twimg.com/media/DnXrix7UYAE09zk.jpg","url":"https://t.co/MRpZ8FlZ5u","display_url":"pic.twitter.com/MRpZ8FlZ5u","expanded_url":"https://twitter.com/macinfosoft/status/1041997873385222144/photo/1","type":"photo","sizes":{"thumb":{"w":150,"h":150,"resize":"crop"},"medium":{"w":1200,"h":675,"resize":"fit"},"small":{"w":680,"h":383,"resize":"fit"},"large":{"w":1280,"h":720,"resize":"fit"}}}]},"extended_entities":{"media":[{"id":1041997871556354000,"id_str":"1041997871556354049","indices":[95,118],"media_url":"http://pbs.twimg.com/media/DnXrix7UYAE09zk.jpg","media_url_https":"https://pbs.twimg.com/media/DnXrix7UYAE09zk.jpg","url":"https://t.co/MRpZ8FlZ5u","display_url":"pic.twitter.com/MRpZ8FlZ5u","expanded_url":"https://twitter.com/macinfosoft/status/1041997873385222144/photo/1","type":"photo","sizes":{"thumb":{"w":150,"h":150,"resize":"crop"},"medium":{"w":1200,"h":675,"resize":"fit"},"small":{"w":680,"h":383,"resize":"fit"},"large":{"w":1280,"h":720,"resize":"fit"}}}]},"favorited":false,"retweeted":false,"possibly_sensitive":false,"filter_level":"low","lang":"en","timestamp_ms":"1537266627056"}