{"created_at":"Tue Sep 18 10:51:56 +0000 2018","id":1042003281009107000,"id_str":"1042003281009106945","text":"RT @StemeraOrg: Meet us on @ProjectKairosHQ  !9 Sep to 20 Sep 2018\n\nhttps://t.co/AyXOKAupMP https://t.co/nmxyNalnFA","source":"<a href=\"http://twitter.com\" rel=\"nofollow\">Twitter Web Client</a>","truncated":false,"in_reply_to_status_id":null,"in_reply_to_status_id_str":null,"in_reply_to_user_id":null,"in_reply_to_user_id_str":null,"in_reply_to_screen_name":null,"user":{"id":811224591536361500,"id_str":"811224591536361472","name":"Project Kairos","screen_name":"ProjectKairosHQ","location":"Worldwide","url":"https://tmt.knect365.com/project-kairos-asia/","description":"A global #startup initiative and #community bringing together #investors & #tech startups for #ProjectKairos events worldwide.","translator_type":"none","protected":false,"verified":false,"followers_count":3102,"friends_count":490,"listed_count":16,"favourites_count":418,"statuses_count":2229,"created_at":"Tue Dec 20 14:59:49 +0000 2016","utc_offset":null,"time_zone":null,"geo_enabled":false,"lang":"en","contributors_enabled":false,"is_translator":false,"profile_background_color":"000000","profile_background_image_url":"http://abs.twimg.com/images/themes/theme1/bg.png","profile_background_image_url_https":"https://abs.twimg.com/images/themes/theme1/bg.png","profile_background_tile":false,"profile_link_color":"D7142D","profile_sidebar_border_color":"000000","profile_sidebar_fill_color":"000000","profile_text_color":"000000","profile_use_background_image":false,"profile_image_url":"http://pbs.twimg.com/profile_images/889765462405513216/cp8c0AIx_normal.jpg","profile_image_url_https":"https://pbs.twimg.com/profile_images/889765462405513216/cp8c0AIx_normal.jpg","profile_banner_url":"https://pbs.twimg.com/profile_banners/811224591536361472/1500650011","default_profile":false,"default_profile_image":false,"following":null,"follow_request_sent":null,"notifications":null},"geo":null,"coordinates":null,"place":null,"contributors":null,"retweeted_status":{"created_at":"Tue Sep 18 09:17:20 +0000 2018","id":1041979474043068400,"id_str":"1041979474043068416","text":"Meet us on @ProjectKairosHQ  !9 Sep to 20 Sep 2018\n\nhttps://t.co/AyXOKAupMP https://t.co/nmxyNalnFA","display_text_range":[0,75],"source":"<a href=\"http://twitter.com\" rel=\"nofollow\">Twitter Web Client</a>","truncated":false,"in_reply_to_status_id":null,"in_reply_to_status_id_str":null,"in_reply_to_user_id":null,"in_reply_to_user_id_str":null,"in_reply_to_screen_name":null,"user":{"id":1014449273272856600,"id_str":"1014449273272856576","name":"StemeraIO","screen_name":"StemeraOrg","location":"Selangor, Malaysia","url":"http://www.stemera.io","description":"STEMera™ is an Ed-Tech Company delivering an Online STEM Courses and providing STEMspace™ (Equipment & Asset Sharing)","translator_type":"none","protected":false,"verified":false,"followers_count":1,"friends_count":0,"listed_count":0,"favourites_count":0,"statuses_count":1,"created_at":"Wed Jul 04 10:02:09 +0000 2018","utc_offset":null,"time_zone":null,"geo_enabled":false,"lang":"en","contributors_enabled":false,"is_translator":false,"profile_background_color":"000000","profile_background_image_url":"http://abs.twimg.com/images/themes/theme1/bg.png","profile_background_image_url_https":"https://abs.twimg.com/images/themes/theme1/bg.png","profile_background_tile":false,"profile_link_color":"FF691F","profile_sidebar_border_color":"000000","profile_sidebar_fill_color":"000000","profile_text_color":"000000","profile_use_background_image":false,"profile_image_url":"http://pbs.twimg.com/profile_images/1015141674111074304/Zrm1Z47v_normal.jpg","profile_image_url_https":"https://pbs.twimg.com/profile_images/1015141674111074304/Zrm1Z47v_normal.jpg","profile_banner_url":"https://pbs.twimg.com/profile_banners/1014449273272856576/1537262278","default_profile":false,"default_profile_image":false,"following":null,"follow_request_sent":null,"notifications":null},"geo":null,"coordinates":null,"place":null,"contributors":null,"quoted_status_id":1041968322781306900,"quoted_status_id_str":"1041968322781306881","quoted_status":{"created_at":"Tue Sep 18 08:33:01 +0000 2018","id":1041968322781306900,"id_str":"1041968322781306881","text":"Register for a free visitor ticket for #ProjectKairos #Asia today and make sure you enjoy 2 days of expo, demos, co… https://t.co/Ba3Eqe8yJJ","display_text_range":[0,140],"source":"<a href=\"https://www.sprinklr.com\" rel=\"nofollow\">Sprinklr</a>","truncated":true,"in_reply_to_status_id":null,"in_reply_to_status_id_str":null,"in_reply_to_user_id":null,"in_reply_to_user_id_str":null,"in_reply_to_screen_name":null,"user":{"id":811224591536361500,"id_str":"811224591536361472","name":"Project Kairos","screen_name":"ProjectKairosHQ","location":"Worldwide","url":"https://tmt.knect365.com/project-kairos-asia/","description":"A global #startup initiative and #community bringing together #investors & #tech startups for #ProjectKairos events worldwide.","translator_type":"none","protected":false,"verified":false,"followers_count":3102,"friends_count":490,"listed_count":16,"favourites_count":418,"statuses_count":2228,"created_at":"Tue Dec 20 14:59:49 +0000 2016","utc_offset":null,"time_zone":null,"geo_enabled":false,"lang":"en","contributors_enabled":false,"is_translator":false,"profile_background_color":"000000","profile_background_image_url":"http://abs.twimg.com/images/themes/theme1/bg.png","profile_background_image_url_https":"https://abs.twimg.com/images/themes/theme1/bg.png","profile_background_tile":false,"profile_link_color":"D7142D","profile_sidebar_border_color":"000000","profile_sidebar_fill_color":"000000","profile_text_color":"000000","profile_use_background_image":false,"profile_image_url":"http://pbs.twimg.com/profile_images/889765462405513216/cp8c0AIx_normal.jpg","profile_image_url_https":"https://pbs.twimg.com/profile_images/889765462405513216/cp8c0AIx_normal.jpg","profile_banner_url":"https://pbs.twimg.com/profile_banners/811224591536361472/1500650011","default_profile":false,"default_profile_image":false,"following":null,"follow_request_sent":null,"notifications":null},"geo":null,"coordinates":null,"place":null,"contributors":null,"is_quote_status":false,"extended_tweet":{"full_text":"Register for a free visitor ticket for #ProjectKairos #Asia today and make sure you enjoy 2 days of expo, demos, content, and startups as part of #TechXLR8 Asia https://t.co/q3j8MzhZo8 #Startups #Startup #Singapore https://t.co/z9KyDErvuO","display_text_range":[0,214],"entities":{"hashtags":[{"text":"ProjectKairos","indices":[39,53]},{"text":"Asia","indices":[54,59]},{"text":"TechXLR8","indices":[146,155]},{"text":"Startups","indices":[185,194]},{"text":"Startup","indices":[195,203]},{"text":"Singapore","indices":[204,214]}],"urls":[{"url":"https://t.co/q3j8MzhZo8","expanded_url":"https://techxlr8-asia.event.eventsso.com/article/k7Rcn","display_url":"techxlr8-asia.event.eventsso.com/article/k7Rcn","indices":[161,184]}],"user_mentions":[],"symbols":[],"media":[{"id":1041968320378019800,"id_str":"1041968320378019840","indices":[215,238],"media_url":"http://pbs.twimg.com/media/DnXQqrNXoAAbzjS.jpg","media_url_https":"https://pbs.twimg.com/media/DnXQqrNXoAAbzjS.jpg","url":"https://t.co/z9KyDErvuO","display_url":"pic.twitter.com/z9KyDErvuO","expanded_url":"https://twitter.com/ProjectKairosHQ/status/1041968322781306881/photo/1","type":"photo","sizes":{"small":{"w":680,"h":356,"resize":"fit"},"thumb":{"w":150,"h":150,"resize":"crop"},"medium":{"w":1024,"h":536,"resize":"fit"},"large":{"w":1024,"h":536,"resize":"fit"}}}]},"extended_entities":{"media":[{"id":1041968320378019800,"id_str":"1041968320378019840","indices":[215,238],"media_url":"http://pbs.twimg.com/media/DnXQqrNXoAAbzjS.jpg","media_url_https":"https://pbs.twimg.com/media/DnXQqrNXoAAbzjS.jpg","url":"https://t.co/z9KyDErvuO","display_url":"pic.twitter.com/z9KyDErvuO","expanded_url":"https://twitter.com/ProjectKairosHQ/status/1041968322781306881/photo/1","type":"photo","sizes":{"small":{"w":680,"h":356,"resize":"fit"},"thumb":{"w":150,"h":150,"resize":"crop"},"medium":{"w":1024,"h":536,"resize":"fit"},"large":{"w":1024,"h":536,"resize":"fit"}}}]}},"quote_count":1,"reply_count":0,"retweet_count":0,"favorite_count":2,"entities":{"hashtags":[{"text":"ProjectKairos","indices":[39,53]},{"text":"Asia","indices":[54,59]}],"urls":[{"url":"https://t.co/Ba3Eqe8yJJ","expanded_url":"https://twitter.com/i/web/status/1041968322781306881","display_url":"twitter.com/i/web/status/1…","indices":[117,140]}],"user_mentions":[],"symbols":[]},"favorited":false,"retweeted":false,"possibly_sensitive":false,"filter_level":"low","lang":"en"},"quoted_status_permalink":{"url":"https://t.co/AyXOKAupMP","expanded":"https://twitter.com/ProjectKairosHQ/status/1041968322781306881","display":"twitter.com/ProjectKairosH…"},"is_quote_status":true,"quote_count":0,"reply_count":0,"retweet_count":1,"favorite_count":0,"entities":{"hashtags":[],"urls":[{"url":"https://t.co/AyXOKAupMP","expanded_url":"https://twitter.com/ProjectKairosHQ/status/1041968322781306881","display_url":"twitter.com/ProjectKairosH…","indices":[52,75]}],"user_mentions":[{"screen_name":"ProjectKairosHQ","name":"Project Kairos","id":811224591536361500,"id_str":"811224591536361472","indices":[11,27]}],"symbols":[],"media":[{"id":1041978412879892500,"id_str":"1041978412879892481","indices":[76,99],"media_url":"http://pbs.twimg.com/media/DnXZ2ItU0AESCDt.jpg","media_url_https":"https://pbs.twimg.com/media/DnXZ2ItU0AESCDt.jpg","url":"https://t.co/nmxyNalnFA","display_url":"pic.twitter.com/nmxyNalnFA","expanded_url":"https://twitter.com/StemeraOrg/status/1041979474043068416/photo/1","type":"photo","sizes":{"thumb":{"w":150,"h":150,"resize":"crop"},"small":{"w":487,"h":680,"resize":"fit"},"medium":{"w":859,"h":1200,"resize":"fit"},"large":{"w":1244,"h":1738,"resize":"fit"}}}]},"extended_entities":{"media":[{"id":1041978412879892500,"id_str":"1041978412879892481","indices":[76,99],"media_url":"http://pbs.twimg.com/media/DnXZ2ItU0AESCDt.jpg","media_url_https":"https://pbs.twimg.com/media/DnXZ2ItU0AESCDt.jpg","url":"https://t.co/nmxyNalnFA","display_url":"pic.twitter.com/nmxyNalnFA","expanded_url":"https://twitter.com/StemeraOrg/status/1041979474043068416/photo/1","type":"photo","sizes":{"thumb":{"w":150,"h":150,"resize":"crop"},"small":{"w":487,"h":680,"resize":"fit"},"medium":{"w":859,"h":1200,"resize":"fit"},"large":{"w":1244,"h":1738,"resize":"fit"}}},{"id":1041978447914885100,"id_str":"1041978447914885120","indices":[76,99],"media_url":"http://pbs.twimg.com/media/DnXZ4LOUYAA5KeP.jpg","media_url_https":"https://pbs.twimg.com/media/DnXZ4LOUYAA5KeP.jpg","url":"https://t.co/nmxyNalnFA","display_url":"pic.twitter.com/nmxyNalnFA","expanded_url":"https://twitter.com/StemeraOrg/status/1041979474043068416/photo/1","type":"photo","sizes":{"large":{"w":1245,"h":1779,"resize":"fit"},"thumb":{"w":150,"h":150,"resize":"crop"},"medium":{"w":840,"h":1200,"resize":"fit"},"small":{"w":476,"h":680,"resize":"fit"}}}]},"favorited":false,"retweeted":false,"possibly_sensitive":false,"filter_level":"low","lang":"en"},"quoted_status_id":1041968322781306900,"quoted_status_id_str":"1041968322781306881","quoted_status":{"created_at":"Tue Sep 18 08:33:01 +0000 2018","id":1041968322781306900,"id_str":"1041968322781306881","text":"Register for a free visitor ticket for #ProjectKairos #Asia today and make sure you enjoy 2 days of expo, demos, co… https://t.co/Ba3Eqe8yJJ","display_text_range":[0,140],"source":"<a href=\"https://www.sprinklr.com\" rel=\"nofollow\">Sprinklr</a>","truncated":true,"in_reply_to_status_id":null,"in_reply_to_status_id_str":null,"in_reply_to_user_id":null,"in_reply_to_user_id_str":null,"in_reply_to_screen_name":null,"user":{"id":811224591536361500,"id_str":"811224591536361472","name":"Project Kairos","screen_name":"ProjectKairosHQ","location":"Worldwide","url":"https://tmt.knect365.com/project-kairos-asia/","description":"A global #startup initiative and #community bringing together #investors & #tech startups for #ProjectKairos events worldwide.","translator_type":"none","protected":false,"verified":false,"followers_count":3102,"friends_count":490,"listed_count":16,"favourites_count":418,"statuses_count":2228,"created_at":"Tue Dec 20 14:59:49 +0000 2016","utc_offset":null,"time_zone":null,"geo_enabled":false,"lang":"en","contributors_enabled":false,"is_translator":false,"profile_background_color":"000000","profile_background_image_url":"http://abs.twimg.com/images/themes/theme1/bg.png","profile_background_image_url_https":"https://abs.twimg.com/images/themes/theme1/bg.png","profile_background_tile":false,"profile_link_color":"D7142D","profile_sidebar_border_color":"000000","profile_sidebar_fill_color":"000000","profile_text_color":"000000","profile_use_background_image":false,"profile_image_url":"http://pbs.twimg.com/profile_images/889765462405513216/cp8c0AIx_normal.jpg","profile_image_url_https":"https://pbs.twimg.com/profile_images/889765462405513216/cp8c0AIx_normal.jpg","profile_banner_url":"https://pbs.twimg.com/profile_banners/811224591536361472/1500650011","default_profile":false,"default_profile_image":false,"following":null,"follow_request_sent":null,"notifications":null},"geo":null,"coordinates":null,"place":null,"contributors":null,"is_quote_status":false,"extended_tweet":{"full_text":"Register for a free visitor ticket for #ProjectKairos #Asia today and make sure you enjoy 2 days of expo, demos, content, and startups as part of #TechXLR8 Asia https://t.co/q3j8MzhZo8 #Startups #Startup #Singapore https://t.co/z9KyDErvuO","display_text_range":[0,214],"entities":{"hashtags":[{"text":"ProjectKairos","indices":[39,53]},{"text":"Asia","indices":[54,59]},{"text":"TechXLR8","indices":[146,155]},{"text":"Startups","indices":[185,194]},{"text":"Startup","indices":[195,203]},{"text":"Singapore","indices":[204,214]}],"urls":[{"url":"https://t.co/q3j8MzhZo8","expanded_url":"https://techxlr8-asia.event.eventsso.com/article/k7Rcn","display_url":"techxlr8-asia.event.eventsso.com/article/k7Rcn","indices":[161,184]}],"user_mentions":[],"symbols":[],"media":[{"id":1041968320378019800,"id_str":"1041968320378019840","indices":[215,238],"media_url":"http://pbs.twimg.com/media/DnXQqrNXoAAbzjS.jpg","media_url_https":"https://pbs.twimg.com/media/DnXQqrNXoAAbzjS.jpg","url":"https://t.co/z9KyDErvuO","display_url":"pic.twitter.com/z9KyDErvuO","expanded_url":"https://twitter.com/ProjectKairosHQ/status/1041968322781306881/photo/1","type":"photo","sizes":{"small":{"w":680,"h":356,"resize":"fit"},"thumb":{"w":150,"h":150,"resize":"crop"},"medium":{"w":1024,"h":536,"resize":"fit"},"large":{"w":1024,"h":536,"resize":"fit"}}}]},"extended_entities":{"media":[{"id":1041968320378019800,"id_str":"1041968320378019840","indices":[215,238],"media_url":"http://pbs.twimg.com/media/DnXQqrNXoAAbzjS.jpg","media_url_https":"https://pbs.twimg.com/media/DnXQqrNXoAAbzjS.jpg","url":"https://t.co/z9KyDErvuO","display_url":"pic.twitter.com/z9KyDErvuO","expanded_url":"https://twitter.com/ProjectKairosHQ/status/1041968322781306881/photo/1","type":"photo","sizes":{"small":{"w":680,"h":356,"resize":"fit"},"thumb":{"w":150,"h":150,"resize":"crop"},"medium":{"w":1024,"h":536,"resize":"fit"},"large":{"w":1024,"h":536,"resize":"fit"}}}]}},"quote_count":1,"reply_count":0,"retweet_count":0,"favorite_count":2,"entities":{"hashtags":[{"text":"ProjectKairos","indices":[39,53]},{"text":"Asia","indices":[54,59]}],"urls":[{"url":"https://t.co/Ba3Eqe8yJJ","expanded_url":"https://twitter.com/i/web/status/1041968322781306881","display_url":"twitter.com/i/web/status/1…","indices":[117,140]}],"user_mentions":[],"symbols":[]},"favorited":false,"retweeted":false,"possibly_sensitive":false,"filter_level":"low","lang":"en"},"quoted_status_permalink":{"url":"https://t.co/AyXOKAupMP","expanded":"https://twitter.com/ProjectKairosHQ/status/1041968322781306881","display":"twitter.com/ProjectKairosH…"},"is_quote_status":true,"quote_count":0,"reply_count":0,"retweet_count":0,"favorite_count":0,"entities":{"hashtags":[],"urls":[{"url":"https://t.co/AyXOKAupMP","expanded_url":"https://twitter.com/ProjectKairosHQ/status/1041968322781306881","display_url":"twitter.com/ProjectKairosH…","indices":[68,91]}],"user_mentions":[{"screen_name":"StemeraOrg","name":"StemeraIO","id":1014449273272856600,"id_str":"1014449273272856576","indices":[3,14]},{"screen_name":"ProjectKairosHQ","name":"Project Kairos","id":811224591536361500,"id_str":"811224591536361472","indices":[27,43]}],"symbols":[],"media":[{"id":1041978412879892500,"id_str":"1041978412879892481","indices":[92,115],"media_url":"http://pbs.twimg.com/media/DnXZ2ItU0AESCDt.jpg","media_url_https":"https://pbs.twimg.com/media/DnXZ2ItU0AESCDt.jpg","url":"https://t.co/nmxyNalnFA","display_url":"pic.twitter.com/nmxyNalnFA","expanded_url":"https://twitter.com/StemeraOrg/status/1041979474043068416/photo/1","type":"photo","sizes":{"thumb":{"w":150,"h":150,"resize":"crop"},"small":{"w":487,"h":680,"resize":"fit"},"medium":{"w":859,"h":1200,"resize":"fit"},"large":{"w":1244,"h":1738,"resize":"fit"}},"source_status_id":1041979474043068400,"source_status_id_str":"1041979474043068416","source_user_id":1014449273272856600,"source_user_id_str":"1014449273272856576"}]},"extended_entities":{"media":[{"id":1041978412879892500,"id_str":"1041978412879892481","indices":[92,115],"media_url":"http://pbs.twimg.com/media/DnXZ2ItU0AESCDt.jpg","media_url_https":"https://pbs.twimg.com/media/DnXZ2ItU0AESCDt.jpg","url":"https://t.co/nmxyNalnFA","display_url":"pic.twitter.com/nmxyNalnFA","expanded_url":"https://twitter.com/StemeraOrg/status/1041979474043068416/photo/1","type":"photo","sizes":{"thumb":{"w":150,"h":150,"resize":"crop"},"small":{"w":487,"h":680,"resize":"fit"},"medium":{"w":859,"h":1200,"resize":"fit"},"large":{"w":1244,"h":1738,"resize":"fit"}},"source_status_id":1041979474043068400,"source_status_id_str":"1041979474043068416","source_user_id":1014449273272856600,"source_user_id_str":"1014449273272856576"},{"id":1041978447914885100,"id_str":"1041978447914885120","indices":[92,115],"media_url":"http://pbs.twimg.com/media/DnXZ4LOUYAA5KeP.jpg","media_url_https":"https://pbs.twimg.com/media/DnXZ4LOUYAA5KeP.jpg","url":"https://t.co/nmxyNalnFA","display_url":"pic.twitter.com/nmxyNalnFA","expanded_url":"https://twitter.com/StemeraOrg/status/1041979474043068416/photo/1","type":"photo","sizes":{"large":{"w":1245,"h":1779,"resize":"fit"},"thumb":{"w":150,"h":150,"resize":"crop"},"medium":{"w":840,"h":1200,"resize":"fit"},"small":{"w":476,"h":680,"resize":"fit"}},"source_status_id":1041979474043068400,"source_status_id_str":"1041979474043068416","source_user_id":1014449273272856600,"source_user_id_str":"1014449273272856576"}]},"favorited":false,"retweeted":false,"possibly_sensitive":false,"filter_level":"low","lang":"en","timestamp_ms":"1537267916334"}