{"created_at":"Tue Sep 18 11:13:25 +0000 2018","id":1042008687961931800,"id_str":"1042008687961931776","text":".\n•\nYou made my day🇮🇩🇸🇬🇲🇾\n•\n#Friend#Indonesia#Singapore#Malaysia @ Treasure Bay Bintan https://t.co/25HOFL4tNC","source":"<a href=\"http://instagram.com\" rel=\"nofollow\">Instagram</a>","truncated":false,"in_reply_to_status_id":null,"in_reply_to_status_id_str":null,"in_reply_to_user_id":null,"in_reply_to_user_id_str":null,"in_reply_to_screen_name":null,"user":{"id":702507797506687000,"id_str":"702507797506686978","name":"桐野 遼","screen_name":"ryo_kirino","location":"Singapore","url":"http://Instagram.com/ryokirino0405","description":"NUART/NTU/MUSIC/TECHNOLOGY/ART","translator_type":"none","protected":false,"verified":false,"followers_count":162,"friends_count":152,"listed_count":0,"favourites_count":284,"statuses_count":635,"created_at":"Wed Feb 24 14:58:05 +0000 2016","utc_offset":null,"time_zone":null,"geo_enabled":false,"lang":"en","contributors_enabled":false,"is_translator":false,"profile_background_color":"F5F8FA","profile_background_image_url":"","profile_background_image_url_https":"","profile_background_tile":false,"profile_link_color":"1DA1F2","profile_sidebar_border_color":"C0DEED","profile_sidebar_fill_color":"DDEEF6","profile_text_color":"333333","profile_use_background_image":true,"profile_image_url":"http://pbs.twimg.com/profile_images/1025040877742305281/sGok-UDn_normal.jpg","profile_image_url_https":"https://pbs.twimg.com/profile_images/1025040877742305281/sGok-UDn_normal.jpg","profile_banner_url":"https://pbs.twimg.com/profile_banners/702507797506686978/1533832875","default_profile":true,"default_profile_image":false,"following":null,"follow_request_sent":null,"notifications":null},"geo":null,"coordinates":null,"place":null,"contributors":null,"is_quote_status":false,"quote_count":0,"reply_count":0,"retweet_count":0,"favorite_count":0,"entities":{"hashtags":[],"urls":[{"url":"https://t.co/25HOFL4tNC","expanded_url":"https://www.instagram.com/p/Bn3YizNFy9f/?utm_source=ig_twitter_share&igshid=xvb0c1j52ejx","display_url":"instagram.com/p/Bn3YizNFy9f/…","indices":[87,110]}],"user_mentions":[],"symbols":[]},"favorited":false,"retweeted":false,"possibly_sensitive":false,"filter_level":"low","lang":"en","timestamp_ms":"1537269205452"}