{"created_at":"Tue Sep 18 11:13:27 +0000 2018","id":1042008694576308200,"id_str":"1042008694576308224","text":"*\n📷📷📷❤️\n#いい写真たくさん撮れた #goodtrip \n#singapore #enjoy #goodday #千華 場所: Singapore https://t.co/dlPwACJ1L0","source":"<a href=\"http://instagram.com\" rel=\"nofollow\">Instagram</a>","truncated":false,"in_reply_to_status_id":null,"in_reply_to_status_id_str":null,"in_reply_to_user_id":null,"in_reply_to_user_id_str":null,"in_reply_to_screen_name":null,"user":{"id":2290372189,"id_str":"2290372189","name":"寺西千華","screen_name":"chipon777","location":"東京 港区","url":null,"description":"てらちか🙋💓自由人💓公式LINE@にて、色々限定配信中♪ @aem2582n(LINE IDで検索！)","translator_type":"none","protected":false,"verified":false,"followers_count":522,"friends_count":288,"listed_count":6,"favourites_count":11,"statuses_count":1079,"created_at":"Tue Jan 14 00:05:32 +0000 2014","utc_offset":null,"time_zone":null,"geo_enabled":true,"lang":"ja","contributors_enabled":false,"is_translator":false,"profile_background_color":"C0DEED","profile_background_image_url":"http://abs.twimg.com/images/themes/theme1/bg.png","profile_background_image_url_https":"https://abs.twimg.com/images/themes/theme1/bg.png","profile_background_tile":false,"profile_link_color":"1DA1F2","profile_sidebar_border_color":"C0DEED","profile_sidebar_fill_color":"DDEEF6","profile_text_color":"333333","profile_use_background_image":true,"profile_image_url":"http://pbs.twimg.com/profile_images/1041862500709326849/KI7SWFxv_normal.jpg","profile_image_url_https":"https://pbs.twimg.com/profile_images/1041862500709326849/KI7SWFxv_normal.jpg","profile_banner_url":"https://pbs.twimg.com/profile_banners/2290372189/1537234358","default_profile":true,"default_profile_image":false,"following":null,"follow_request_sent":null,"notifications":null},"geo":{"type":"Point","coordinates":[1.29306,103.856]},"coordinates":{"type":"Point","coordinates":[103.856,1.29306]},"place":{"id":"58a4c3a0d54e1400","url":"https://api.twitter.com/1.1/geo/id/58a4c3a0d54e1400.json","place_type":"admin","name":"中区","full_name":"中区, 新加坡","country_code":"SG","country":"新加坡","bounding_box":{"type":"Polygon","coordinates":[[[103.74996,1.212314],[103.74996,1.368745],[103.918427,1.368745],[103.918427,1.212314]]]},"attributes":{}},"contributors":null,"is_quote_status":false,"quote_count":0,"reply_count":0,"retweet_count":0,"favorite_count":0,"entities":{"hashtags":[{"text":"いい写真たくさん撮れた","indices":[8,20]},{"text":"goodtrip","indices":[21,30]},{"text":"singapore","indices":[32,42]},{"text":"enjoy","indices":[43,49]},{"text":"goodday","indices":[50,58]},{"text":"千華","indices":[59,62]}],"urls":[{"url":"https://t.co/dlPwACJ1L0","expanded_url":"https://www.instagram.com/p/Bn3YjHgHu4L/?utm_source=ig_twitter_share&igshid=1a56a5fj7z7h6","display_url":"instagram.com/p/Bn3YjHgHu4L/…","indices":[77,100]}],"user_mentions":[],"symbols":[]},"favorited":false,"retweeted":false,"possibly_sensitive":false,"filter_level":"low","lang":"ja","timestamp_ms":"1537269207029"}