{"created_at":"Tue Sep 18 11:13:29 +0000 2018","id":1042008705192083500,"id_str":"1042008705192083458","text":"🇸🇬 #UniversalStudios #Sentosa #Singapore @ Universal Studios Singapore https://t.co/I8dtoowYjD","source":"<a href=\"http://instagram.com\" rel=\"nofollow\">Instagram</a>","truncated":false,"in_reply_to_status_id":null,"in_reply_to_status_id_str":null,"in_reply_to_user_id":null,"in_reply_to_user_id_str":null,"in_reply_to_screen_name":null,"user":{"id":872905050951233500,"id_str":"872905050951233538","name":"Dutchess Shire","screen_name":"DutchessShire","location":"USS Enterprise ","url":null,"description":"The hobbits are revolting. Trying to fight he who must not be named. \nUSS Enterprise, Alpha Quadrant","translator_type":"none","protected":false,"verified":false,"followers_count":20,"friends_count":43,"listed_count":0,"favourites_count":13,"statuses_count":140,"created_at":"Thu Jun 08 19:55:56 +0000 2017","utc_offset":null,"time_zone":null,"geo_enabled":false,"lang":"en","contributors_enabled":false,"is_translator":false,"profile_background_color":"F5F8FA","profile_background_image_url":"","profile_background_image_url_https":"","profile_background_tile":false,"profile_link_color":"1DA1F2","profile_sidebar_border_color":"C0DEED","profile_sidebar_fill_color":"DDEEF6","profile_text_color":"333333","profile_use_background_image":true,"profile_image_url":"http://pbs.twimg.com/profile_images/1010346248203669505/qxdPxgim_normal.jpg","profile_image_url_https":"https://pbs.twimg.com/profile_images/1010346248203669505/qxdPxgim_normal.jpg","profile_banner_url":"https://pbs.twimg.com/profile_banners/872905050951233538/1496952498","default_profile":true,"default_profile_image":false,"following":null,"follow_request_sent":null,"notifications":null},"geo":null,"coordinates":null,"place":null,"contributors":null,"is_quote_status":false,"quote_count":0,"reply_count":0,"retweet_count":0,"favorite_count":0,"entities":{"hashtags":[{"text":"UniversalStudios","indices":[3,20]},{"text":"Sentosa","indices":[21,29]},{"text":"Singapore","indices":[30,40]}],"urls":[{"url":"https://t.co/I8dtoowYjD","expanded_url":"https://www.instagram.com/p/Bn3YjP9Hc54/?utm_source=ig_twitter_share&igshid=1sx9zsivwn5ll","display_url":"instagram.com/p/Bn3YjP9Hc54/…","indices":[71,94]}],"user_mentions":[],"symbols":[]},"favorited":false,"retweeted":false,"possibly_sensitive":false,"filter_level":"low","lang":"es","timestamp_ms":"1537269209560"}