{"created_at":"Tue Sep 18 11:20:40 +0000 2018","id":1042010510596730900,"id_str":"1042010510596730886","text":"Ambassador @paulaparviainen hosting great #Singapore #Finland Women in tech. \n@teamfinlandfi https://t.co/cR029KNWKQ","display_text_range":[0,92],"source":"<a href=\"http://twitter.com/download/iphone\" rel=\"nofollow\">Twitter for iPhone</a>","truncated":false,"in_reply_to_status_id":null,"in_reply_to_status_id_str":null,"in_reply_to_user_id":null,"in_reply_to_user_id_str":null,"in_reply_to_screen_name":null,"user":{"id":812992818,"id_str":"812992818","name":"Ulla HiekkanenMäkelä","screen_name":"UllaHiekkanen","location":"Helsinki, Finland","url":"http://linkedin.com/in/ullahiekkanenmakela/","description":"Innostun innovaatioista ja kasvuyrityksistä. tweets about innovations and international business in Finland @BusinessFinland #InvestinFinland #talentboost","translator_type":"none","protected":false,"verified":false,"followers_count":1297,"friends_count":787,"listed_count":71,"favourites_count":2097,"statuses_count":3582,"created_at":"Sun Sep 09 12:06:19 +0000 2012","utc_offset":null,"time_zone":null,"geo_enabled":true,"lang":"fi","contributors_enabled":false,"is_translator":false,"profile_background_color":"BADFCD","profile_background_image_url":"http://abs.twimg.com/images/themes/theme12/bg.gif","profile_background_image_url_https":"https://abs.twimg.com/images/themes/theme12/bg.gif","profile_background_tile":false,"profile_link_color":"FF0000","profile_sidebar_border_color":"FFFFFF","profile_sidebar_fill_color":"FFF7CC","profile_text_color":"0C3E53","profile_use_background_image":true,"profile_image_url":"http://pbs.twimg.com/profile_images/488992538108248065/vJWQnNIp_normal.jpeg","profile_image_url_https":"https://pbs.twimg.com/profile_images/488992538108248065/vJWQnNIp_normal.jpeg","profile_banner_url":"https://pbs.twimg.com/profile_banners/812992818/1405424247","default_profile":false,"default_profile_image":false,"following":null,"follow_request_sent":null,"notifications":null},"geo":null,"coordinates":null,"place":{"id":"58a4c3a0d54e1400","url":"https://api.twitter.com/1.1/geo/id/58a4c3a0d54e1400.json","place_type":"admin","name":"中区","full_name":"中区, 新加坡","country_code":"SG","country":"新加坡","bounding_box":{"type":"Polygon","coordinates":[[[103.74996,1.212314],[103.74996,1.368745],[103.918427,1.368745],[103.918427,1.212314]]]},"attributes":{}},"contributors":null,"is_quote_status":false,"quote_count":0,"reply_count":0,"retweet_count":0,"favorite_count":0,"entities":{"hashtags":[{"text":"Singapore","indices":[42,52]},{"text":"Finland","indices":[53,61]}],"urls":[],"user_mentions":[{"screen_name":"paulaparviainen","name":"paula parviainen","id":949052052,"id_str":"949052052","indices":[11,27]},{"screen_name":"teamfinlandfi","name":"Team Finland","id":740995812,"id_str":"740995812","indices":[78,92]}],"symbols":[],"media":[{"id":1042010416195559400,"id_str":"1042010416195559424","indices":[93,116],"media_url":"http://pbs.twimg.com/media/DnX28-WX4AACztm.jpg","media_url_https":"https://pbs.twimg.com/media/DnX28-WX4AACztm.jpg","url":"https://t.co/cR029KNWKQ","display_url":"pic.twitter.com/cR029KNWKQ","expanded_url":"https://twitter.com/UllaHiekkanen/status/1042010510596730886/photo/1","type":"photo","sizes":{"thumb":{"w":150,"h":150,"resize":"crop"},"large":{"w":2048,"h":1536,"resize":"fit"},"medium":{"w":1200,"h":900,"resize":"fit"},"small":{"w":680,"h":510,"resize":"fit"}}}]},"extended_entities":{"media":[{"id":1042010416195559400,"id_str":"1042010416195559424","indices":[93,116],"media_url":"http://pbs.twimg.com/media/DnX28-WX4AACztm.jpg","media_url_https":"https://pbs.twimg.com/media/DnX28-WX4AACztm.jpg","url":"https://t.co/cR029KNWKQ","display_url":"pic.twitter.com/cR029KNWKQ","expanded_url":"https://twitter.com/UllaHiekkanen/status/1042010510596730886/photo/1","type":"photo","sizes":{"thumb":{"w":150,"h":150,"resize":"crop"},"large":{"w":2048,"h":1536,"resize":"fit"},"medium":{"w":1200,"h":900,"resize":"fit"},"small":{"w":680,"h":510,"resize":"fit"}}}]},"favorited":false,"retweeted":false,"possibly_sensitive":false,"filter_level":"low","lang":"en","timestamp_ms":"1537269640002"}