{"created_at":"Tue Sep 18 10:16:25 +0000 2018","id":1041994342808682500,"id_str":"1041994342808682496","text":"#ISA_Global is one of the most reliable and trusted #Immigration_consultancy in #India, which helps aspiring immigr… https://t.co/uDSv1lFFjW","display_text_range":[0,140],"source":"<a href=\"http://twitter.com\" rel=\"nofollow\">Twitter Web Client</a>","truncated":true,"in_reply_to_status_id":null,"in_reply_to_status_id_str":null,"in_reply_to_user_id":null,"in_reply_to_user_id_str":null,"in_reply_to_screen_name":null,"user":{"id":4723322496,"id_str":"4723322496","name":"ISA Global","screen_name":"isaglobalindia","location":"Noida, Uttar Pradesh","url":"http://www.isaglobal.in","description":"ISA Global is India’s leading Immigration Consultant that has helped thousands of its clients to work and settle in countries like Australia, Canada, NewZealand","translator_type":"none","protected":false,"verified":false,"followers_count":83,"friends_count":9,"listed_count":0,"favourites_count":10,"statuses_count":384,"created_at":"Thu Jan 07 12:30:25 +0000 2016","utc_offset":null,"time_zone":null,"geo_enabled":false,"lang":"en-gb","contributors_enabled":false,"is_translator":false,"profile_background_color":"000000","profile_background_image_url":"http://abs.twimg.com/images/themes/theme18/bg.gif","profile_background_image_url_https":"https://abs.twimg.com/images/themes/theme18/bg.gif","profile_background_tile":false,"profile_link_color":"4A913C","profile_sidebar_border_color":"000000","profile_sidebar_fill_color":"000000","profile_text_color":"000000","profile_use_background_image":false,"profile_image_url":"http://pbs.twimg.com/profile_images/685079329051549698/rYM-TOtM_normal.png","profile_image_url_https":"https://pbs.twimg.com/profile_images/685079329051549698/rYM-TOtM_normal.png","profile_banner_url":"https://pbs.twimg.com/profile_banners/4723322496/1508909287","default_profile":false,"default_profile_image":false,"following":null,"follow_request_sent":null,"notifications":null},"geo":null,"coordinates":null,"place":null,"contributors":null,"is_quote_status":false,"extended_tweet":{"full_text":"#ISA_Global is one of the most reliable and trusted #Immigration_consultancy in #India, which helps aspiring immigrants to settle in countries like #Australia, #Canada, #Middle_East, #Singapore etc. \nYou can visit:-  https://t.co/eUejYyD7w8 https://t.co/pSrbU8OUHJ","display_text_range":[0,240],"entities":{"hashtags":[{"text":"ISA_Global","indices":[0,11]},{"text":"Immigration_consultancy","indices":[52,76]},{"text":"India","indices":[80,86]},{"text":"Australia","indices":[148,158]},{"text":"Canada","indices":[160,167]},{"text":"Middle_East","indices":[169,181]},{"text":"Singapore","indices":[183,193]}],"urls":[{"url":"https://t.co/eUejYyD7w8","expanded_url":"https://plus.google.com/+IsaglobalIndia","display_url":"plus.google.com/+IsaglobalIndia","indices":[217,240]}],"user_mentions":[],"symbols":[],"media":[{"id":1041994196859715600,"id_str":"1041994196859715586","indices":[241,264],"media_url":"http://pbs.twimg.com/media/DnXoM4nXgAIqqqq.jpg","media_url_https":"https://pbs.twimg.com/media/DnXoM4nXgAIqqqq.jpg","url":"https://t.co/pSrbU8OUHJ","display_url":"pic.twitter.com/pSrbU8OUHJ","expanded_url":"https://twitter.com/isaglobalindia/status/1041994342808682496/photo/1","type":"photo","sizes":{"thumb":{"w":150,"h":150,"resize":"crop"},"large":{"w":789,"h":511,"resize":"fit"},"medium":{"w":789,"h":511,"resize":"fit"},"small":{"w":680,"h":440,"resize":"fit"}}}]},"extended_entities":{"media":[{"id":1041994196859715600,"id_str":"1041994196859715586","indices":[241,264],"media_url":"http://pbs.twimg.com/media/DnXoM4nXgAIqqqq.jpg","media_url_https":"https://pbs.twimg.com/media/DnXoM4nXgAIqqqq.jpg","url":"https://t.co/pSrbU8OUHJ","display_url":"pic.twitter.com/pSrbU8OUHJ","expanded_url":"https://twitter.com/isaglobalindia/status/1041994342808682496/photo/1","type":"photo","sizes":{"thumb":{"w":150,"h":150,"resize":"crop"},"large":{"w":789,"h":511,"resize":"fit"},"medium":{"w":789,"h":511,"resize":"fit"},"small":{"w":680,"h":440,"resize":"fit"}}}]}},"quote_count":0,"reply_count":0,"retweet_count":0,"favorite_count":0,"entities":{"hashtags":[{"text":"ISA_Global","indices":[0,11]},{"text":"Immigration_consultancy","indices":[52,76]},{"text":"India","indices":[80,86]}],"urls":[{"url":"https://t.co/uDSv1lFFjW","expanded_url":"https://twitter.com/i/web/status/1041994342808682496","display_url":"twitter.com/i/web/status/1…","indices":[117,140]}],"user_mentions":[],"symbols":[]},"favorited":false,"retweeted":false,"possibly_sensitive":false,"filter_level":"low","lang":"en","timestamp_ms":"1537265785301"}