{"created_at":"Tue Sep 18 10:30:52 +0000 2018","id":1041997978595020800,"id_str":"1041997978595020800","text":"RT @OCCRP: NEW #ParadiseLeased:  Reporters found a billionaire hotelier and one of #Singapore’s richest men linked to the multimillion doll…","source":"<a href=\"http://twitter.com/download/iphone\" rel=\"nofollow\">Twitter for iPhone</a>","truncated":false,"in_reply_to_status_id":null,"in_reply_to_status_id_str":null,"in_reply_to_user_id":null,"in_reply_to_user_id_str":null,"in_reply_to_screen_name":null,"user":{"id":3077442290,"id_str":"3077442290","name":"kamana","screen_name":"AnthuHaleem","location":null,"url":null,"description":null,"translator_type":"none","protected":false,"verified":false,"followers_count":411,"friends_count":629,"listed_count":4,"favourites_count":4026,"statuses_count":7202,"created_at":"Fri Mar 13 17:06:28 +0000 2015","utc_offset":null,"time_zone":null,"geo_enabled":true,"lang":"en","contributors_enabled":false,"is_translator":false,"profile_background_color":"C0DEED","profile_background_image_url":"http://abs.twimg.com/images/themes/theme1/bg.png","profile_background_image_url_https":"https://abs.twimg.com/images/themes/theme1/bg.png","profile_background_tile":false,"profile_link_color":"1DA1F2","profile_sidebar_border_color":"C0DEED","profile_sidebar_fill_color":"DDEEF6","profile_text_color":"333333","profile_use_background_image":true,"profile_image_url":"http://pbs.twimg.com/profile_images/588064432615362560/g20UOoEH_normal.jpg","profile_image_url_https":"https://pbs.twimg.com/profile_images/588064432615362560/g20UOoEH_normal.jpg","profile_banner_url":"https://pbs.twimg.com/profile_banners/3077442290/1430681908","default_profile":true,"default_profile_image":false,"following":null,"follow_request_sent":null,"notifications":null},"geo":null,"coordinates":null,"place":null,"contributors":null,"retweeted_status":{"created_at":"Tue Sep 18 06:17:20 +0000 2018","id":1041934175559995400,"id_str":"1041934175559995393","text":"NEW #ParadiseLeased:  Reporters found a billionaire hotelier and one of #Singapore’s richest men linked to the mult… https://t.co/RzB4fq30GD","display_text_range":[0,140],"source":"<a href=\"http://twitter.com\" rel=\"nofollow\">Twitter Web Client</a>","truncated":true,"in_reply_to_status_id":1041932410064195600,"in_reply_to_status_id_str":"1041932410064195584","in_reply_to_user_id":326071624,"in_reply_to_user_id_str":"326071624","in_reply_to_screen_name":"OCCRP","user":{"id":326071624,"id_str":"326071624","name":"OCCRP","screen_name":"OCCRP","location":"Global","url":"http://occrp.org","description":"The Organized Crime & Corruption Reporting Project is reinventing and reinvigorating investigative journalism. Support us: https://t.co/59LMbh2JwP RT ≠ endorsement.","translator_type":"none","protected":false,"verified":true,"followers_count":32637,"friends_count":1627,"listed_count":948,"favourites_count":2206,"statuses_count":12776,"created_at":"Wed Jun 29 09:57:31 +0000 2011","utc_offset":null,"time_zone":null,"geo_enabled":true,"lang":"en","contributors_enabled":false,"is_translator":false,"profile_background_color":"000000","profile_background_image_url":"http://abs.twimg.com/images/themes/theme14/bg.gif","profile_background_image_url_https":"https://abs.twimg.com/images/themes/theme14/bg.gif","profile_background_tile":false,"profile_link_color":"FF691F","profile_sidebar_border_color":"000000","profile_sidebar_fill_color":"000000","profile_text_color":"000000","profile_use_background_image":false,"profile_image_url":"http://pbs.twimg.com/profile_images/876801225223798784/ZLtXf7I2_normal.jpg","profile_image_url_https":"https://pbs.twimg.com/profile_images/876801225223798784/ZLtXf7I2_normal.jpg","profile_banner_url":"https://pbs.twimg.com/profile_banners/326071624/1537250571","default_profile":false,"default_profile_image":false,"following":null,"follow_request_sent":null,"notifications":null},"geo":null,"coordinates":null,"place":null,"contributors":null,"is_quote_status":false,"extended_tweet":{"full_text":"NEW #ParadiseLeased:  Reporters found a billionaire hotelier and one of #Singapore’s richest men linked to the multimillion dollar scandal. Read the full story here: https://t.co/AP1LaOm31u https://t.co/wnYtiDz1oy","display_text_range":[0,189],"entities":{"hashtags":[{"text":"ParadiseLeased","indices":[4,19]},{"text":"Singapore","indices":[72,82]}],"urls":[{"url":"https://t.co/AP1LaOm31u","expanded_url":"https://www.occrp.org/en/paradiseleased/files-implicate-president-vp-and-singapore-billionaire-in-dodgy-island-deal","display_url":"occrp.org/en/paradiselea…","indices":[166,189]}],"user_mentions":[],"symbols":[],"media":[{"id":1041932727010963500,"id_str":"1041932727010963458","indices":[190,213],"media_url":"http://pbs.twimg.com/media/DnWwS3lXsAIWGrD.jpg","media_url_https":"https://pbs.twimg.com/media/DnWwS3lXsAIWGrD.jpg","url":"https://t.co/wnYtiDz1oy","display_url":"pic.twitter.com/wnYtiDz1oy","expanded_url":"https://twitter.com/OCCRP/status/1041934175559995393/photo/1","type":"photo","sizes":{"thumb":{"w":150,"h":150,"resize":"crop"},"large":{"w":1024,"h":512,"resize":"fit"},"small":{"w":680,"h":340,"resize":"fit"},"medium":{"w":1024,"h":512,"resize":"fit"}}}]},"extended_entities":{"media":[{"id":1041932727010963500,"id_str":"1041932727010963458","indices":[190,213],"media_url":"http://pbs.twimg.com/media/DnWwS3lXsAIWGrD.jpg","media_url_https":"https://pbs.twimg.com/media/DnWwS3lXsAIWGrD.jpg","url":"https://t.co/wnYtiDz1oy","display_url":"pic.twitter.com/wnYtiDz1oy","expanded_url":"https://twitter.com/OCCRP/status/1041934175559995393/photo/1","type":"photo","sizes":{"thumb":{"w":150,"h":150,"resize":"crop"},"large":{"w":1024,"h":512,"resize":"fit"},"small":{"w":680,"h":340,"resize":"fit"},"medium":{"w":1024,"h":512,"resize":"fit"}}}]}},"quote_count":2,"reply_count":3,"retweet_count":37,"favorite_count":25,"entities":{"hashtags":[{"text":"ParadiseLeased","indices":[4,19]},{"text":"Singapore","indices":[72,82]}],"urls":[{"url":"https://t.co/RzB4fq30GD","expanded_url":"https://twitter.com/i/web/status/1041934175559995393","display_url":"twitter.com/i/web/status/1…","indices":[117,140]}],"user_mentions":[],"symbols":[]},"favorited":false,"retweeted":false,"possibly_sensitive":false,"filter_level":"low","lang":"en"},"is_quote_status":false,"quote_count":0,"reply_count":0,"retweet_count":0,"favorite_count":0,"entities":{"hashtags":[{"text":"ParadiseLeased","indices":[15,30]},{"text":"Singapore","indices":[83,93]}],"urls":[],"user_mentions":[{"screen_name":"OCCRP","name":"OCCRP","id":326071624,"id_str":"326071624","indices":[3,9]}],"symbols":[]},"favorited":false,"retweeted":false,"filter_level":"low","lang":"en","timestamp_ms":"1537266652140"}