[{"created_at":"Wed Sep 12 05:43:05 +0000 2018","id":1039751229705019400,"id_str":"1039751229705019400","full_text":"Anwar to contest Port Dickson parliamentary seat\nhttps://t.co/3ufp8XfM02 https://t.co/i3ivU6TTyi","truncated":false,"display_text_range":[0,72],"entities":{"hashtags":[],"symbols":[],"user_mentions":[],"urls":[{"url":"https://t.co/3ufp8XfM02","expanded_url":"http://www.thestar.com.my/news/nation/2018/09/12/anwar-to-contest-port-dickson-parliamentary-seat/","display_url":"thestar.com.my/news/nation/20…","indices":[49,72]}],"media":[{"id":1039751227721109500,"id_str":"1039751227721109504","indices":[73,96],"media_url":"http://pbs.twimg.com/media/Dm3wO5cX0AAQSpH.jpg","media_url_https":"https://pbs.twimg.com/media/Dm3wO5cX0AAQSpH.jpg","url":"https://t.co/i3ivU6TTyi","display_url":"pic.twitter.com/i3ivU6TTyi","expanded_url":"https://twitter.com/staronline/status/1039751229705019400/photo/1","type":"photo","sizes":{"thumb":{"w":150,"h":150,"resize":"crop"},"large":{"w":620,"h":413,"resize":"fit"},"small":{"w":620,"h":413,"resize":"fit"},"medium":{"w":620,"h":413,"resize":"fit"}}}]},"extended_entities":{"media":[{"id":1039751227721109500,"id_str":"1039751227721109504","indices":[73,96],"media_url":"http://pbs.twimg.com/media/Dm3wO5cX0AAQSpH.jpg","media_url_https":"https://pbs.twimg.com/media/Dm3wO5cX0AAQSpH.jpg","url":"https://t.co/i3ivU6TTyi","display_url":"pic.twitter.com/i3ivU6TTyi","expanded_url":"https://twitter.com/staronline/status/1039751229705019400/photo/1","type":"photo","sizes":{"thumb":{"w":150,"h":150,"resize":"crop"},"large":{"w":620,"h":413,"resize":"fit"},"small":{"w":620,"h":413,"resize":"fit"},"medium":{"w":620,"h":413,"resize":"fit"}}}]},"source":"<a href=\"http://thestar.com.my\" rel=\"nofollow\">TwitterRSSTSOLAgent</a>","in_reply_to_status_id":null,"in_reply_to_status_id_str":null,"in_reply_to_user_id":null,"in_reply_to_user_id_str":null,"in_reply_to_screen_name":null,"user":{"id":22594051,"id_str":"22594051","name":"The Star","screen_name":"staronline","location":"Kuala Lumpur, Malaysia","description":"News updates from Malaysia's top English-language daily and website","url":"http://t.co/6UzRrPn7Fn","entities":{"url":{"urls":[{"url":"http://t.co/6UzRrPn7Fn","expanded_url":"http://thestar.com.my","display_url":"thestar.com.my","indices":[0,22]}]},"description":{"urls":[]}},"protected":false,"followers_count":1456064,"friends_count":117,"listed_count":3632,"created_at":"Tue Mar 03 06:19:00 +0000 2009","favourites_count":53,"utc_offset":null,"time_zone":null,"geo_enabled":false,"verified":true,"statuses_count":278464,"lang":"en","contributors_enabled":false,"is_translator":false,"is_translation_enabled":false,"profile_background_color":"D3D4CF","profile_background_image_url":"http://abs.twimg.com/images/themes/theme4/bg.gif","profile_background_image_url_https":"https://abs.twimg.com/images/themes/theme4/bg.gif","profile_background_tile":false,"profile_image_url":"http://pbs.twimg.com/profile_images/906934922392117248/QkmHyTW5_normal.jpg","profile_image_url_https":"https://pbs.twimg.com/profile_images/906934922392117248/QkmHyTW5_normal.jpg","profile_link_color":"0099B9","profile_sidebar_border_color":"FFFFFF","profile_sidebar_fill_color":"EBF1F5","profile_text_color":"3C3940","profile_use_background_image":true,"has_extended_profile":false,"default_profile":false,"default_profile_image":false,"following":false,"follow_request_sent":false,"notifications":false,"translator_type":"none"},"geo":null,"coordinates":null,"place":null,"contributors":null,"is_quote_status":false,"retweet_count":10,"favorite_count":11,"favorited":false,"retweeted":false,"possibly_sensitive":false,"lang":"en"},{"created_at":"Wed Sep 12 05:42:59 +0000 2018","id":1039751202710462500,"id_str":"1039751202710462465","full_text":"Liew dismisses claims that Warisan involved in MyKad project\nhttps://t.co/9PVBvaxDPY https://t.co/msuCAfEjRx","truncated":false,"display_text_range":[0,84],"entities":{"hashtags":[],"symbols":[],"user_mentions":[],"urls":[{"url":"https://t.co/9PVBvaxDPY","expanded_url":"http://www.thestar.com.my/news/nation/2018/09/12/liew-dismisses-claims-that-warisan-involved-in-mykad-project/","display_url":"thestar.com.my/news/nation/20…","indices":[61,84]}],"media":[{"id":1039751201364029400,"id_str":"1039751201364029440","indices":[85,108],"media_url":"http://pbs.twimg.com/media/Dm3wNXQWsAAedYi.jpg","media_url_https":"https://pbs.twimg.com/media/Dm3wNXQWsAAedYi.jpg","url":"https://t.co/msuCAfEjRx","display_url":"pic.twitter.com/msuCAfEjRx","expanded_url":"https://twitter.com/staronline/status/1039751202710462465/photo/1","type":"photo","sizes":{"thumb":{"w":150,"h":150,"resize":"crop"},"medium":{"w":620,"h":413,"resize":"fit"},"small":{"w":620,"h":413,"resize":"fit"},"large":{"w":620,"h":413,"resize":"fit"}}}]},"extended_entities":{"media":[{"id":1039751201364029400,"id_str":"1039751201364029440","indices":[85,108],"media_url":"http://pbs.twimg.com/media/Dm3wNXQWsAAedYi.jpg","media_url_https":"https://pbs.twimg.com/media/Dm3wNXQWsAAedYi.jpg","url":"https://t.co/msuCAfEjRx","display_url":"pic.twitter.com/msuCAfEjRx","expanded_url":"https://twitter.com/staronline/status/1039751202710462465/photo/1","type":"photo","sizes":{"thumb":{"w":150,"h":150,"resize":"crop"},"medium":{"w":620,"h":413,"resize":"fit"},"small":{"w":620,"h":413,"resize":"fit"},"large":{"w":620,"h":413,"resize":"fit"}}}]},"source":"<a href=\"http://thestar.com.my\" rel=\"nofollow\">TwitterRSSTSOLAgent</a>","in_reply_to_status_id":null,"in_reply_to_status_id_str":null,"in_reply_to_user_id":null,"in_reply_to_user_id_str":null,"in_reply_to_screen_name":null,"user":{"id":22594051,"id_str":"22594051","name":"The Star","screen_name":"staronline","location":"Kuala Lumpur, Malaysia","description":"News updates from Malaysia's top English-language daily and website","url":"http://t.co/6UzRrPn7Fn","entities":{"url":{"urls":[{"url":"http://t.co/6UzRrPn7Fn","expanded_url":"http://thestar.com.my","display_url":"thestar.com.my","indices":[0,22]}]},"description":{"urls":[]}},"protected":false,"followers_count":1456064,"friends_count":117,"listed_count":3632,"created_at":"Tue Mar 03 06:19:00 +0000 2009","favourites_count":53,"utc_offset":null,"time_zone":null,"geo_enabled":false,"verified":true,"statuses_count":278464,"lang":"en","contributors_enabled":false,"is_translator":false,"is_translation_enabled":false,"profile_background_color":"D3D4CF","profile_background_image_url":"http://abs.twimg.com/images/themes/theme4/bg.gif","profile_background_image_url_https":"https://abs.twimg.com/images/themes/theme4/bg.gif","profile_background_tile":false,"profile_image_url":"http://pbs.twimg.com/profile_images/906934922392117248/QkmHyTW5_normal.jpg","profile_image_url_https":"https://pbs.twimg.com/profile_images/906934922392117248/QkmHyTW5_normal.jpg","profile_link_color":"0099B9","profile_sidebar_border_color":"FFFFFF","profile_sidebar_fill_color":"EBF1F5","profile_text_color":"3C3940","profile_use_background_image":true,"has_extended_profile":false,"default_profile":false,"default_profile_image":false,"following":false,"follow_request_sent":false,"notifications":false,"translator_type":"none"},"geo":null,"coordinates":null,"place":null,"contributors":null,"is_quote_status":false,"retweet_count":0,"favorite_count":1,"favorited":false,"retweeted":false,"possibly_sensitive":false,"lang":"en"},{"created_at":"Wed Sep 12 05:22:58 +0000 2018","id":1039746169059065900,"id_str":"1039746169059065856","full_text":"No plan to reduce petrol price to RM1.50 per litre\nhttps://t.co/4GZW9X1XSC https://t.co/Es9I2NDd4z","truncated":false,"display_text_range":[0,74],"entities":{"hashtags":[],"symbols":[],"user_mentions":[],"urls":[{"url":"https://t.co/4GZW9X1XSC","expanded_url":"http://www.thestar.com.my/news/nation/2018/09/12/no-plan-to-reduce-petrol-price-to-rm1_50-per-litre/","display_url":"thestar.com.my/news/nation/20…","indices":[51,74]}],"media":[{"id":1039746167842762800,"id_str":"1039746167842762752","indices":[75,98],"media_url":"http://pbs.twimg.com/media/Dm3roX7XcAAVpBf.jpg","media_url_https":"https://pbs.twimg.com/media/Dm3roX7XcAAVpBf.jpg","url":"https://t.co/Es9I2NDd4z","display_url":"pic.twitter.com/Es9I2NDd4z","expanded_url":"https://twitter.com/staronline/status/1039746169059065856/photo/1","type":"photo","sizes":{"thumb":{"w":150,"h":150,"resize":"crop"},"large":{"w":620,"h":413,"resize":"fit"},"small":{"w":620,"h":413,"resize":"fit"},"medium":{"w":620,"h":413,"resize":"fit"}}}]},"extended_entities":{"media":[{"id":1039746167842762800,"id_str":"1039746167842762752","indices":[75,98],"media_url":"http://pbs.twimg.com/media/Dm3roX7XcAAVpBf.jpg","media_url_https":"https://pbs.twimg.com/media/Dm3roX7XcAAVpBf.jpg","url":"https://t.co/Es9I2NDd4z","display_url":"pic.twitter.com/Es9I2NDd4z","expanded_url":"https://twitter.com/staronline/status/1039746169059065856/photo/1","type":"photo","sizes":{"thumb":{"w":150,"h":150,"resize":"crop"},"large":{"w":620,"h":413,"resize":"fit"},"small":{"w":620,"h":413,"resize":"fit"},"medium":{"w":620,"h":413,"resize":"fit"}}}]},"source":"<a href=\"http://thestar.com.my\" rel=\"nofollow\">TwitterRSSTSOLAgent</a>","in_reply_to_status_id":null,"in_reply_to_status_id_str":null,"in_reply_to_user_id":null,"in_reply_to_user_id_str":null,"in_reply_to_screen_name":null,"user":{"id":22594051,"id_str":"22594051","name":"The Star","screen_name":"staronline","location":"Kuala Lumpur, Malaysia","description":"News updates from Malaysia's top English-language daily and website","url":"http://t.co/6UzRrPn7Fn","entities":{"url":{"urls":[{"url":"http://t.co/6UzRrPn7Fn","expanded_url":"http://thestar.com.my","display_url":"thestar.com.my","indices":[0,22]}]},"description":{"urls":[]}},"protected":false,"followers_count":1456064,"friends_count":117,"listed_count":3632,"created_at":"Tue Mar 03 06:19:00 +0000 2009","favourites_count":53,"utc_offset":null,"time_zone":null,"geo_enabled":false,"verified":true,"statuses_count":278464,"lang":"en","contributors_enabled":false,"is_translator":false,"is_translation_enabled":false,"profile_background_color":"D3D4CF","profile_background_image_url":"http://abs.twimg.com/images/themes/theme4/bg.gif","profile_background_image_url_https":"https://abs.twimg.com/images/themes/theme4/bg.gif","profile_background_tile":false,"profile_image_url":"http://pbs.twimg.com/profile_images/906934922392117248/QkmHyTW5_normal.jpg","profile_image_url_https":"https://pbs.twimg.com/profile_images/906934922392117248/QkmHyTW5_normal.jpg","profile_link_color":"0099B9","profile_sidebar_border_color":"FFFFFF","profile_sidebar_fill_color":"EBF1F5","profile_text_color":"3C3940","profile_use_background_image":true,"has_extended_profile":false,"default_profile":false,"default_profile_image":false,"following":false,"follow_request_sent":false,"notifications":false,"translator_type":"none"},"geo":null,"coordinates":null,"place":null,"contributors":null,"is_quote_status":false,"retweet_count":8,"favorite_count":6,"favorited":false,"retweeted":false,"possibly_sensitive":false,"lang":"en"},{"created_at":"Wed Sep 12 05:03:05 +0000 2018","id":1039741162758787100,"id_str":"1039741162758787074","full_text":"MACC questions Daim over sale of 91 plots of land\nhttps://t.co/tEZkZ6cLqy https://t.co/06FDbIi9DE","truncated":false,"display_text_range":[0,73],"entities":{"hashtags":[],"symbols":[],"user_mentions":[],"urls":[{"url":"https://t.co/tEZkZ6cLqy","expanded_url":"http://www.thestar.com.my/news/nation/2018/09/12/macc-questions-daim-over-sale-of-91-plots-of-land/","display_url":"thestar.com.my/news/nation/20…","indices":[50,73]}],"media":[{"id":1039741161555079200,"id_str":"1039741161555079168","indices":[74,97],"media_url":"http://pbs.twimg.com/media/Dm3nE-DXsAABcrP.jpg","media_url_https":"https://pbs.twimg.com/media/Dm3nE-DXsAABcrP.jpg","url":"https://t.co/06FDbIi9DE","display_url":"pic.twitter.com/06FDbIi9DE","expanded_url":"https://twitter.com/staronline/status/1039741162758787074/photo/1","type":"photo","sizes":{"large":{"w":620,"h":413,"resize":"fit"},"thumb":{"w":150,"h":150,"resize":"crop"},"small":{"w":620,"h":413,"resize":"fit"},"medium":{"w":620,"h":413,"resize":"fit"}}}]},"extended_entities":{"media":[{"id":1039741161555079200,"id_str":"1039741161555079168","indices":[74,97],"media_url":"http://pbs.twimg.com/media/Dm3nE-DXsAABcrP.jpg","media_url_https":"https://pbs.twimg.com/media/Dm3nE-DXsAABcrP.jpg","url":"https://t.co/06FDbIi9DE","display_url":"pic.twitter.com/06FDbIi9DE","expanded_url":"https://twitter.com/staronline/status/1039741162758787074/photo/1","type":"photo","sizes":{"large":{"w":620,"h":413,"resize":"fit"},"thumb":{"w":150,"h":150,"resize":"crop"},"small":{"w":620,"h":413,"resize":"fit"},"medium":{"w":620,"h":413,"resize":"fit"}}}]},"source":"<a href=\"http://thestar.com.my\" rel=\"nofollow\">TwitterRSSTSOLAgent</a>","in_reply_to_status_id":null,"in_reply_to_status_id_str":null,"in_reply_to_user_id":null,"in_reply_to_user_id_str":null,"in_reply_to_screen_name":null,"user":{"id":22594051,"id_str":"22594051","name":"The Star","screen_name":"staronline","location":"Kuala Lumpur, Malaysia","description":"News updates from Malaysia's top English-language daily and website","url":"http://t.co/6UzRrPn7Fn","entities":{"url":{"urls":[{"url":"http://t.co/6UzRrPn7Fn","expanded_url":"http://thestar.com.my","display_url":"thestar.com.my","indices":[0,22]}]},"description":{"urls":[]}},"protected":false,"followers_count":1456064,"friends_count":117,"listed_count":3632,"created_at":"Tue Mar 03 06:19:00 +0000 2009","favourites_count":53,"utc_offset":null,"time_zone":null,"geo_enabled":false,"verified":true,"statuses_count":278464,"lang":"en","contributors_enabled":false,"is_translator":false,"is_translation_enabled":false,"profile_background_color":"D3D4CF","profile_background_image_url":"http://abs.twimg.com/images/themes/theme4/bg.gif","profile_background_image_url_https":"https://abs.twimg.com/images/themes/theme4/bg.gif","profile_background_tile":false,"profile_image_url":"http://pbs.twimg.com/profile_images/906934922392117248/QkmHyTW5_normal.jpg","profile_image_url_https":"https://pbs.twimg.com/profile_images/906934922392117248/QkmHyTW5_normal.jpg","profile_link_color":"0099B9","profile_sidebar_border_color":"FFFFFF","profile_sidebar_fill_color":"EBF1F5","profile_text_color":"3C3940","profile_use_background_image":true,"has_extended_profile":false,"default_profile":false,"default_profile_image":false,"following":false,"follow_request_sent":false,"notifications":false,"translator_type":"none"},"geo":null,"coordinates":null,"place":null,"contributors":null,"is_quote_status":false,"retweet_count":2,"favorite_count":7,"favorited":false,"retweeted":false,"possibly_sensitive":false,"lang":"en"},{"created_at":"Wed Sep 12 05:02:58 +0000 2018","id":1039741135839735800,"id_str":"1039741135839735809","full_text":"JAG urges Govt to enforce moratorium on corporal punishment\nhttps://t.co/fltQB4SRdf https://t.co/dHnLWmRI4z","truncated":false,"display_text_range":[0,83],"entities":{"hashtags":[],"symbols":[],"user_mentions":[],"urls":[{"url":"https://t.co/fltQB4SRdf","expanded_url":"http://www.thestar.com.my/news/nation/2018/09/12/jag-urges-govt-to-enforce-moratorium-on-corporal-punishment/","display_url":"thestar.com.my/news/nation/20…","indices":[60,83]}],"media":[{"id":1039741134673772500,"id_str":"1039741134673772544","indices":[84,107],"media_url":"http://pbs.twimg.com/media/Dm3nDZ6XgAAbOKG.jpg","media_url_https":"https://pbs.twimg.com/media/Dm3nDZ6XgAAbOKG.jpg","url":"https://t.co/dHnLWmRI4z","display_url":"pic.twitter.com/dHnLWmRI4z","expanded_url":"https://twitter.com/staronline/status/1039741135839735809/photo/1","type":"photo","sizes":{"thumb":{"w":150,"h":150,"resize":"crop"},"small":{"w":600,"h":314,"resize":"fit"},"large":{"w":600,"h":314,"resize":"fit"},"medium":{"w":600,"h":314,"resize":"fit"}}}]},"extended_entities":{"media":[{"id":1039741134673772500,"id_str":"1039741134673772544","indices":[84,107],"media_url":"http://pbs.twimg.com/media/Dm3nDZ6XgAAbOKG.jpg","media_url_https":"https://pbs.twimg.com/media/Dm3nDZ6XgAAbOKG.jpg","url":"https://t.co/dHnLWmRI4z","display_url":"pic.twitter.com/dHnLWmRI4z","expanded_url":"https://twitter.com/staronline/status/1039741135839735809/photo/1","type":"photo","sizes":{"thumb":{"w":150,"h":150,"resize":"crop"},"small":{"w":600,"h":314,"resize":"fit"},"large":{"w":600,"h":314,"resize":"fit"},"medium":{"w":600,"h":314,"resize":"fit"}}}]},"source":"<a href=\"http://thestar.com.my\" rel=\"nofollow\">TwitterRSSTSOLAgent</a>","in_reply_to_status_id":null,"in_reply_to_status_id_str":null,"in_reply_to_user_id":null,"in_reply_to_user_id_str":null,"in_reply_to_screen_name":null,"user":{"id":22594051,"id_str":"22594051","name":"The Star","screen_name":"staronline","location":"Kuala Lumpur, Malaysia","description":"News updates from Malaysia's top English-language daily and website","url":"http://t.co/6UzRrPn7Fn","entities":{"url":{"urls":[{"url":"http://t.co/6UzRrPn7Fn","expanded_url":"http://thestar.com.my","display_url":"thestar.com.my","indices":[0,22]}]},"description":{"urls":[]}},"protected":false,"followers_count":1456064,"friends_count":117,"listed_count":3632,"created_at":"Tue Mar 03 06:19:00 +0000 2009","favourites_count":53,"utc_offset":null,"time_zone":null,"geo_enabled":false,"verified":true,"statuses_count":278464,"lang":"en","contributors_enabled":false,"is_translator":false,"is_translation_enabled":false,"profile_background_color":"D3D4CF","profile_background_image_url":"http://abs.twimg.com/images/themes/theme4/bg.gif","profile_background_image_url_https":"https://abs.twimg.com/images/themes/theme4/bg.gif","profile_background_tile":false,"profile_image_url":"http://pbs.twimg.com/profile_images/906934922392117248/QkmHyTW5_normal.jpg","profile_image_url_https":"https://pbs.twimg.com/profile_images/906934922392117248/QkmHyTW5_normal.jpg","profile_link_color":"0099B9","profile_sidebar_border_color":"FFFFFF","profile_sidebar_fill_color":"EBF1F5","profile_text_color":"3C3940","profile_use_background_image":true,"has_extended_profile":false,"default_profile":false,"default_profile_image":false,"following":false,"follow_request_sent":false,"notifications":false,"translator_type":"none"},"geo":null,"coordinates":null,"place":null,"contributors":null,"is_quote_status":false,"retweet_count":0,"favorite_count":2,"favorited":false,"retweeted":false,"possibly_sensitive":false,"lang":"en"},{"created_at":"Wed Sep 12 04:53:05 +0000 2018","id":1039738648189722600,"id_str":"1039738648189722625","full_text":"Teenager Adams' goal gives US 1-0 win over Mexico\nhttps://t.co/rM0XT9yUdz https://t.co/xMGeWNLRPb","truncated":false,"display_text_range":[0,73],"entities":{"hashtags":[],"symbols":[],"user_mentions":[],"urls":[{"url":"https://t.co/rM0XT9yUdz","expanded_url":"http://www.thestar.com.my/sport/football/2018/09/12/teenager-adams-goal-gives-us-10-win-over-mexico/","display_url":"thestar.com.my/sport/football…","indices":[50,73]}],"media":[{"id":1039738646922973200,"id_str":"1039738646922973184","indices":[74,97],"media_url":"http://pbs.twimg.com/media/Dm3kymUW0AAiurt.jpg","media_url_https":"https://pbs.twimg.com/media/Dm3kymUW0AAiurt.jpg","url":"https://t.co/xMGeWNLRPb","display_url":"pic.twitter.com/xMGeWNLRPb","expanded_url":"https://twitter.com/staronline/status/1039738648189722625/photo/1","type":"photo","sizes":{"small":{"w":620,"h":413,"resize":"fit"},"thumb":{"w":150,"h":150,"resize":"crop"},"large":{"w":620,"h":413,"resize":"fit"},"medium":{"w":620,"h":413,"resize":"fit"}}}]},"extended_entities":{"media":[{"id":1039738646922973200,"id_str":"1039738646922973184","indices":[74,97],"media_url":"http://pbs.twimg.com/media/Dm3kymUW0AAiurt.jpg","media_url_https":"https://pbs.twimg.com/media/Dm3kymUW0AAiurt.jpg","url":"https://t.co/xMGeWNLRPb","display_url":"pic.twitter.com/xMGeWNLRPb","expanded_url":"https://twitter.com/staronline/status/1039738648189722625/photo/1","type":"photo","sizes":{"small":{"w":620,"h":413,"resize":"fit"},"thumb":{"w":150,"h":150,"resize":"crop"},"large":{"w":620,"h":413,"resize":"fit"},"medium":{"w":620,"h":413,"resize":"fit"}}}]},"source":"<a href=\"http://thestar.com.my\" rel=\"nofollow\">TwitterRSSTSOLAgent</a>","in_reply_to_status_id":null,"in_reply_to_status_id_str":null,"in_reply_to_user_id":null,"in_reply_to_user_id_str":null,"in_reply_to_screen_name":null,"user":{"id":22594051,"id_str":"22594051","name":"The Star","screen_name":"staronline","location":"Kuala Lumpur, Malaysia","description":"News updates from Malaysia's top English-language daily and website","url":"http://t.co/6UzRrPn7Fn","entities":{"url":{"urls":[{"url":"http://t.co/6UzRrPn7Fn","expanded_url":"http://thestar.com.my","display_url":"thestar.com.my","indices":[0,22]}]},"description":{"urls":[]}},"protected":false,"followers_count":1456064,"friends_count":117,"listed_count":3632,"created_at":"Tue Mar 03 06:19:00 +0000 2009","favourites_count":53,"utc_offset":null,"time_zone":null,"geo_enabled":false,"verified":true,"statuses_count":278464,"lang":"en","contributors_enabled":false,"is_translator":false,"is_translation_enabled":false,"profile_background_color":"D3D4CF","profile_background_image_url":"http://abs.twimg.com/images/themes/theme4/bg.gif","profile_background_image_url_https":"https://abs.twimg.com/images/themes/theme4/bg.gif","profile_background_tile":false,"profile_image_url":"http://pbs.twimg.com/profile_images/906934922392117248/QkmHyTW5_normal.jpg","profile_image_url_https":"https://pbs.twimg.com/profile_images/906934922392117248/QkmHyTW5_normal.jpg","profile_link_color":"0099B9","profile_sidebar_border_color":"FFFFFF","profile_sidebar_fill_color":"EBF1F5","profile_text_color":"3C3940","profile_use_background_image":true,"has_extended_profile":false,"default_profile":false,"default_profile_image":false,"following":false,"follow_request_sent":false,"notifications":false,"translator_type":"none"},"geo":null,"coordinates":null,"place":null,"contributors":null,"is_quote_status":false,"retweet_count":0,"favorite_count":7,"favorited":false,"retweeted":false,"possibly_sensitive":false,"lang":"en"},{"created_at":"Wed Sep 12 04:43:12 +0000 2018","id":1039736157641302000,"id_str":"1039736157641302016","full_text":"Rose reveals angry halftime exchange between England players\nhttps://t.co/TCB0mHoNEU https://t.co/BmrxGqk3Jn","truncated":false,"display_text_range":[0,84],"entities":{"hashtags":[],"symbols":[],"user_mentions":[],"urls":[{"url":"https://t.co/TCB0mHoNEU","expanded_url":"http://www.thestar.com.my/sport/football/2018/09/12/rose-reveals-angry-halftime-exchange-between-england-players/","display_url":"thestar.com.my/sport/football…","indices":[61,84]}],"media":[{"id":1039736156395589600,"id_str":"1039736156395589632","indices":[85,108],"media_url":"http://pbs.twimg.com/media/Dm3ihoYW0AAf9bU.jpg","media_url_https":"https://pbs.twimg.com/media/Dm3ihoYW0AAf9bU.jpg","url":"https://t.co/BmrxGqk3Jn","display_url":"pic.twitter.com/BmrxGqk3Jn","expanded_url":"https://twitter.com/staronline/status/1039736157641302016/photo/1","type":"photo","sizes":{"small":{"w":620,"h":413,"resize":"fit"},"thumb":{"w":150,"h":150,"resize":"crop"},"large":{"w":620,"h":413,"resize":"fit"},"medium":{"w":620,"h":413,"resize":"fit"}}}]},"extended_entities":{"media":[{"id":1039736156395589600,"id_str":"1039736156395589632","indices":[85,108],"media_url":"http://pbs.twimg.com/media/Dm3ihoYW0AAf9bU.jpg","media_url_https":"https://pbs.twimg.com/media/Dm3ihoYW0AAf9bU.jpg","url":"https://t.co/BmrxGqk3Jn","display_url":"pic.twitter.com/BmrxGqk3Jn","expanded_url":"https://twitter.com/staronline/status/1039736157641302016/photo/1","type":"photo","sizes":{"small":{"w":620,"h":413,"resize":"fit"},"thumb":{"w":150,"h":150,"resize":"crop"},"large":{"w":620,"h":413,"resize":"fit"},"medium":{"w":620,"h":413,"resize":"fit"}}}]},"source":"<a href=\"http://thestar.com.my\" rel=\"nofollow\">TwitterRSSTSOLAgent</a>","in_reply_to_status_id":null,"in_reply_to_status_id_str":null,"in_reply_to_user_id":null,"in_reply_to_user_id_str":null,"in_reply_to_screen_name":null,"user":{"id":22594051,"id_str":"22594051","name":"The Star","screen_name":"staronline","location":"Kuala Lumpur, Malaysia","description":"News updates from Malaysia's top English-language daily and website","url":"http://t.co/6UzRrPn7Fn","entities":{"url":{"urls":[{"url":"http://t.co/6UzRrPn7Fn","expanded_url":"http://thestar.com.my","display_url":"thestar.com.my","indices":[0,22]}]},"description":{"urls":[]}},"protected":false,"followers_count":1456064,"friends_count":117,"listed_count":3632,"created_at":"Tue Mar 03 06:19:00 +0000 2009","favourites_count":53,"utc_offset":null,"time_zone":null,"geo_enabled":false,"verified":true,"statuses_count":278464,"lang":"en","contributors_enabled":false,"is_translator":false,"is_translation_enabled":false,"profile_background_color":"D3D4CF","profile_background_image_url":"http://abs.twimg.com/images/themes/theme4/bg.gif","profile_background_image_url_https":"https://abs.twimg.com/images/themes/theme4/bg.gif","profile_background_tile":false,"profile_image_url":"http://pbs.twimg.com/profile_images/906934922392117248/QkmHyTW5_normal.jpg","profile_image_url_https":"https://pbs.twimg.com/profile_images/906934922392117248/QkmHyTW5_normal.jpg","profile_link_color":"0099B9","profile_sidebar_border_color":"FFFFFF","profile_sidebar_fill_color":"EBF1F5","profile_text_color":"3C3940","profile_use_background_image":true,"has_extended_profile":false,"default_profile":false,"default_profile_image":false,"following":false,"follow_request_sent":false,"notifications":false,"translator_type":"none"},"geo":null,"coordinates":null,"place":null,"contributors":null,"is_quote_status":false,"retweet_count":1,"favorite_count":1,"favorited":false,"retweeted":false,"possibly_sensitive":false,"lang":"en"},{"created_at":"Wed Sep 12 03:58:22 +0000 2018","id":1039724876272214000,"id_str":"1039724876272214016","full_text":"These brilliant inventions may arrive sooner than you think.\nhttps://t.co/jzIfVJTxFW","truncated":false,"display_text_range":[0,84],"entities":{"hashtags":[],"symbols":[],"user_mentions":[],"urls":[{"url":"https://t.co/jzIfVJTxFW","expanded_url":"https://www.thestar.com.my/metro/metro-news/2018/09/07/a-peek-into-the-future-five-inventions-to-look-forward-to/#uj0oSBBdRj0hfwXb.99","display_url":"thestar.com.my/metro/metro-ne…","indices":[61,84]}]},"source":"<a href=\"https://www.hootsuite.com\" rel=\"nofollow\">Hootsuite Inc.</a>","in_reply_to_status_id":null,"in_reply_to_status_id_str":null,"in_reply_to_user_id":null,"in_reply_to_user_id_str":null,"in_reply_to_screen_name":null,"user":{"id":22594051,"id_str":"22594051","name":"The Star","screen_name":"staronline","location":"Kuala Lumpur, Malaysia","description":"News updates from Malaysia's top English-language daily and website","url":"http://t.co/6UzRrPn7Fn","entities":{"url":{"urls":[{"url":"http://t.co/6UzRrPn7Fn","expanded_url":"http://thestar.com.my","display_url":"thestar.com.my","indices":[0,22]}]},"description":{"urls":[]}},"protected":false,"followers_count":1456064,"friends_count":117,"listed_count":3632,"created_at":"Tue Mar 03 06:19:00 +0000 2009","favourites_count":53,"utc_offset":null,"time_zone":null,"geo_enabled":false,"verified":true,"statuses_count":278464,"lang":"en","contributors_enabled":false,"is_translator":false,"is_translation_enabled":false,"profile_background_color":"D3D4CF","profile_background_image_url":"http://abs.twimg.com/images/themes/theme4/bg.gif","profile_background_image_url_https":"https://abs.twimg.com/images/themes/theme4/bg.gif","profile_background_tile":false,"profile_image_url":"http://pbs.twimg.com/profile_images/906934922392117248/QkmHyTW5_normal.jpg","profile_image_url_https":"https://pbs.twimg.com/profile_images/906934922392117248/QkmHyTW5_normal.jpg","profile_link_color":"0099B9","profile_sidebar_border_color":"FFFFFF","profile_sidebar_fill_color":"EBF1F5","profile_text_color":"3C3940","profile_use_background_image":true,"has_extended_profile":false,"default_profile":false,"default_profile_image":false,"following":false,"follow_request_sent":false,"notifications":false,"translator_type":"none"},"geo":null,"coordinates":null,"place":null,"contributors":null,"is_quote_status":false,"retweet_count":0,"favorite_count":7,"favorited":false,"retweeted":false,"possibly_sensitive":false,"lang":"en"},{"created_at":"Wed Sep 12 03:52:58 +0000 2018","id":1039723519540691000,"id_str":"1039723519540690944","full_text":"Chinese social media celebrity Saya faces charges over alleged attack on pregnant woman\nhttps://t.co/qBKN5dwLMr https://t.co/YMWj1ggAVB","truncated":false,"display_text_range":[0,111],"entities":{"hashtags":[],"symbols":[],"user_mentions":[],"urls":[{"url":"https://t.co/qBKN5dwLMr","expanded_url":"http://www.thestar.com.my/news/regional/2018/09/12/chinese-social-media-celebrity-saya-faces-charges-over-alleged-attack-on-pregnant-woman/","display_url":"thestar.com.my/news/regional/…","indices":[88,111]}],"media":[{"id":1039723518374699000,"id_str":"1039723518374699008","indices":[112,135],"media_url":"http://pbs.twimg.com/media/Dm3XCAFX4AAtxBU.jpg","media_url_https":"https://pbs.twimg.com/media/Dm3XCAFX4AAtxBU.jpg","url":"https://t.co/YMWj1ggAVB","display_url":"pic.twitter.com/YMWj1ggAVB","expanded_url":"https://twitter.com/staronline/status/1039723519540690944/photo/1","type":"photo","sizes":{"thumb":{"w":150,"h":150,"resize":"crop"},"medium":{"w":620,"h":413,"resize":"fit"},"small":{"w":620,"h":413,"resize":"fit"},"large":{"w":620,"h":413,"resize":"fit"}}}]},"extended_entities":{"media":[{"id":1039723518374699000,"id_str":"1039723518374699008","indices":[112,135],"media_url":"http://pbs.twimg.com/media/Dm3XCAFX4AAtxBU.jpg","media_url_https":"https://pbs.twimg.com/media/Dm3XCAFX4AAtxBU.jpg","url":"https://t.co/YMWj1ggAVB","display_url":"pic.twitter.com/YMWj1ggAVB","expanded_url":"https://twitter.com/staronline/status/1039723519540690944/photo/1","type":"photo","sizes":{"thumb":{"w":150,"h":150,"resize":"crop"},"medium":{"w":620,"h":413,"resize":"fit"},"small":{"w":620,"h":413,"resize":"fit"},"large":{"w":620,"h":413,"resize":"fit"}}}]},"source":"<a href=\"http://thestar.com.my\" rel=\"nofollow\">TwitterRSSTSOLAgent</a>","in_reply_to_status_id":null,"in_reply_to_status_id_str":null,"in_reply_to_user_id":null,"in_reply_to_user_id_str":null,"in_reply_to_screen_name":null,"user":{"id":22594051,"id_str":"22594051","name":"The Star","screen_name":"staronline","location":"Kuala Lumpur, Malaysia","description":"News updates from Malaysia's top English-language daily and website","url":"http://t.co/6UzRrPn7Fn","entities":{"url":{"urls":[{"url":"http://t.co/6UzRrPn7Fn","expanded_url":"http://thestar.com.my","display_url":"thestar.com.my","indices":[0,22]}]},"description":{"urls":[]}},"protected":false,"followers_count":1456064,"friends_count":117,"listed_count":3632,"created_at":"Tue Mar 03 06:19:00 +0000 2009","favourites_count":53,"utc_offset":null,"time_zone":null,"geo_enabled":false,"verified":true,"statuses_count":278464,"lang":"en","contributors_enabled":false,"is_translator":false,"is_translation_enabled":false,"profile_background_color":"D3D4CF","profile_background_image_url":"http://abs.twimg.com/images/themes/theme4/bg.gif","profile_background_image_url_https":"https://abs.twimg.com/images/themes/theme4/bg.gif","profile_background_tile":false,"profile_image_url":"http://pbs.twimg.com/profile_images/906934922392117248/QkmHyTW5_normal.jpg","profile_image_url_https":"https://pbs.twimg.com/profile_images/906934922392117248/QkmHyTW5_normal.jpg","profile_link_color":"0099B9","profile_sidebar_border_color":"FFFFFF","profile_sidebar_fill_color":"EBF1F5","profile_text_color":"3C3940","profile_use_background_image":true,"has_extended_profile":false,"default_profile":false,"default_profile_image":false,"following":false,"follow_request_sent":false,"notifications":false,"translator_type":"none"},"geo":null,"coordinates":null,"place":null,"contributors":null,"is_quote_status":false,"retweet_count":0,"favorite_count":2,"favorited":false,"retweeted":false,"possibly_sensitive":false,"lang":"en"},{"created_at":"Wed Sep 12 03:51:19 +0000 2018","id":1039723101385379800,"id_str":"1039723101385379841","full_text":"Taman Impian Emas is a freehold integrated community inspired and planned around its untouched natural surrounding. https://t.co/RRl0wWWftc \n  https://t.co/UvolGnZWUH","truncated":false,"display_text_range":[0,166],"entities":{"hashtags":[],"symbols":[],"user_mentions":[],"urls":[{"url":"https://t.co/RRl0wWWftc","expanded_url":"https://www.star2.com/living/2018/09/12/taman-impian-emas-iskandar-malaysia-inspired-nature/#fHpPF7o6SbZpyqlP.99","display_url":"star2.com/living/2018/09…","indices":[116,139]},{"url":"https://t.co/UvolGnZWUH","expanded_url":"https://www.star2.com/living/2018/09/12/taman-impian-emas-iskandar-malaysia-inspired-nature/","display_url":"star2.com/living/2018/09…","indices":[143,166]}]},"source":"<a href=\"https://www.hootsuite.com\" rel=\"nofollow\">Hootsuite Inc.</a>","in_reply_to_status_id":null,"in_reply_to_status_id_str":null,"in_reply_to_user_id":null,"in_reply_to_user_id_str":null,"in_reply_to_screen_name":null,"user":{"id":22594051,"id_str":"22594051","name":"The Star","screen_name":"staronline","location":"Kuala Lumpur, Malaysia","description":"News updates from Malaysia's top English-language daily and website","url":"http://t.co/6UzRrPn7Fn","entities":{"url":{"urls":[{"url":"http://t.co/6UzRrPn7Fn","expanded_url":"http://thestar.com.my","display_url":"thestar.com.my","indices":[0,22]}]},"description":{"urls":[]}},"protected":false,"followers_count":1456064,"friends_count":117,"listed_count":3632,"created_at":"Tue Mar 03 06:19:00 +0000 2009","favourites_count":53,"utc_offset":null,"time_zone":null,"geo_enabled":false,"verified":true,"statuses_count":278464,"lang":"en","contributors_enabled":false,"is_translator":false,"is_translation_enabled":false,"profile_background_color":"D3D4CF","profile_background_image_url":"http://abs.twimg.com/images/themes/theme4/bg.gif","profile_background_image_url_https":"https://abs.twimg.com/images/themes/theme4/bg.gif","profile_background_tile":false,"profile_image_url":"http://pbs.twimg.com/profile_images/906934922392117248/QkmHyTW5_normal.jpg","profile_image_url_https":"https://pbs.twimg.com/profile_images/906934922392117248/QkmHyTW5_normal.jpg","profile_link_color":"0099B9","profile_sidebar_border_color":"FFFFFF","profile_sidebar_fill_color":"EBF1F5","profile_text_color":"3C3940","profile_use_background_image":true,"has_extended_profile":false,"default_profile":false,"default_profile_image":false,"following":false,"follow_request_sent":false,"notifications":false,"translator_type":"none"},"geo":null,"coordinates":null,"place":null,"contributors":null,"is_quote_status":false,"retweet_count":0,"favorite_count":7,"favorited":false,"retweeted":false,"possibly_sensitive":false,"lang":"en"},{"created_at":"Wed Sep 12 03:23:04 +0000 2018","id":1039715994673897500,"id_str":"1039715994673897472","full_text":"Baby bump photos end up as fetish fodder on social media\nhttps://t.co/AEKiTpZeTU https://t.co/gzNulFJSMi","truncated":false,"display_text_range":[0,80],"entities":{"hashtags":[],"symbols":[],"user_mentions":[],"urls":[{"url":"https://t.co/AEKiTpZeTU","expanded_url":"http://www.thestar.com.my/news/nation/2018/09/12/baby-bump-photos-end-up-as-fetish-fodder-on-social-media/","display_url":"thestar.com.my/news/nation/20…","indices":[57,80]}],"media":[{"id":1039715993298161700,"id_str":"1039715993298161664","indices":[81,104],"media_url":"http://pbs.twimg.com/media/Dm3QL-_UUAAO-aK.jpg","media_url_https":"https://pbs.twimg.com/media/Dm3QL-_UUAAO-aK.jpg","url":"https://t.co/gzNulFJSMi","display_url":"pic.twitter.com/gzNulFJSMi","expanded_url":"https://twitter.com/staronline/status/1039715994673897472/photo/1","type":"photo","sizes":{"thumb":{"w":150,"h":150,"resize":"crop"},"small":{"w":620,"h":413,"resize":"fit"},"medium":{"w":620,"h":413,"resize":"fit"},"large":{"w":620,"h":413,"resize":"fit"}}}]},"extended_entities":{"media":[{"id":1039715993298161700,"id_str":"1039715993298161664","indices":[81,104],"media_url":"http://pbs.twimg.com/media/Dm3QL-_UUAAO-aK.jpg","media_url_https":"https://pbs.twimg.com/media/Dm3QL-_UUAAO-aK.jpg","url":"https://t.co/gzNulFJSMi","display_url":"pic.twitter.com/gzNulFJSMi","expanded_url":"https://twitter.com/staronline/status/1039715994673897472/photo/1","type":"photo","sizes":{"thumb":{"w":150,"h":150,"resize":"crop"},"small":{"w":620,"h":413,"resize":"fit"},"medium":{"w":620,"h":413,"resize":"fit"},"large":{"w":620,"h":413,"resize":"fit"}}}]},"source":"<a href=\"http://thestar.com.my\" rel=\"nofollow\">TwitterRSSTSOLAgent</a>","in_reply_to_status_id":null,"in_reply_to_status_id_str":null,"in_reply_to_user_id":null,"in_reply_to_user_id_str":null,"in_reply_to_screen_name":null,"user":{"id":22594051,"id_str":"22594051","name":"The Star","screen_name":"staronline","location":"Kuala Lumpur, Malaysia","description":"News updates from Malaysia's top English-language daily and website","url":"http://t.co/6UzRrPn7Fn","entities":{"url":{"urls":[{"url":"http://t.co/6UzRrPn7Fn","expanded_url":"http://thestar.com.my","display_url":"thestar.com.my","indices":[0,22]}]},"description":{"urls":[]}},"protected":false,"followers_count":1456064,"friends_count":117,"listed_count":3632,"created_at":"Tue Mar 03 06:19:00 +0000 2009","favourites_count":53,"utc_offset":null,"time_zone":null,"geo_enabled":false,"verified":true,"statuses_count":278464,"lang":"en","contributors_enabled":false,"is_translator":false,"is_translation_enabled":false,"profile_background_color":"D3D4CF","profile_background_image_url":"http://abs.twimg.com/images/themes/theme4/bg.gif","profile_background_image_url_https":"https://abs.twimg.com/images/themes/theme4/bg.gif","profile_background_tile":false,"profile_image_url":"http://pbs.twimg.com/profile_images/906934922392117248/QkmHyTW5_normal.jpg","profile_image_url_https":"https://pbs.twimg.com/profile_images/906934922392117248/QkmHyTW5_normal.jpg","profile_link_color":"0099B9","profile_sidebar_border_color":"FFFFFF","profile_sidebar_fill_color":"EBF1F5","profile_text_color":"3C3940","profile_use_background_image":true,"has_extended_profile":false,"default_profile":false,"default_profile_image":false,"following":false,"follow_request_sent":false,"notifications":false,"translator_type":"none"},"geo":null,"coordinates":null,"place":null,"contributors":null,"is_quote_status":false,"retweet_count":17,"favorite_count":11,"favorited":false,"retweeted":false,"possibly_sensitive":false,"lang":"en"},{"created_at":"Wed Sep 12 03:13:17 +0000 2018","id":1039713533343150100,"id_str":"1039713533343150080","full_text":"Argentina share lacklustre 0-0 draw with Colombia\nhttps://t.co/UzPy4kMrSy https://t.co/D81rIW8hLE","truncated":false,"display_text_range":[0,73],"entities":{"hashtags":[],"symbols":[],"user_mentions":[],"urls":[{"url":"https://t.co/UzPy4kMrSy","expanded_url":"http://www.thestar.com.my/sport/football/2018/09/12/argentina-share-lacklustre-00-draw-with-colombia/","display_url":"thestar.com.my/sport/football…","indices":[50,73]}],"media":[{"id":1039713532160356400,"id_str":"1039713532160356354","indices":[74,97],"media_url":"http://pbs.twimg.com/media/Dm3N8uiVsAIa-Vi.jpg","media_url_https":"https://pbs.twimg.com/media/Dm3N8uiVsAIa-Vi.jpg","url":"https://t.co/D81rIW8hLE","display_url":"pic.twitter.com/D81rIW8hLE","expanded_url":"https://twitter.com/staronline/status/1039713533343150080/photo/1","type":"photo","sizes":{"thumb":{"w":150,"h":150,"resize":"crop"},"medium":{"w":620,"h":413,"resize":"fit"},"large":{"w":620,"h":413,"resize":"fit"},"small":{"w":620,"h":413,"resize":"fit"}}}]},"extended_entities":{"media":[{"id":1039713532160356400,"id_str":"1039713532160356354","indices":[74,97],"media_url":"http://pbs.twimg.com/media/Dm3N8uiVsAIa-Vi.jpg","media_url_https":"https://pbs.twimg.com/media/Dm3N8uiVsAIa-Vi.jpg","url":"https://t.co/D81rIW8hLE","display_url":"pic.twitter.com/D81rIW8hLE","expanded_url":"https://twitter.com/staronline/status/1039713533343150080/photo/1","type":"photo","sizes":{"thumb":{"w":150,"h":150,"resize":"crop"},"medium":{"w":620,"h":413,"resize":"fit"},"large":{"w":620,"h":413,"resize":"fit"},"small":{"w":620,"h":413,"resize":"fit"}}}]},"source":"<a href=\"http://thestar.com.my\" rel=\"nofollow\">TwitterRSSTSOLAgent</a>","in_reply_to_status_id":null,"in_reply_to_status_id_str":null,"in_reply_to_user_id":null,"in_reply_to_user_id_str":null,"in_reply_to_screen_name":null,"user":{"id":22594051,"id_str":"22594051","name":"The Star","screen_name":"staronline","location":"Kuala Lumpur, Malaysia","description":"News updates from Malaysia's top English-language daily and website","url":"http://t.co/6UzRrPn7Fn","entities":{"url":{"urls":[{"url":"http://t.co/6UzRrPn7Fn","expanded_url":"http://thestar.com.my","display_url":"thestar.com.my","indices":[0,22]}]},"description":{"urls":[]}},"protected":false,"followers_count":1456064,"friends_count":117,"listed_count":3632,"created_at":"Tue Mar 03 06:19:00 +0000 2009","favourites_count":53,"utc_offset":null,"time_zone":null,"geo_enabled":false,"verified":true,"statuses_count":278464,"lang":"en","contributors_enabled":false,"is_translator":false,"is_translation_enabled":false,"profile_background_color":"D3D4CF","profile_background_image_url":"http://abs.twimg.com/images/themes/theme4/bg.gif","profile_background_image_url_https":"https://abs.twimg.com/images/themes/theme4/bg.gif","profile_background_tile":false,"profile_image_url":"http://pbs.twimg.com/profile_images/906934922392117248/QkmHyTW5_normal.jpg","profile_image_url_https":"https://pbs.twimg.com/profile_images/906934922392117248/QkmHyTW5_normal.jpg","profile_link_color":"0099B9","profile_sidebar_border_color":"FFFFFF","profile_sidebar_fill_color":"EBF1F5","profile_text_color":"3C3940","profile_use_background_image":true,"has_extended_profile":false,"default_profile":false,"default_profile_image":false,"following":false,"follow_request_sent":false,"notifications":false,"translator_type":"none"},"geo":null,"coordinates":null,"place":null,"contributors":null,"is_quote_status":false,"retweet_count":0,"favorite_count":3,"favorited":false,"retweeted":false,"possibly_sensitive":false,"lang":"en"},{"created_at":"Wed Sep 12 03:13:11 +0000 2018","id":1039713506994483200,"id_str":"1039713506994483201","full_text":"Richarlison doubles helps Brazil to 5-0 triumph\nhttps://t.co/IIk7IFVwUw https://t.co/7tkomdvwkz","truncated":false,"display_text_range":[0,71],"entities":{"hashtags":[],"symbols":[],"user_mentions":[],"urls":[{"url":"https://t.co/IIk7IFVwUw","expanded_url":"http://www.thestar.com.my/sport/football/2018/09/12/richarlison-doubles-helps-brazil-to-50-triumph/","display_url":"thestar.com.my/sport/football…","indices":[48,71]}],"media":[{"id":1039713505476194300,"id_str":"1039713505476194304","indices":[72,95],"media_url":"http://pbs.twimg.com/media/Dm3N7LIVsAApxrZ.jpg","media_url_https":"https://pbs.twimg.com/media/Dm3N7LIVsAApxrZ.jpg","url":"https://t.co/7tkomdvwkz","display_url":"pic.twitter.com/7tkomdvwkz","expanded_url":"https://twitter.com/staronline/status/1039713506994483201/photo/1","type":"photo","sizes":{"thumb":{"w":150,"h":150,"resize":"crop"},"small":{"w":620,"h":413,"resize":"fit"},"medium":{"w":620,"h":413,"resize":"fit"},"large":{"w":620,"h":413,"resize":"fit"}}}]},"extended_entities":{"media":[{"id":1039713505476194300,"id_str":"1039713505476194304","indices":[72,95],"media_url":"http://pbs.twimg.com/media/Dm3N7LIVsAApxrZ.jpg","media_url_https":"https://pbs.twimg.com/media/Dm3N7LIVsAApxrZ.jpg","url":"https://t.co/7tkomdvwkz","display_url":"pic.twitter.com/7tkomdvwkz","expanded_url":"https://twitter.com/staronline/status/1039713506994483201/photo/1","type":"photo","sizes":{"thumb":{"w":150,"h":150,"resize":"crop"},"small":{"w":620,"h":413,"resize":"fit"},"medium":{"w":620,"h":413,"resize":"fit"},"large":{"w":620,"h":413,"resize":"fit"}}}]},"source":"<a href=\"http://thestar.com.my\" rel=\"nofollow\">TwitterRSSTSOLAgent</a>","in_reply_to_status_id":null,"in_reply_to_status_id_str":null,"in_reply_to_user_id":null,"in_reply_to_user_id_str":null,"in_reply_to_screen_name":null,"user":{"id":22594051,"id_str":"22594051","name":"The Star","screen_name":"staronline","location":"Kuala Lumpur, Malaysia","description":"News updates from Malaysia's top English-language daily and website","url":"http://t.co/6UzRrPn7Fn","entities":{"url":{"urls":[{"url":"http://t.co/6UzRrPn7Fn","expanded_url":"http://thestar.com.my","display_url":"thestar.com.my","indices":[0,22]}]},"description":{"urls":[]}},"protected":false,"followers_count":1456064,"friends_count":117,"listed_count":3632,"created_at":"Tue Mar 03 06:19:00 +0000 2009","favourites_count":53,"utc_offset":null,"time_zone":null,"geo_enabled":false,"verified":true,"statuses_count":278464,"lang":"en","contributors_enabled":false,"is_translator":false,"is_translation_enabled":false,"profile_background_color":"D3D4CF","profile_background_image_url":"http://abs.twimg.com/images/themes/theme4/bg.gif","profile_background_image_url_https":"https://abs.twimg.com/images/themes/theme4/bg.gif","profile_background_tile":false,"profile_image_url":"http://pbs.twimg.com/profile_images/906934922392117248/QkmHyTW5_normal.jpg","profile_image_url_https":"https://pbs.twimg.com/profile_images/906934922392117248/QkmHyTW5_normal.jpg","profile_link_color":"0099B9","profile_sidebar_border_color":"FFFFFF","profile_sidebar_fill_color":"EBF1F5","profile_text_color":"3C3940","profile_use_background_image":true,"has_extended_profile":false,"default_profile":false,"default_profile_image":false,"following":false,"follow_request_sent":false,"notifications":false,"translator_type":"none"},"geo":null,"coordinates":null,"place":null,"contributors":null,"is_quote_status":false,"retweet_count":2,"favorite_count":4,"favorited":false,"retweeted":false,"possibly_sensitive":false,"lang":"en"},{"created_at":"Wed Sep 12 02:55:11 +0000 2018","id":1039708976391176200,"id_str":"1039708976391176193","full_text":"Intensified foreign selling seen on Bursa Malaysia\nRead more at https://t.co/pyadDTgGgP","truncated":false,"display_text_range":[0,87],"entities":{"hashtags":[],"symbols":[],"user_mentions":[],"urls":[{"url":"https://t.co/pyadDTgGgP","expanded_url":"https://www.thestar.com.my/business/business-news/2018/09/12/intensified-foreign-selling-seen-on-bursa-malaysia/#JhCtCHrtj5wBrx3c.99","display_url":"thestar.com.my/business/busin…","indices":[64,87]}]},"source":"<a href=\"http://twitter.com\" rel=\"nofollow\">Twitter Web Client</a>","in_reply_to_status_id":null,"in_reply_to_status_id_str":null,"in_reply_to_user_id":null,"in_reply_to_user_id_str":null,"in_reply_to_screen_name":null,"user":{"id":22594051,"id_str":"22594051","name":"The Star","screen_name":"staronline","location":"Kuala Lumpur, Malaysia","description":"News updates from Malaysia's top English-language daily and website","url":"http://t.co/6UzRrPn7Fn","entities":{"url":{"urls":[{"url":"http://t.co/6UzRrPn7Fn","expanded_url":"http://thestar.com.my","display_url":"thestar.com.my","indices":[0,22]}]},"description":{"urls":[]}},"protected":false,"followers_count":1456064,"friends_count":117,"listed_count":3632,"created_at":"Tue Mar 03 06:19:00 +0000 2009","favourites_count":53,"utc_offset":null,"time_zone":null,"geo_enabled":false,"verified":true,"statuses_count":278464,"lang":"en","contributors_enabled":false,"is_translator":false,"is_translation_enabled":false,"profile_background_color":"D3D4CF","profile_background_image_url":"http://abs.twimg.com/images/themes/theme4/bg.gif","profile_background_image_url_https":"https://abs.twimg.com/images/themes/theme4/bg.gif","profile_background_tile":false,"profile_image_url":"http://pbs.twimg.com/profile_images/906934922392117248/QkmHyTW5_normal.jpg","profile_image_url_https":"https://pbs.twimg.com/profile_images/906934922392117248/QkmHyTW5_normal.jpg","profile_link_color":"0099B9","profile_sidebar_border_color":"FFFFFF","profile_sidebar_fill_color":"EBF1F5","profile_text_color":"3C3940","profile_use_background_image":true,"has_extended_profile":false,"default_profile":false,"default_profile_image":false,"following":false,"follow_request_sent":false,"notifications":false,"translator_type":"none"},"geo":null,"coordinates":null,"place":null,"contributors":null,"is_quote_status":false,"retweet_count":1,"favorite_count":3,"favorited":false,"retweeted":false,"possibly_sensitive":false,"lang":"en"},{"created_at":"Wed Sep 12 01:42:26 +0000 2018","id":1039690669067882500,"id_str":"1039690669067882496","full_text":"AirAsia slides as unit's IPO may be delayed\nRead more at https://t.co/p3MPZffFQx","truncated":false,"display_text_range":[0,80],"entities":{"hashtags":[],"symbols":[],"user_mentions":[],"urls":[{"url":"https://t.co/p3MPZffFQx","expanded_url":"https://www.thestar.com.my/business/business-news/2018/09/12/airasia-slides-as-unit-ipo-may-be-delayed/#SAd0b0guC9zZCQFU.99","display_url":"thestar.com.my/business/busin…","indices":[57,80]}]},"source":"<a href=\"http://twitter.com\" rel=\"nofollow\">Twitter Web Client</a>","in_reply_to_status_id":null,"in_reply_to_status_id_str":null,"in_reply_to_user_id":null,"in_reply_to_user_id_str":null,"in_reply_to_screen_name":null,"user":{"id":22594051,"id_str":"22594051","name":"The Star","screen_name":"staronline","location":"Kuala Lumpur, Malaysia","description":"News updates from Malaysia's top English-language daily and website","url":"http://t.co/6UzRrPn7Fn","entities":{"url":{"urls":[{"url":"http://t.co/6UzRrPn7Fn","expanded_url":"http://thestar.com.my","display_url":"thestar.com.my","indices":[0,22]}]},"description":{"urls":[]}},"protected":false,"followers_count":1456064,"friends_count":117,"listed_count":3632,"created_at":"Tue Mar 03 06:19:00 +0000 2009","favourites_count":53,"utc_offset":null,"time_zone":null,"geo_enabled":false,"verified":true,"statuses_count":278464,"lang":"en","contributors_enabled":false,"is_translator":false,"is_translation_enabled":false,"profile_background_color":"D3D4CF","profile_background_image_url":"http://abs.twimg.com/images/themes/theme4/bg.gif","profile_background_image_url_https":"https://abs.twimg.com/images/themes/theme4/bg.gif","profile_background_tile":false,"profile_image_url":"http://pbs.twimg.com/profile_images/906934922392117248/QkmHyTW5_normal.jpg","profile_image_url_https":"https://pbs.twimg.com/profile_images/906934922392117248/QkmHyTW5_normal.jpg","profile_link_color":"0099B9","profile_sidebar_border_color":"FFFFFF","profile_sidebar_fill_color":"EBF1F5","profile_text_color":"3C3940","profile_use_background_image":true,"has_extended_profile":false,"default_profile":false,"default_profile_image":false,"following":false,"follow_request_sent":false,"notifications":false,"translator_type":"none"},"geo":null,"coordinates":null,"place":null,"contributors":null,"is_quote_status":false,"retweet_count":1,"favorite_count":4,"favorited":false,"retweeted":false,"possibly_sensitive":false,"lang":"en"},{"created_at":"Wed Sep 12 01:37:43 +0000 2018","id":1039689481899532300,"id_str":"1039689481899532288","full_text":"https://t.co/LvAZ1xkJwY","truncated":false,"display_text_range":[0,23],"entities":{"hashtags":[],"symbols":[],"user_mentions":[],"urls":[{"url":"https://t.co/LvAZ1xkJwY","expanded_url":"https://www.thestar.com.my/business/business-news/2018/09/12/more-malls-to-enter-the-fray-in-the-klang-valley/","display_url":"thestar.com.my/business/busin…","indices":[0,23]}]},"source":"<a href=\"http://twitter.com\" rel=\"nofollow\">Twitter Web Client</a>","in_reply_to_status_id":null,"in_reply_to_status_id_str":null,"in_reply_to_user_id":null,"in_reply_to_user_id_str":null,"in_reply_to_screen_name":null,"user":{"id":22594051,"id_str":"22594051","name":"The Star","screen_name":"staronline","location":"Kuala Lumpur, Malaysia","description":"News updates from Malaysia's top English-language daily and website","url":"http://t.co/6UzRrPn7Fn","entities":{"url":{"urls":[{"url":"http://t.co/6UzRrPn7Fn","expanded_url":"http://thestar.com.my","display_url":"thestar.com.my","indices":[0,22]}]},"description":{"urls":[]}},"protected":false,"followers_count":1456064,"friends_count":117,"listed_count":3632,"created_at":"Tue Mar 03 06:19:00 +0000 2009","favourites_count":53,"utc_offset":null,"time_zone":null,"geo_enabled":false,"verified":true,"statuses_count":278464,"lang":"en","contributors_enabled":false,"is_translator":false,"is_translation_enabled":false,"profile_background_color":"D3D4CF","profile_background_image_url":"http://abs.twimg.com/images/themes/theme4/bg.gif","profile_background_image_url_https":"https://abs.twimg.com/images/themes/theme4/bg.gif","profile_background_tile":false,"profile_image_url":"http://pbs.twimg.com/profile_images/906934922392117248/QkmHyTW5_normal.jpg","profile_image_url_https":"https://pbs.twimg.com/profile_images/906934922392117248/QkmHyTW5_normal.jpg","profile_link_color":"0099B9","profile_sidebar_border_color":"FFFFFF","profile_sidebar_fill_color":"EBF1F5","profile_text_color":"3C3940","profile_use_background_image":true,"has_extended_profile":false,"default_profile":false,"default_profile_image":false,"following":false,"follow_request_sent":false,"notifications":false,"translator_type":"none"},"geo":null,"coordinates":null,"place":null,"contributors":null,"is_quote_status":false,"retweet_count":25,"favorite_count":20,"favorited":false,"retweeted":false,"possibly_sensitive":false,"lang":"und"},{"created_at":"Wed Sep 12 01:33:35 +0000 2018","id":1039688439573045200,"id_str":"1039688439573045248","full_text":"Sapura Energy to sell 50% stake in O&amp;G exploration arm for US$1.6bil\nRead more at https://t.co/aF5wF6TpmU","truncated":false,"display_text_range":[0,109],"entities":{"hashtags":[],"symbols":[],"user_mentions":[],"urls":[{"url":"https://t.co/aF5wF6TpmU","expanded_url":"https://www.thestar.com.my/business/business-news/2018/09/12/sapura-energy-to-sell-50pct-stake-in-oandg-exploration-arm-for-us$1pt6bil/#SJG4Mh45ttx0iycR.99","display_url":"thestar.com.my/business/busin…","indices":[86,109]}]},"source":"<a href=\"http://twitter.com\" rel=\"nofollow\">Twitter Web Client</a>","in_reply_to_status_id":null,"in_reply_to_status_id_str":null,"in_reply_to_user_id":null,"in_reply_to_user_id_str":null,"in_reply_to_screen_name":null,"user":{"id":22594051,"id_str":"22594051","name":"The Star","screen_name":"staronline","location":"Kuala Lumpur, Malaysia","description":"News updates from Malaysia's top English-language daily and website","url":"http://t.co/6UzRrPn7Fn","entities":{"url":{"urls":[{"url":"http://t.co/6UzRrPn7Fn","expanded_url":"http://thestar.com.my","display_url":"thestar.com.my","indices":[0,22]}]},"description":{"urls":[]}},"protected":false,"followers_count":1456064,"friends_count":117,"listed_count":3632,"created_at":"Tue Mar 03 06:19:00 +0000 2009","favourites_count":53,"utc_offset":null,"time_zone":null,"geo_enabled":false,"verified":true,"statuses_count":278464,"lang":"en","contributors_enabled":false,"is_translator":false,"is_translation_enabled":false,"profile_background_color":"D3D4CF","profile_background_image_url":"http://abs.twimg.com/images/themes/theme4/bg.gif","profile_background_image_url_https":"https://abs.twimg.com/images/themes/theme4/bg.gif","profile_background_tile":false,"profile_image_url":"http://pbs.twimg.com/profile_images/906934922392117248/QkmHyTW5_normal.jpg","profile_image_url_https":"https://pbs.twimg.com/profile_images/906934922392117248/QkmHyTW5_normal.jpg","profile_link_color":"0099B9","profile_sidebar_border_color":"FFFFFF","profile_sidebar_fill_color":"EBF1F5","profile_text_color":"3C3940","profile_use_background_image":true,"has_extended_profile":false,"default_profile":false,"default_profile_image":false,"following":false,"follow_request_sent":false,"notifications":false,"translator_type":"none"},"geo":null,"coordinates":null,"place":null,"contributors":null,"is_quote_status":false,"retweet_count":6,"favorite_count":13,"favorited":false,"retweeted":false,"possibly_sensitive":false,"lang":"en"},{"created_at":"Wed Sep 12 01:32:58 +0000 2018","id":1039688287785377800,"id_str":"1039688287785377792","full_text":"Cop kills wife, turns gun on himself in front of daughter\nhttps://t.co/A4iFp0kOFn https://t.co/8dWTp0wEeJ","truncated":false,"display_text_range":[0,81],"entities":{"hashtags":[],"symbols":[],"user_mentions":[],"urls":[{"url":"https://t.co/A4iFp0kOFn","expanded_url":"http://www.thestar.com.my/news/regional/2018/09/12/cop-kills-wife-turns-gun-on-himself-in-front-of-daughter/","display_url":"thestar.com.my/news/regional/…","indices":[58,81]}],"media":[{"id":1039688286644592600,"id_str":"1039688286644592640","indices":[82,105],"media_url":"http://pbs.twimg.com/media/Dm22_PqV4AAgab-.jpg","media_url_https":"https://pbs.twimg.com/media/Dm22_PqV4AAgab-.jpg","url":"https://t.co/8dWTp0wEeJ","display_url":"pic.twitter.com/8dWTp0wEeJ","expanded_url":"https://twitter.com/staronline/status/1039688287785377792/photo/1","type":"photo","sizes":{"thumb":{"w":150,"h":150,"resize":"crop"},"small":{"w":620,"h":413,"resize":"fit"},"large":{"w":620,"h":413,"resize":"fit"},"medium":{"w":620,"h":413,"resize":"fit"}}}]},"extended_entities":{"media":[{"id":1039688286644592600,"id_str":"1039688286644592640","indices":[82,105],"media_url":"http://pbs.twimg.com/media/Dm22_PqV4AAgab-.jpg","media_url_https":"https://pbs.twimg.com/media/Dm22_PqV4AAgab-.jpg","url":"https://t.co/8dWTp0wEeJ","display_url":"pic.twitter.com/8dWTp0wEeJ","expanded_url":"https://twitter.com/staronline/status/1039688287785377792/photo/1","type":"photo","sizes":{"thumb":{"w":150,"h":150,"resize":"crop"},"small":{"w":620,"h":413,"resize":"fit"},"large":{"w":620,"h":413,"resize":"fit"},"medium":{"w":620,"h":413,"resize":"fit"}}}]},"source":"<a href=\"http://thestar.com.my\" rel=\"nofollow\">TwitterRSSTSOLAgent</a>","in_reply_to_status_id":null,"in_reply_to_status_id_str":null,"in_reply_to_user_id":null,"in_reply_to_user_id_str":null,"in_reply_to_screen_name":null,"user":{"id":22594051,"id_str":"22594051","name":"The Star","screen_name":"staronline","location":"Kuala Lumpur, Malaysia","description":"News updates from Malaysia's top English-language daily and website","url":"http://t.co/6UzRrPn7Fn","entities":{"url":{"urls":[{"url":"http://t.co/6UzRrPn7Fn","expanded_url":"http://thestar.com.my","display_url":"thestar.com.my","indices":[0,22]}]},"description":{"urls":[]}},"protected":false,"followers_count":1456064,"friends_count":117,"listed_count":3632,"created_at":"Tue Mar 03 06:19:00 +0000 2009","favourites_count":53,"utc_offset":null,"time_zone":null,"geo_enabled":false,"verified":true,"statuses_count":278464,"lang":"en","contributors_enabled":false,"is_translator":false,"is_translation_enabled":false,"profile_background_color":"D3D4CF","profile_background_image_url":"http://abs.twimg.com/images/themes/theme4/bg.gif","profile_background_image_url_https":"https://abs.twimg.com/images/themes/theme4/bg.gif","profile_background_tile":false,"profile_image_url":"http://pbs.twimg.com/profile_images/906934922392117248/QkmHyTW5_normal.jpg","profile_image_url_https":"https://pbs.twimg.com/profile_images/906934922392117248/QkmHyTW5_normal.jpg","profile_link_color":"0099B9","profile_sidebar_border_color":"FFFFFF","profile_sidebar_fill_color":"EBF1F5","profile_text_color":"3C3940","profile_use_background_image":true,"has_extended_profile":false,"default_profile":false,"default_profile_image":false,"following":false,"follow_request_sent":false,"notifications":false,"translator_type":"none"},"geo":null,"coordinates":null,"place":null,"contributors":null,"is_quote_status":false,"retweet_count":1,"favorite_count":3,"favorited":false,"retweeted":false,"possibly_sensitive":false,"lang":"en"},{"created_at":"Wed Sep 12 01:23:05 +0000 2018","id":1039685797669007400,"id_str":"1039685797669007361","full_text":"Man threatened girlfriend with sex video after boozy spending spree with lost debit card\nhttps://t.co/sU4qXmdmyF https://t.co/pbKM6yZHuF","truncated":false,"display_text_range":[0,112],"entities":{"hashtags":[],"symbols":[],"user_mentions":[],"urls":[{"url":"https://t.co/sU4qXmdmyF","expanded_url":"http://www.thestar.com.my/news/regional/2018/09/12/man-threatened-girlfriend-with-sex-video-after-boozy-spending-spree-with-lost-debit-card/","display_url":"thestar.com.my/news/regional/…","indices":[89,112]}],"media":[{"id":1039685796456947700,"id_str":"1039685796456947712","indices":[113,136],"media_url":"http://pbs.twimg.com/media/Dm20uS_V4AA1jnU.jpg","media_url_https":"https://pbs.twimg.com/media/Dm20uS_V4AA1jnU.jpg","url":"https://t.co/pbKM6yZHuF","display_url":"pic.twitter.com/pbKM6yZHuF","expanded_url":"https://twitter.com/staronline/status/1039685797669007361/photo/1","type":"photo","sizes":{"thumb":{"w":150,"h":150,"resize":"crop"},"medium":{"w":620,"h":413,"resize":"fit"},"large":{"w":620,"h":413,"resize":"fit"},"small":{"w":620,"h":413,"resize":"fit"}}}]},"extended_entities":{"media":[{"id":1039685796456947700,"id_str":"1039685796456947712","indices":[113,136],"media_url":"http://pbs.twimg.com/media/Dm20uS_V4AA1jnU.jpg","media_url_https":"https://pbs.twimg.com/media/Dm20uS_V4AA1jnU.jpg","url":"https://t.co/pbKM6yZHuF","display_url":"pic.twitter.com/pbKM6yZHuF","expanded_url":"https://twitter.com/staronline/status/1039685797669007361/photo/1","type":"photo","sizes":{"thumb":{"w":150,"h":150,"resize":"crop"},"medium":{"w":620,"h":413,"resize":"fit"},"large":{"w":620,"h":413,"resize":"fit"},"small":{"w":620,"h":413,"resize":"fit"}}}]},"source":"<a href=\"http://thestar.com.my\" rel=\"nofollow\">TwitterRSSTSOLAgent</a>","in_reply_to_status_id":null,"in_reply_to_status_id_str":null,"in_reply_to_user_id":null,"in_reply_to_user_id_str":null,"in_reply_to_screen_name":null,"user":{"id":22594051,"id_str":"22594051","name":"The Star","screen_name":"staronline","location":"Kuala Lumpur, Malaysia","description":"News updates from Malaysia's top English-language daily and website","url":"http://t.co/6UzRrPn7Fn","entities":{"url":{"urls":[{"url":"http://t.co/6UzRrPn7Fn","expanded_url":"http://thestar.com.my","display_url":"thestar.com.my","indices":[0,22]}]},"description":{"urls":[]}},"protected":false,"followers_count":1456064,"friends_count":117,"listed_count":3632,"created_at":"Tue Mar 03 06:19:00 +0000 2009","favourites_count":53,"utc_offset":null,"time_zone":null,"geo_enabled":false,"verified":true,"statuses_count":278464,"lang":"en","contributors_enabled":false,"is_translator":false,"is_translation_enabled":false,"profile_background_color":"D3D4CF","profile_background_image_url":"http://abs.twimg.com/images/themes/theme4/bg.gif","profile_background_image_url_https":"https://abs.twimg.com/images/themes/theme4/bg.gif","profile_background_tile":false,"profile_image_url":"http://pbs.twimg.com/profile_images/906934922392117248/QkmHyTW5_normal.jpg","profile_image_url_https":"https://pbs.twimg.com/profile_images/906934922392117248/QkmHyTW5_normal.jpg","profile_link_color":"0099B9","profile_sidebar_border_color":"FFFFFF","profile_sidebar_fill_color":"EBF1F5","profile_text_color":"3C3940","profile_use_background_image":true,"has_extended_profile":false,"default_profile":false,"default_profile_image":false,"following":false,"follow_request_sent":false,"notifications":false,"translator_type":"none"},"geo":null,"coordinates":null,"place":null,"contributors":null,"is_quote_status":false,"retweet_count":2,"favorite_count":5,"favorited":false,"retweeted":false,"possibly_sensitive":false,"lang":"en"},{"created_at":"Wed Sep 12 00:53:05 +0000 2018","id":1039678249809240000,"id_str":"1039678249809240065","full_text":"Kian Meng-Pei Jing exact revenge over Thai pair in Japan Open\nhttps://t.co/aeKrJoTAuy https://t.co/g4ItYAyMTj","truncated":false,"display_text_range":[0,85],"entities":{"hashtags":[],"symbols":[],"user_mentions":[],"urls":[{"url":"https://t.co/aeKrJoTAuy","expanded_url":"http://www.thestar.com.my/sport/badminton/2018/09/12/kian-mengpei-jing-exact-revenge-over-thai-pair-in-japan-open/","display_url":"thestar.com.my/sport/badminto…","indices":[62,85]}],"media":[{"id":1039678248563568600,"id_str":"1039678248563568640","indices":[86,109],"media_url":"http://pbs.twimg.com/media/Dm2t285U8AAk4Vy.jpg","media_url_https":"https://pbs.twimg.com/media/Dm2t285U8AAk4Vy.jpg","url":"https://t.co/g4ItYAyMTj","display_url":"pic.twitter.com/g4ItYAyMTj","expanded_url":"https://twitter.com/staronline/status/1039678249809240065/photo/1","type":"photo","sizes":{"thumb":{"w":150,"h":150,"resize":"crop"},"small":{"w":600,"h":314,"resize":"fit"},"large":{"w":600,"h":314,"resize":"fit"},"medium":{"w":600,"h":314,"resize":"fit"}}}]},"extended_entities":{"media":[{"id":1039678248563568600,"id_str":"1039678248563568640","indices":[86,109],"media_url":"http://pbs.twimg.com/media/Dm2t285U8AAk4Vy.jpg","media_url_https":"https://pbs.twimg.com/media/Dm2t285U8AAk4Vy.jpg","url":"https://t.co/g4ItYAyMTj","display_url":"pic.twitter.com/g4ItYAyMTj","expanded_url":"https://twitter.com/staronline/status/1039678249809240065/photo/1","type":"photo","sizes":{"thumb":{"w":150,"h":150,"resize":"crop"},"small":{"w":600,"h":314,"resize":"fit"},"large":{"w":600,"h":314,"resize":"fit"},"medium":{"w":600,"h":314,"resize":"fit"}}}]},"source":"<a href=\"http://thestar.com.my\" rel=\"nofollow\">TwitterRSSTSOLAgent</a>","in_reply_to_status_id":null,"in_reply_to_status_id_str":null,"in_reply_to_user_id":null,"in_reply_to_user_id_str":null,"in_reply_to_screen_name":null,"user":{"id":22594051,"id_str":"22594051","name":"The Star","screen_name":"staronline","location":"Kuala Lumpur, Malaysia","description":"News updates from Malaysia's top English-language daily and website","url":"http://t.co/6UzRrPn7Fn","entities":{"url":{"urls":[{"url":"http://t.co/6UzRrPn7Fn","expanded_url":"http://thestar.com.my","display_url":"thestar.com.my","indices":[0,22]}]},"description":{"urls":[]}},"protected":false,"followers_count":1456064,"friends_count":117,"listed_count":3632,"created_at":"Tue Mar 03 06:19:00 +0000 2009","favourites_count":53,"utc_offset":null,"time_zone":null,"geo_enabled":false,"verified":true,"statuses_count":278464,"lang":"en","contributors_enabled":false,"is_translator":false,"is_translation_enabled":false,"profile_background_color":"D3D4CF","profile_background_image_url":"http://abs.twimg.com/images/themes/theme4/bg.gif","profile_background_image_url_https":"https://abs.twimg.com/images/themes/theme4/bg.gif","profile_background_tile":false,"profile_image_url":"http://pbs.twimg.com/profile_images/906934922392117248/QkmHyTW5_normal.jpg","profile_image_url_https":"https://pbs.twimg.com/profile_images/906934922392117248/QkmHyTW5_normal.jpg","profile_link_color":"0099B9","profile_sidebar_border_color":"FFFFFF","profile_sidebar_fill_color":"EBF1F5","profile_text_color":"3C3940","profile_use_background_image":true,"has_extended_profile":false,"default_profile":false,"default_profile_image":false,"following":false,"follow_request_sent":false,"notifications":false,"translator_type":"none"},"geo":null,"coordinates":null,"place":null,"contributors":null,"is_quote_status":false,"retweet_count":0,"favorite_count":0,"favorited":false,"retweeted":false,"possibly_sensitive":false,"lang":"en"}]