{"created_at":"Tue Sep 18 11:21:08 +0000 2018","id":1042010631740637200,"id_str":"1042010631740637184","text":"'Hungry Ghost', property curbs spook #Singapore's private home sales https://t.co/byU1pdPbM3 https://t.co/CUwf5fcAZV","display_text_range":[0,92],"source":"<a href=\"http://twitter.com\" rel=\"nofollow\">Twitter Web Client</a>","truncated":false,"in_reply_to_status_id":null,"in_reply_to_status_id_str":null,"in_reply_to_user_id":null,"in_reply_to_user_id_str":null,"in_reply_to_screen_name":null,"user":{"id":94512985,"id_str":"94512985","name":"Property Report","screen_name":"Property_Report","location":"Instagram: PropertyReport","url":"http://www.property-report.com","description":"Innovative real estate, architecture and design in Asia Pacific, since 2004 | Published by @SGPropertyGuru | Media partner of @AsiaPropAwards and @GuruSummit.","translator_type":"none","protected":false,"verified":false,"followers_count":5059,"friends_count":3883,"listed_count":231,"favourites_count":654,"statuses_count":7205,"created_at":"Fri Dec 04 07:52:25 +0000 2009","utc_offset":null,"time_zone":null,"geo_enabled":true,"lang":"en","contributors_enabled":false,"is_translator":false,"profile_background_color":"BADFCD","profile_background_image_url":"http://abs.twimg.com/images/themes/theme12/bg.gif","profile_background_image_url_https":"https://abs.twimg.com/images/themes/theme12/bg.gif","profile_background_tile":true,"profile_link_color":"786208","profile_sidebar_border_color":"FFFFFF","profile_sidebar_fill_color":"FFF7CC","profile_text_color":"0C3E53","profile_use_background_image":true,"profile_image_url":"http://pbs.twimg.com/profile_images/981409732840902659/x6LxReWq_normal.jpg","profile_image_url_https":"https://pbs.twimg.com/profile_images/981409732840902659/x6LxReWq_normal.jpg","profile_banner_url":"https://pbs.twimg.com/profile_banners/94512985/1522821279","default_profile":false,"default_profile_image":false,"following":null,"follow_request_sent":null,"notifications":null},"geo":null,"coordinates":null,"place":null,"contributors":null,"is_quote_status":false,"quote_count":0,"reply_count":0,"retweet_count":0,"favorite_count":0,"entities":{"hashtags":[{"text":"Singapore","indices":[37,47]}],"urls":[{"url":"https://t.co/byU1pdPbM3","expanded_url":"https://goo.gl/gcpD1u","display_url":"goo.gl/gcpD1u","indices":[69,92]}],"user_mentions":[],"symbols":[],"media":[{"id":1042010551721705500,"id_str":"1042010551721705472","indices":[93,116],"media_url":"http://pbs.twimg.com/media/DnX3E3OUwAAmbfD.jpg","media_url_https":"https://pbs.twimg.com/media/DnX3E3OUwAAmbfD.jpg","url":"https://t.co/CUwf5fcAZV","display_url":"pic.twitter.com/CUwf5fcAZV","expanded_url":"https://twitter.com/Property_Report/status/1042010631740637184/photo/1","type":"photo","sizes":{"small":{"w":680,"h":454,"resize":"fit"},"thumb":{"w":150,"h":150,"resize":"crop"},"large":{"w":1000,"h":667,"resize":"fit"},"medium":{"w":1000,"h":667,"resize":"fit"}}}]},"extended_entities":{"media":[{"id":1042010551721705500,"id_str":"1042010551721705472","indices":[93,116],"media_url":"http://pbs.twimg.com/media/DnX3E3OUwAAmbfD.jpg","media_url_https":"https://pbs.twimg.com/media/DnX3E3OUwAAmbfD.jpg","url":"https://t.co/CUwf5fcAZV","display_url":"pic.twitter.com/CUwf5fcAZV","expanded_url":"https://twitter.com/Property_Report/status/1042010631740637184/photo/1","type":"photo","sizes":{"small":{"w":680,"h":454,"resize":"fit"},"thumb":{"w":150,"h":150,"resize":"crop"},"large":{"w":1000,"h":667,"resize":"fit"},"medium":{"w":1000,"h":667,"resize":"fit"}}}]},"favorited":false,"retweeted":false,"possibly_sensitive":false,"filter_level":"low","lang":"en","timestamp_ms":"1537269668885"}