{"created_at":"Tue Sep 18 10:16:44 +0000 2018","id":1041994423532322800,"id_str":"1041994423532322818","text":"RT @ZaheenaR: \"Mr Ong says interested, below US$5m and we can pay cash full amount\"\n\nSingaporean hotelier showered #Maldives President Yame…","source":"<a href=\"https://mobile.twitter.com\" rel=\"nofollow\">Twitter Lite</a>","truncated":false,"in_reply_to_status_id":null,"in_reply_to_status_id_str":null,"in_reply_to_user_id":null,"in_reply_to_user_id_str":null,"in_reply_to_screen_name":null,"user":{"id":1039361983483600900,"id_str":"1039361983483600897","name":"🎈❓","screen_name":"MSsuvadive","location":"Westeros","url":null,"description":"بسم الله \n⚖️💛🇲🇻☮️🕊","translator_type":"none","protected":false,"verified":false,"followers_count":17,"friends_count":105,"listed_count":0,"favourites_count":606,"statuses_count":371,"created_at":"Tue Sep 11 03:56:22 +0000 2018","utc_offset":null,"time_zone":null,"geo_enabled":false,"lang":"en","contributors_enabled":false,"is_translator":false,"profile_background_color":"F5F8FA","profile_background_image_url":"","profile_background_image_url_https":"","profile_background_tile":false,"profile_link_color":"1DA1F2","profile_sidebar_border_color":"C0DEED","profile_sidebar_fill_color":"DDEEF6","profile_text_color":"333333","profile_use_background_image":true,"profile_image_url":"http://pbs.twimg.com/profile_images/1041879257591373825/WtppilDL_normal.jpg","profile_image_url_https":"https://pbs.twimg.com/profile_images/1041879257591373825/WtppilDL_normal.jpg","profile_banner_url":"https://pbs.twimg.com/profile_banners/1039361983483600897/1536690017","default_profile":true,"default_profile_image":false,"following":null,"follow_request_sent":null,"notifications":null},"geo":null,"coordinates":null,"place":null,"contributors":null,"retweeted_status":{"created_at":"Tue Sep 18 10:13:41 +0000 2018","id":1041993654800404500,"id_str":"1041993654800404480","text":"\"Mr Ong says interested, below US$5m and we can pay cash full amount\"\n\nSingaporean hotelier showered #Maldives Pres… https://t.co/vFEXBolJRi","display_text_range":[0,140],"source":"<a href=\"http://twitter.com\" rel=\"nofollow\">Twitter Web Client</a>","truncated":true,"in_reply_to_status_id":null,"in_reply_to_status_id_str":null,"in_reply_to_user_id":null,"in_reply_to_user_id_str":null,"in_reply_to_screen_name":null,"user":{"id":529265246,"id_str":"529265246","name":"Zaheena Rasheed 🎈","screen_name":"ZaheenaR","location":"Malé, Maldives","url":null,"description":"Al Jazeera English, Ex Editor @independentmv, Watson Fellow, Middlebury & UWC Alum","translator_type":"none","protected":false,"verified":false,"followers_count":17271,"friends_count":2695,"listed_count":90,"favourites_count":14394,"statuses_count":13639,"created_at":"Mon Mar 19 10:07:01 +0000 2012","utc_offset":null,"time_zone":null,"geo_enabled":true,"lang":"en","contributors_enabled":false,"is_translator":false,"profile_background_color":"C0DEED","profile_background_image_url":"http://abs.twimg.com/images/themes/theme1/bg.png","profile_background_image_url_https":"https://abs.twimg.com/images/themes/theme1/bg.png","profile_background_tile":false,"profile_link_color":"1DA1F2","profile_sidebar_border_color":"C0DEED","profile_sidebar_fill_color":"DDEEF6","profile_text_color":"333333","profile_use_background_image":true,"profile_image_url":"http://pbs.twimg.com/profile_images/510508304276000768/uG0pKiBl_normal.png","profile_image_url_https":"https://pbs.twimg.com/profile_images/510508304276000768/uG0pKiBl_normal.png","profile_banner_url":"https://pbs.twimg.com/profile_banners/529265246/1408956786","default_profile":true,"default_profile_image":false,"following":null,"follow_request_sent":null,"notifications":null},"geo":null,"coordinates":null,"place":null,"contributors":null,"quoted_status_id":1041934175559995400,"quoted_status_id_str":"1041934175559995393","quoted_status":{"created_at":"Tue Sep 18 06:17:20 +0000 2018","id":1041934175559995400,"id_str":"1041934175559995393","text":"NEW #ParadiseLeased:  Reporters found a billionaire hotelier and one of #Singapore’s richest men linked to the mult… https://t.co/RzB4fq30GD","display_text_range":[0,140],"source":"<a href=\"http://twitter.com\" rel=\"nofollow\">Twitter Web Client</a>","truncated":true,"in_reply_to_status_id":1041932410064195600,"in_reply_to_status_id_str":"1041932410064195584","in_reply_to_user_id":326071624,"in_reply_to_user_id_str":"326071624","in_reply_to_screen_name":"OCCRP","user":{"id":326071624,"id_str":"326071624","name":"OCCRP","screen_name":"OCCRP","location":"Global","url":"http://occrp.org","description":"The Organized Crime & Corruption Reporting Project is reinventing and reinvigorating investigative journalism. Support us: https://t.co/59LMbh2JwP RT ≠ endorsement.","translator_type":"none","protected":false,"verified":true,"followers_count":32633,"friends_count":1627,"listed_count":948,"favourites_count":2204,"statuses_count":12773,"created_at":"Wed Jun 29 09:57:31 +0000 2011","utc_offset":null,"time_zone":null,"geo_enabled":true,"lang":"en","contributors_enabled":false,"is_translator":false,"profile_background_color":"000000","profile_background_image_url":"http://abs.twimg.com/images/themes/theme14/bg.gif","profile_background_image_url_https":"https://abs.twimg.com/images/themes/theme14/bg.gif","profile_background_tile":false,"profile_link_color":"FF691F","profile_sidebar_border_color":"000000","profile_sidebar_fill_color":"000000","profile_text_color":"000000","profile_use_background_image":false,"profile_image_url":"http://pbs.twimg.com/profile_images/876801225223798784/ZLtXf7I2_normal.jpg","profile_image_url_https":"https://pbs.twimg.com/profile_images/876801225223798784/ZLtXf7I2_normal.jpg","profile_banner_url":"https://pbs.twimg.com/profile_banners/326071624/1537250571","default_profile":false,"default_profile_image":false,"following":null,"follow_request_sent":null,"notifications":null},"geo":null,"coordinates":null,"place":null,"contributors":null,"is_quote_status":false,"extended_tweet":{"full_text":"NEW #ParadiseLeased:  Reporters found a billionaire hotelier and one of #Singapore’s richest men linked to the multimillion dollar scandal. Read the full story here: https://t.co/AP1LaOm31u https://t.co/wnYtiDz1oy","display_text_range":[0,189],"entities":{"hashtags":[{"text":"ParadiseLeased","indices":[4,19]},{"text":"Singapore","indices":[72,82]}],"urls":[{"url":"https://t.co/AP1LaOm31u","expanded_url":"https://www.occrp.org/en/paradiseleased/files-implicate-president-vp-and-singapore-billionaire-in-dodgy-island-deal","display_url":"occrp.org/en/paradiselea…","indices":[166,189]}],"user_mentions":[],"symbols":[],"media":[{"id":1041932727010963500,"id_str":"1041932727010963458","indices":[190,213],"media_url":"http://pbs.twimg.com/media/DnWwS3lXsAIWGrD.jpg","media_url_https":"https://pbs.twimg.com/media/DnWwS3lXsAIWGrD.jpg","url":"https://t.co/wnYtiDz1oy","display_url":"pic.twitter.com/wnYtiDz1oy","expanded_url":"https://twitter.com/OCCRP/status/1041934175559995393/photo/1","type":"photo","sizes":{"thumb":{"w":150,"h":150,"resize":"crop"},"large":{"w":1024,"h":512,"resize":"fit"},"small":{"w":680,"h":340,"resize":"fit"},"medium":{"w":1024,"h":512,"resize":"fit"}}}]},"extended_entities":{"media":[{"id":1041932727010963500,"id_str":"1041932727010963458","indices":[190,213],"media_url":"http://pbs.twimg.com/media/DnWwS3lXsAIWGrD.jpg","media_url_https":"https://pbs.twimg.com/media/DnWwS3lXsAIWGrD.jpg","url":"https://t.co/wnYtiDz1oy","display_url":"pic.twitter.com/wnYtiDz1oy","expanded_url":"https://twitter.com/OCCRP/status/1041934175559995393/photo/1","type":"photo","sizes":{"thumb":{"w":150,"h":150,"resize":"crop"},"large":{"w":1024,"h":512,"resize":"fit"},"small":{"w":680,"h":340,"resize":"fit"},"medium":{"w":1024,"h":512,"resize":"fit"}}}]}},"quote_count":2,"reply_count":3,"retweet_count":34,"favorite_count":24,"entities":{"hashtags":[{"text":"ParadiseLeased","indices":[4,19]},{"text":"Singapore","indices":[72,82]}],"urls":[{"url":"https://t.co/RzB4fq30GD","expanded_url":"https://twitter.com/i/web/status/1041934175559995393","display_url":"twitter.com/i/web/status/1…","indices":[117,140]}],"user_mentions":[],"symbols":[]},"favorited":false,"retweeted":false,"possibly_sensitive":false,"filter_level":"low","lang":"en"},"quoted_status_permalink":{"url":"https://t.co/mPwI5nhkDZ","expanded":"https://twitter.com/OCCRP/status/1041934175559995393","display":"twitter.com/OCCRP/status/1…"},"is_quote_status":true,"extended_tweet":{"full_text":"\"Mr Ong says interested, below US$5m and we can pay cash full amount\"\n\nSingaporean hotelier showered #Maldives President Yameen and his deputy with gifts during the time he was negotiating for two island leases https://t.co/mPwI5nhkDZ","display_text_range":[0,210],"entities":{"hashtags":[{"text":"Maldives","indices":[101,110]}],"urls":[{"url":"https://t.co/mPwI5nhkDZ","expanded_url":"https://twitter.com/OCCRP/status/1041934175559995393","display_url":"twitter.com/OCCRP/status/1…","indices":[211,234]}],"user_mentions":[],"symbols":[]}},"quote_count":1,"reply_count":0,"retweet_count":1,"favorite_count":2,"entities":{"hashtags":[{"text":"Maldives","indices":[101,110]}],"urls":[{"url":"https://t.co/vFEXBolJRi","expanded_url":"https://twitter.com/i/web/status/1041993654800404480","display_url":"twitter.com/i/web/status/1…","indices":[117,140]}],"user_mentions":[],"symbols":[]},"favorited":false,"retweeted":false,"possibly_sensitive":false,"filter_level":"low","lang":"en"},"quoted_status_id":1041934175559995400,"quoted_status_id_str":"1041934175559995393","quoted_status":{"created_at":"Tue Sep 18 06:17:20 +0000 2018","id":1041934175559995400,"id_str":"1041934175559995393","text":"NEW #ParadiseLeased:  Reporters found a billionaire hotelier and one of #Singapore’s richest men linked to the mult… https://t.co/RzB4fq30GD","display_text_range":[0,140],"source":"<a href=\"http://twitter.com\" rel=\"nofollow\">Twitter Web Client</a>","truncated":true,"in_reply_to_status_id":1041932410064195600,"in_reply_to_status_id_str":"1041932410064195584","in_reply_to_user_id":326071624,"in_reply_to_user_id_str":"326071624","in_reply_to_screen_name":"OCCRP","user":{"id":326071624,"id_str":"326071624","name":"OCCRP","screen_name":"OCCRP","location":"Global","url":"http://occrp.org","description":"The Organized Crime & Corruption Reporting Project is reinventing and reinvigorating investigative journalism. Support us: https://t.co/59LMbh2JwP RT ≠ endorsement.","translator_type":"none","protected":false,"verified":true,"followers_count":32633,"friends_count":1627,"listed_count":948,"favourites_count":2204,"statuses_count":12773,"created_at":"Wed Jun 29 09:57:31 +0000 2011","utc_offset":null,"time_zone":null,"geo_enabled":true,"lang":"en","contributors_enabled":false,"is_translator":false,"profile_background_color":"000000","profile_background_image_url":"http://abs.twimg.com/images/themes/theme14/bg.gif","profile_background_image_url_https":"https://abs.twimg.com/images/themes/theme14/bg.gif","profile_background_tile":false,"profile_link_color":"FF691F","profile_sidebar_border_color":"000000","profile_sidebar_fill_color":"000000","profile_text_color":"000000","profile_use_background_image":false,"profile_image_url":"http://pbs.twimg.com/profile_images/876801225223798784/ZLtXf7I2_normal.jpg","profile_image_url_https":"https://pbs.twimg.com/profile_images/876801225223798784/ZLtXf7I2_normal.jpg","profile_banner_url":"https://pbs.twimg.com/profile_banners/326071624/1537250571","default_profile":false,"default_profile_image":false,"following":null,"follow_request_sent":null,"notifications":null},"geo":null,"coordinates":null,"place":null,"contributors":null,"is_quote_status":false,"extended_tweet":{"full_text":"NEW #ParadiseLeased:  Reporters found a billionaire hotelier and one of #Singapore’s richest men linked to the multimillion dollar scandal. Read the full story here: https://t.co/AP1LaOm31u https://t.co/wnYtiDz1oy","display_text_range":[0,189],"entities":{"hashtags":[{"text":"ParadiseLeased","indices":[4,19]},{"text":"Singapore","indices":[72,82]}],"urls":[{"url":"https://t.co/AP1LaOm31u","expanded_url":"https://www.occrp.org/en/paradiseleased/files-implicate-president-vp-and-singapore-billionaire-in-dodgy-island-deal","display_url":"occrp.org/en/paradiselea…","indices":[166,189]}],"user_mentions":[],"symbols":[],"media":[{"id":1041932727010963500,"id_str":"1041932727010963458","indices":[190,213],"media_url":"http://pbs.twimg.com/media/DnWwS3lXsAIWGrD.jpg","media_url_https":"https://pbs.twimg.com/media/DnWwS3lXsAIWGrD.jpg","url":"https://t.co/wnYtiDz1oy","display_url":"pic.twitter.com/wnYtiDz1oy","expanded_url":"https://twitter.com/OCCRP/status/1041934175559995393/photo/1","type":"photo","sizes":{"thumb":{"w":150,"h":150,"resize":"crop"},"large":{"w":1024,"h":512,"resize":"fit"},"small":{"w":680,"h":340,"resize":"fit"},"medium":{"w":1024,"h":512,"resize":"fit"}}}]},"extended_entities":{"media":[{"id":1041932727010963500,"id_str":"1041932727010963458","indices":[190,213],"media_url":"http://pbs.twimg.com/media/DnWwS3lXsAIWGrD.jpg","media_url_https":"https://pbs.twimg.com/media/DnWwS3lXsAIWGrD.jpg","url":"https://t.co/wnYtiDz1oy","display_url":"pic.twitter.com/wnYtiDz1oy","expanded_url":"https://twitter.com/OCCRP/status/1041934175559995393/photo/1","type":"photo","sizes":{"thumb":{"w":150,"h":150,"resize":"crop"},"large":{"w":1024,"h":512,"resize":"fit"},"small":{"w":680,"h":340,"resize":"fit"},"medium":{"w":1024,"h":512,"resize":"fit"}}}]}},"quote_count":2,"reply_count":3,"retweet_count":34,"favorite_count":24,"entities":{"hashtags":[{"text":"ParadiseLeased","indices":[4,19]},{"text":"Singapore","indices":[72,82]}],"urls":[{"url":"https://t.co/RzB4fq30GD","expanded_url":"https://twitter.com/i/web/status/1041934175559995393","display_url":"twitter.com/i/web/status/1…","indices":[117,140]}],"user_mentions":[],"symbols":[]},"favorited":false,"retweeted":false,"possibly_sensitive":false,"filter_level":"low","lang":"en"},"quoted_status_permalink":{"url":"https://t.co/mPwI5nhkDZ","expanded":"https://twitter.com/OCCRP/status/1041934175559995393","display":"twitter.com/OCCRP/status/1…"},"is_quote_status":true,"quote_count":0,"reply_count":0,"retweet_count":0,"favorite_count":0,"entities":{"hashtags":[{"text":"Maldives","indices":[115,124]}],"urls":[],"user_mentions":[{"screen_name":"ZaheenaR","name":"Zaheena Rasheed 🎈","id":529265246,"id_str":"529265246","indices":[3,12]}],"symbols":[]},"favorited":false,"retweeted":false,"filter_level":"low","lang":"en","timestamp_ms":"1537265804547"}