{"created_at":"Tue Sep 18 11:21:13 +0000 2018","id":1042010651453939700,"id_str":"1042010651453939712","text":"RT @OCCRP: NEW: Leaked files show that #Singapore billionaire Ong Beng Seng appears to have given gifts of luxury accommodation to the #Mal…","source":"<a href=\"http://twitter.com/download/android\" rel=\"nofollow\">Twitter for Android</a>","truncated":false,"in_reply_to_status_id":null,"in_reply_to_status_id_str":null,"in_reply_to_user_id":null,"in_reply_to_user_id_str":null,"in_reply_to_screen_name":null,"user":{"id":467614944,"id_str":"467614944","name":"QAUMATTAKA","screen_name":"QAUMATTAKA","location":null,"url":null,"description":"Anything is Possible When You Try","translator_type":"none","protected":false,"verified":false,"followers_count":351,"friends_count":393,"listed_count":0,"favourites_count":94,"statuses_count":3724,"created_at":"Wed Jan 18 17:19:09 +0000 2012","utc_offset":null,"time_zone":null,"geo_enabled":false,"lang":"en","contributors_enabled":false,"is_translator":false,"profile_background_color":"EBEBEB","profile_background_image_url":"http://abs.twimg.com/images/themes/theme7/bg.gif","profile_background_image_url_https":"https://abs.twimg.com/images/themes/theme7/bg.gif","profile_background_tile":false,"profile_link_color":"990000","profile_sidebar_border_color":"DFDFDF","profile_sidebar_fill_color":"F3F3F3","profile_text_color":"333333","profile_use_background_image":true,"profile_image_url":"http://pbs.twimg.com/profile_images/1021778398270521345/Z4Lzj3O-_normal.jpg","profile_image_url_https":"https://pbs.twimg.com/profile_images/1021778398270521345/Z4Lzj3O-_normal.jpg","profile_banner_url":"https://pbs.twimg.com/profile_banners/467614944/1505463079","default_profile":false,"default_profile_image":false,"following":null,"follow_request_sent":null,"notifications":null},"geo":null,"coordinates":null,"place":null,"contributors":null,"retweeted_status":{"created_at":"Tue Sep 18 08:55:22 +0000 2018","id":1041973946558627800,"id_str":"1041973946558627840","text":"NEW: Leaked files show that #Singapore billionaire Ong Beng Seng appears to have given gifts of luxury accommodatio… https://t.co/kd6UtAOg0Y","display_text_range":[0,140],"source":"<a href=\"http://twitter.com\" rel=\"nofollow\">Twitter Web Client</a>","truncated":true,"in_reply_to_status_id":null,"in_reply_to_status_id_str":null,"in_reply_to_user_id":null,"in_reply_to_user_id_str":null,"in_reply_to_screen_name":null,"user":{"id":326071624,"id_str":"326071624","name":"OCCRP","screen_name":"OCCRP","location":"Global","url":"http://occrp.org","description":"The Organized Crime & Corruption Reporting Project is reinventing and reinvigorating investigative journalism. Support us: https://t.co/59LMbh2JwP RT ≠ endorsement.","translator_type":"none","protected":false,"verified":true,"followers_count":32652,"friends_count":1630,"listed_count":948,"favourites_count":2207,"statuses_count":12779,"created_at":"Wed Jun 29 09:57:31 +0000 2011","utc_offset":null,"time_zone":null,"geo_enabled":true,"lang":"en","contributors_enabled":false,"is_translator":false,"profile_background_color":"000000","profile_background_image_url":"http://abs.twimg.com/images/themes/theme14/bg.gif","profile_background_image_url_https":"https://abs.twimg.com/images/themes/theme14/bg.gif","profile_background_tile":false,"profile_link_color":"FF691F","profile_sidebar_border_color":"000000","profile_sidebar_fill_color":"000000","profile_text_color":"000000","profile_use_background_image":false,"profile_image_url":"http://pbs.twimg.com/profile_images/876801225223798784/ZLtXf7I2_normal.jpg","profile_image_url_https":"https://pbs.twimg.com/profile_images/876801225223798784/ZLtXf7I2_normal.jpg","profile_banner_url":"https://pbs.twimg.com/profile_banners/326071624/1537250571","default_profile":false,"default_profile_image":false,"following":null,"follow_request_sent":null,"notifications":null},"geo":null,"coordinates":null,"place":null,"contributors":null,"is_quote_status":false,"extended_tweet":{"full_text":"NEW: Leaked files show that #Singapore billionaire Ong Beng Seng appears to have given gifts of luxury accommodation to the #Maldives president and tourism minister, while he was seeking islands for his hotel empire: https://t.co/AP1LaOm31u https://t.co/abeew2FnS4","display_text_range":[0,240],"entities":{"hashtags":[{"text":"Singapore","indices":[28,38]},{"text":"Maldives","indices":[124,133]}],"urls":[{"url":"https://t.co/AP1LaOm31u","expanded_url":"https://www.occrp.org/en/paradiseleased/files-implicate-president-vp-and-singapore-billionaire-in-dodgy-island-deal","display_url":"occrp.org/en/paradiselea…","indices":[217,240]}],"user_mentions":[],"symbols":[],"media":[{"id":1041970715300380700,"id_str":"1041970715300380672","indices":[241,264],"media_url":"http://pbs.twimg.com/media/DnXS2E_WwAAiTmR.jpg","media_url_https":"https://pbs.twimg.com/media/DnXS2E_WwAAiTmR.jpg","url":"https://t.co/abeew2FnS4","display_url":"pic.twitter.com/abeew2FnS4","expanded_url":"https://twitter.com/OCCRP/status/1041973946558627840/photo/1","type":"photo","sizes":{"thumb":{"w":150,"h":150,"resize":"crop"},"small":{"w":676,"h":482,"resize":"fit"},"large":{"w":676,"h":482,"resize":"fit"},"medium":{"w":676,"h":482,"resize":"fit"}}}]},"extended_entities":{"media":[{"id":1041970715300380700,"id_str":"1041970715300380672","indices":[241,264],"media_url":"http://pbs.twimg.com/media/DnXS2E_WwAAiTmR.jpg","media_url_https":"https://pbs.twimg.com/media/DnXS2E_WwAAiTmR.jpg","url":"https://t.co/abeew2FnS4","display_url":"pic.twitter.com/abeew2FnS4","expanded_url":"https://twitter.com/OCCRP/status/1041973946558627840/photo/1","type":"photo","sizes":{"thumb":{"w":150,"h":150,"resize":"crop"},"small":{"w":676,"h":482,"resize":"fit"},"large":{"w":676,"h":482,"resize":"fit"},"medium":{"w":676,"h":482,"resize":"fit"}}}]}},"quote_count":3,"reply_count":1,"retweet_count":83,"favorite_count":64,"entities":{"hashtags":[{"text":"Singapore","indices":[28,38]}],"urls":[{"url":"https://t.co/kd6UtAOg0Y","expanded_url":"https://twitter.com/i/web/status/1041973946558627840","display_url":"twitter.com/i/web/status/1…","indices":[117,140]}],"user_mentions":[],"symbols":[]},"favorited":false,"retweeted":false,"possibly_sensitive":false,"filter_level":"low","lang":"en"},"is_quote_status":false,"quote_count":0,"reply_count":0,"retweet_count":0,"favorite_count":0,"entities":{"hashtags":[{"text":"Singapore","indices":[39,49]}],"urls":[],"user_mentions":[{"screen_name":"OCCRP","name":"OCCRP","id":326071624,"id_str":"326071624","indices":[3,9]}],"symbols":[]},"favorited":false,"retweeted":false,"filter_level":"low","lang":"en","timestamp_ms":"1537269673585"}