{"created_at":"Tue Sep 18 10:52:37 +0000 2018","id":1042003453948690400,"id_str":"1042003453948690432","text":"RT @binance: Don't miss @cz_binance at Consensus Singapore on Wed Sep 19 - 5:00 PM - 5:40 PM\n\n#Binance #ConsensusSingapore #Singapore https…","source":"<a href=\"http://twitter.com\" rel=\"nofollow\">Twitter Web Client</a>","truncated":false,"in_reply_to_status_id":null,"in_reply_to_status_id_str":null,"in_reply_to_user_id":null,"in_reply_to_user_id_str":null,"in_reply_to_screen_name":null,"user":{"id":1041992649748762600,"id_str":"1041992649748762625","name":"yazolotoff","screen_name":"yazolotoff","location":null,"url":null,"description":null,"translator_type":"none","protected":false,"verified":false,"followers_count":0,"friends_count":8,"listed_count":0,"favourites_count":0,"statuses_count":2,"created_at":"Tue Sep 18 10:09:41 +0000 2018","utc_offset":null,"time_zone":null,"geo_enabled":false,"lang":"en","contributors_enabled":false,"is_translator":false,"profile_background_color":"F5F8FA","profile_background_image_url":"","profile_background_image_url_https":"","profile_background_tile":false,"profile_link_color":"1DA1F2","profile_sidebar_border_color":"C0DEED","profile_sidebar_fill_color":"DDEEF6","profile_text_color":"333333","profile_use_background_image":true,"profile_image_url":"http://pbs.twimg.com/profile_images/1041999873057402881/OlwVETtu_normal.jpg","profile_image_url_https":"https://pbs.twimg.com/profile_images/1041999873057402881/OlwVETtu_normal.jpg","profile_banner_url":"https://pbs.twimg.com/profile_banners/1041992649748762625/1537267894","default_profile":true,"default_profile_image":false,"following":null,"follow_request_sent":null,"notifications":null},"geo":null,"coordinates":null,"place":null,"contributors":null,"retweeted_status":{"created_at":"Sun Sep 16 14:09:59 +0000 2018","id":1041328347777626100,"id_str":"1041328347777626112","text":"Don't miss @cz_binance at Consensus Singapore on Wed Sep 19 - 5:00 PM - 5:40 PM\n\n#Binance #ConsensusSingapore… https://t.co/nFY12ZAGVp","display_text_range":[0,140],"source":"<a href=\"http://twitter.com\" rel=\"nofollow\">Twitter Web Client</a>","truncated":true,"in_reply_to_status_id":null,"in_reply_to_status_id_str":null,"in_reply_to_user_id":null,"in_reply_to_user_id_str":null,"in_reply_to_screen_name":null,"user":{"id":877807935493034000,"id_str":"877807935493033984","name":"Binance","screen_name":"binance","location":null,"url":"http://binance.com","description":"Exchange The World.\nCustomer Service Enquiries: @BinanceHelpdesk","translator_type":"none","protected":false,"verified":true,"followers_count":863302,"friends_count":1338,"listed_count":5759,"favourites_count":351,"statuses_count":1156,"created_at":"Thu Jun 22 08:38:15 +0000 2017","utc_offset":null,"time_zone":null,"geo_enabled":false,"lang":"en","contributors_enabled":false,"is_translator":false,"profile_background_color":"000000","profile_background_image_url":"http://abs.twimg.com/images/themes/theme1/bg.png","profile_background_image_url_https":"https://abs.twimg.com/images/themes/theme1/bg.png","profile_background_tile":false,"profile_link_color":"F0B90B","profile_sidebar_border_color":"000000","profile_sidebar_fill_color":"000000","profile_text_color":"000000","profile_use_background_image":false,"profile_image_url":"http://pbs.twimg.com/profile_images/1034628688648851457/FNue6te7_normal.jpg","profile_image_url_https":"https://pbs.twimg.com/profile_images/1034628688648851457/FNue6te7_normal.jpg","profile_banner_url":"https://pbs.twimg.com/profile_banners/877807935493033984/1535509661","default_profile":false,"default_profile_image":false,"following":null,"follow_request_sent":null,"notifications":null},"geo":null,"coordinates":null,"place":null,"contributors":null,"is_quote_status":false,"extended_tweet":{"full_text":"Don't miss @cz_binance at Consensus Singapore on Wed Sep 19 - 5:00 PM - 5:40 PM\n\n#Binance #ConsensusSingapore #Singapore https://t.co/RWGzS0fvs8","display_text_range":[0,120],"entities":{"hashtags":[{"text":"Binance","indices":[81,89]},{"text":"ConsensusSingapore","indices":[90,109]},{"text":"Singapore","indices":[110,120]}],"urls":[],"user_mentions":[{"screen_name":"cz_binance","name":"CZ Binance","id":902926941413453800,"id_str":"902926941413453824","indices":[11,22]}],"symbols":[],"media":[{"id":1041326795276968000,"id_str":"1041326795276967936","indices":[121,144],"media_url":"http://pbs.twimg.com/media/DnOJM_-UYAA11tq.jpg","media_url_https":"https://pbs.twimg.com/media/DnOJM_-UYAA11tq.jpg","url":"https://t.co/RWGzS0fvs8","display_url":"pic.twitter.com/RWGzS0fvs8","expanded_url":"https://twitter.com/binance/status/1041328347777626112/photo/1","type":"photo","sizes":{"thumb":{"w":150,"h":150,"resize":"crop"},"medium":{"w":1200,"h":682,"resize":"fit"},"large":{"w":2048,"h":1164,"resize":"fit"},"small":{"w":680,"h":386,"resize":"fit"}}}]},"extended_entities":{"media":[{"id":1041326795276968000,"id_str":"1041326795276967936","indices":[121,144],"media_url":"http://pbs.twimg.com/media/DnOJM_-UYAA11tq.jpg","media_url_https":"https://pbs.twimg.com/media/DnOJM_-UYAA11tq.jpg","url":"https://t.co/RWGzS0fvs8","display_url":"pic.twitter.com/RWGzS0fvs8","expanded_url":"https://twitter.com/binance/status/1041328347777626112/photo/1","type":"photo","sizes":{"thumb":{"w":150,"h":150,"resize":"crop"},"medium":{"w":1200,"h":682,"resize":"fit"},"large":{"w":2048,"h":1164,"resize":"fit"},"small":{"w":680,"h":386,"resize":"fit"}}}]}},"quote_count":13,"reply_count":47,"retweet_count":92,"favorite_count":356,"entities":{"hashtags":[{"text":"Binance","indices":[81,89]},{"text":"ConsensusSingapore","indices":[90,109]}],"urls":[{"url":"https://t.co/nFY12ZAGVp","expanded_url":"https://twitter.com/i/web/status/1041328347777626112","display_url":"twitter.com/i/web/status/1…","indices":[111,134]}],"user_mentions":[{"screen_name":"cz_binance","name":"CZ Binance","id":902926941413453800,"id_str":"902926941413453824","indices":[11,22]}],"symbols":[]},"favorited":false,"retweeted":false,"possibly_sensitive":false,"filter_level":"low","lang":"en"},"is_quote_status":false,"quote_count":0,"reply_count":0,"retweet_count":0,"favorite_count":0,"entities":{"hashtags":[{"text":"Binance","indices":[94,102]},{"text":"ConsensusSingapore","indices":[103,122]},{"text":"Singapore","indices":[123,133]}],"urls":[],"user_mentions":[{"screen_name":"binance","name":"Binance","id":877807935493034000,"id_str":"877807935493033984","indices":[3,11]},{"screen_name":"cz_binance","name":"CZ Binance","id":902926941413453800,"id_str":"902926941413453824","indices":[24,35]}],"symbols":[]},"favorited":false,"retweeted":false,"filter_level":"low","lang":"en","timestamp_ms":"1537267957566"}