{"created_at":"Tue Sep 18 11:14:11 +0000 2018","id":1042008880627122200,"id_str":"1042008880627122176","text":"It is interesting to see how this project grows every day. Hope everything goes smoothly .. #CINDX #ICO","source":"<a href=\"http://twitter.com\" rel=\"nofollow\">Twitter Web Client</a>","truncated":false,"in_reply_to_status_id":null,"in_reply_to_status_id_str":null,"in_reply_to_user_id":null,"in_reply_to_user_id_str":null,"in_reply_to_screen_name":null,"user":{"id":998211149106573300,"id_str":"998211149106573312","name":"Maria Loginova","screen_name":"crymyworld","location":"Moscow, Russia","url":null,"description":"You can find new interesting crypto projects on my page! \nFollowback 100%, #followback, #follow4follow, #bounty, #ICO,  #cryptocurrency","translator_type":"none","protected":false,"verified":false,"followers_count":5787,"friends_count":6183,"listed_count":1,"favourites_count":2775,"statuses_count":5317,"created_at":"Sun May 20 14:37:38 +0000 2018","utc_offset":null,"time_zone":null,"geo_enabled":false,"lang":"ru","contributors_enabled":false,"is_translator":false,"profile_background_color":"F5F8FA","profile_background_image_url":"","profile_background_image_url_https":"","profile_background_tile":false,"profile_link_color":"1DA1F2","profile_sidebar_border_color":"C0DEED","profile_sidebar_fill_color":"DDEEF6","profile_text_color":"333333","profile_use_background_image":true,"profile_image_url":"http://pbs.twimg.com/profile_images/998217682641080321/1Cag3VEv_normal.jpg","profile_image_url_https":"https://pbs.twimg.com/profile_images/998217682641080321/1Cag3VEv_normal.jpg","profile_banner_url":"https://pbs.twimg.com/profile_banners/998211149106573312/1526828948","default_profile":true,"default_profile_image":false,"following":null,"follow_request_sent":null,"notifications":null},"geo":null,"coordinates":null,"place":null,"contributors":null,"quoted_status_id":1040656027472027600,"quoted_status_id_str":"1040656027472027652","quoted_status":{"created_at":"Fri Sep 14 17:38:26 +0000 2018","id":1040656027472027600,"id_str":"1040656027472027652","text":"Today Denis Eskenazi @MrEskenazi, Product #Marketing Director, has represented #CINDX at #SlushSingapore2018, a… https://t.co/RxopKHqLIn","display_text_range":[0,140],"source":"<a href=\"http://twitter.com\" rel=\"nofollow\">Twitter Web Client</a>","truncated":true,"in_reply_to_status_id":null,"in_reply_to_status_id_str":null,"in_reply_to_user_id":null,"in_reply_to_user_id_str":null,"in_reply_to_screen_name":null,"user":{"id":972122892627476500,"id_str":"972122892627476482","name":"CINDX","screen_name":"CINDXPlatform","location":"Tallinn, Estonia","url":"https://cindx.io","description":"#CINDX - a #blockchain-based hub that allows anybody to #invest in the #crypto market, and earn returns without possessing any specialized knowledge.","translator_type":"none","protected":false,"verified":false,"followers_count":3238,"friends_count":780,"listed_count":22,"favourites_count":8390,"statuses_count":975,"created_at":"Fri Mar 09 14:52:13 +0000 2018","utc_offset":null,"time_zone":null,"geo_enabled":false,"lang":"ru","contributors_enabled":false,"is_translator":false,"profile_background_color":"000000","profile_background_image_url":"http://abs.twimg.com/images/themes/theme1/bg.png","profile_background_image_url_https":"https://abs.twimg.com/images/themes/theme1/bg.png","profile_background_tile":false,"profile_link_color":"24203A","profile_sidebar_border_color":"000000","profile_sidebar_fill_color":"000000","profile_text_color":"000000","profile_use_background_image":false,"profile_image_url":"http://pbs.twimg.com/profile_images/1027201621485408256/3rycTqQS_normal.jpg","profile_image_url_https":"https://pbs.twimg.com/profile_images/1027201621485408256/3rycTqQS_normal.jpg","profile_banner_url":"https://pbs.twimg.com/profile_banners/972122892627476482/1533910526","default_profile":false,"default_profile_image":false,"following":null,"follow_request_sent":null,"notifications":null},"geo":null,"coordinates":null,"place":null,"contributors":null,"is_quote_status":false,"extended_tweet":{"full_text":"Today Denis Eskenazi @MrEskenazi, Product #Marketing Director, has represented #CINDX at #SlushSingapore2018, a #tech #startup event in #Singapore!😎\nWe will keep you updated about the meetings and preliminary agreements after #SLUSH. Stay tuned! https://t.co/rEVuqkwOez https://t.co/n71jVX1EV8","display_text_range":[0,269],"entities":{"hashtags":[{"text":"Marketing","indices":[42,52]},{"text":"CINDX","indices":[79,85]},{"text":"SlushSingapore2018","indices":[89,108]},{"text":"tech","indices":[112,117]},{"text":"startup","indices":[118,126]},{"text":"Singapore","indices":[136,146]},{"text":"SLUSH","indices":[226,232]}],"urls":[{"url":"https://t.co/rEVuqkwOez","expanded_url":"https://cindx.io/","display_url":"cindx.io","indices":[246,269]}],"user_mentions":[{"screen_name":"MrEskenazi","name":"Dan Eskenazi","id":334970588,"id_str":"334970588","indices":[21,32]}],"symbols":[],"media":[{"id":1040655448477716500,"id_str":"1040655448477716487","indices":[270,293],"additional_media_info":{"monetizable":false},"media_url":"http://pbs.twimg.com/ext_tw_video_thumb/1040655448477716487/pu/img/3JGPcGyb5tTwnMDA.jpg","media_url_https":"https://pbs.twimg.com/ext_tw_video_thumb/1040655448477716487/pu/img/3JGPcGyb5tTwnMDA.jpg","url":"https://t.co/n71jVX1EV8","display_url":"pic.twitter.com/n71jVX1EV8","expanded_url":"https://twitter.com/CINDXPlatform/status/1040656027472027652/video/1","type":"video","video_info":{"aspect_ratio":[16,9],"duration_millis":15269,"variants":[{"bitrate":2176000,"content_type":"video/mp4","url":"https://video.twimg.com/ext_tw_video/1040655448477716487/pu/vid/1280x720/DxPLZ4SD0LCj2jV8.mp4?tag=5"},{"content_type":"application/x-mpegURL","url":"https://video.twimg.com/ext_tw_video/1040655448477716487/pu/pl/_1aQ2pBioC8X2eIR.m3u8?tag=5"},{"bitrate":832000,"content_type":"video/mp4","url":"https://video.twimg.com/ext_tw_video/1040655448477716487/pu/vid/640x360/DGf5hPg4tAamPXCt.mp4?tag=5"},{"bitrate":256000,"content_type":"video/mp4","url":"https://video.twimg.com/ext_tw_video/1040655448477716487/pu/vid/320x180/MnCdAa-eT1-qpiqS.mp4?tag=5"}]},"sizes":{"thumb":{"w":150,"h":150,"resize":"crop"},"medium":{"w":1200,"h":675,"resize":"fit"},"small":{"w":680,"h":383,"resize":"fit"},"large":{"w":1280,"h":720,"resize":"fit"}}}]},"extended_entities":{"media":[{"id":1040655448477716500,"id_str":"1040655448477716487","indices":[270,293],"additional_media_info":{"monetizable":false},"media_url":"http://pbs.twimg.com/ext_tw_video_thumb/1040655448477716487/pu/img/3JGPcGyb5tTwnMDA.jpg","media_url_https":"https://pbs.twimg.com/ext_tw_video_thumb/1040655448477716487/pu/img/3JGPcGyb5tTwnMDA.jpg","url":"https://t.co/n71jVX1EV8","display_url":"pic.twitter.com/n71jVX1EV8","expanded_url":"https://twitter.com/CINDXPlatform/status/1040656027472027652/video/1","type":"video","video_info":{"aspect_ratio":[16,9],"duration_millis":15269,"variants":[{"bitrate":2176000,"content_type":"video/mp4","url":"https://video.twimg.com/ext_tw_video/1040655448477716487/pu/vid/1280x720/DxPLZ4SD0LCj2jV8.mp4?tag=5"},{"content_type":"application/x-mpegURL","url":"https://video.twimg.com/ext_tw_video/1040655448477716487/pu/pl/_1aQ2pBioC8X2eIR.m3u8?tag=5"},{"bitrate":832000,"content_type":"video/mp4","url":"https://video.twimg.com/ext_tw_video/1040655448477716487/pu/vid/640x360/DGf5hPg4tAamPXCt.mp4?tag=5"},{"bitrate":256000,"content_type":"video/mp4","url":"https://video.twimg.com/ext_tw_video/1040655448477716487/pu/vid/320x180/MnCdAa-eT1-qpiqS.mp4?tag=5"}]},"sizes":{"thumb":{"w":150,"h":150,"resize":"crop"},"medium":{"w":1200,"h":675,"resize":"fit"},"small":{"w":680,"h":383,"resize":"fit"},"large":{"w":1280,"h":720,"resize":"fit"}}}]}},"quote_count":11,"reply_count":0,"retweet_count":84,"favorite_count":144,"entities":{"hashtags":[{"text":"Marketing","indices":[42,52]},{"text":"CINDX","indices":[79,85]},{"text":"SlushSingapore2018","indices":[89,108]}],"urls":[{"url":"https://t.co/RxopKHqLIn","expanded_url":"https://twitter.com/i/web/status/1040656027472027652","display_url":"twitter.com/i/web/status/1…","indices":[113,136]}],"user_mentions":[{"screen_name":"MrEskenazi","name":"Dan Eskenazi","id":334970588,"id_str":"334970588","indices":[21,32]}],"symbols":[]},"favorited":false,"retweeted":false,"possibly_sensitive":false,"filter_level":"low","lang":"en"},"quoted_status_permalink":{"url":"https://t.co/25c1zK0xfX","expanded":"https://twitter.com/CINDXPlatform/status/1040656027472027652","display":"twitter.com/CINDXPlatform/…"},"is_quote_status":true,"quote_count":0,"reply_count":0,"retweet_count":0,"favorite_count":0,"entities":{"hashtags":[{"text":"CINDX","indices":[92,98]},{"text":"ICO","indices":[99,103]}],"urls":[],"user_mentions":[],"symbols":[]},"favorited":false,"retweeted":false,"filter_level":"low","lang":"en","timestamp_ms":"1537269251387"}