{"created_at":"Tue Sep 18 11:21:29 +0000 2018","id":1042010719313702900,"id_str":"1042010719313702914","text":"Сингапур - красавчик. Хоть и жарко и влажность убивающая. :) #singapore https://t.co/Asc0oUFqnp","display_text_range":[0,71],"source":"<a href=\"http://twitter.com/download/iphone\" rel=\"nofollow\">Twitter for iPhone</a>","truncated":false,"in_reply_to_status_id":null,"in_reply_to_status_id_str":null,"in_reply_to_user_id":null,"in_reply_to_user_id_str":null,"in_reply_to_screen_name":null,"user":{"id":45221236,"id_str":"45221236","name":"Evgeny","screen_name":"eso4600","location":"Россия","url":null,"description":"#ЦВБП #ЦСКА #Раменское ❤️💙⚽️","translator_type":"none","protected":false,"verified":false,"followers_count":845,"friends_count":94,"listed_count":119,"favourites_count":1365,"statuses_count":74199,"created_at":"Sat Jun 06 21:46:04 +0000 2009","utc_offset":null,"time_zone":null,"geo_enabled":true,"lang":"ru","contributors_enabled":false,"is_translator":false,"profile_background_color":"F5F8FA","profile_background_image_url":"http://abs.twimg.com/images/themes/theme1/bg.png","profile_background_image_url_https":"https://abs.twimg.com/images/themes/theme1/bg.png","profile_background_tile":false,"profile_link_color":"0084B4","profile_sidebar_border_color":"FFFFFF","profile_sidebar_fill_color":"DDEEF6","profile_text_color":"333333","profile_use_background_image":true,"profile_image_url":"http://pbs.twimg.com/profile_images/1038217900434378753/x11XHi2R_normal.jpg","profile_image_url_https":"https://pbs.twimg.com/profile_images/1038217900434378753/x11XHi2R_normal.jpg","profile_banner_url":"https://pbs.twimg.com/profile_banners/45221236/1536366367","default_profile":false,"default_profile_image":false,"following":null,"follow_request_sent":null,"notifications":null},"geo":null,"coordinates":null,"place":{"id":"07d9db7606483003","url":"https://api.twitter.com/1.1/geo/id/07d9db7606483003.json","place_type":"poi","name":"Kinki Restaurant & Bar","full_name":"Kinki Restaurant & Bar","country_code":"SG","country":"新加坡","bounding_box":{"type":"Polygon","coordinates":[[[103.85406,1.282675],[103.85406,1.282675],[103.85406,1.282675],[103.85406,1.282675]]]},"attributes":{}},"contributors":null,"is_quote_status":false,"quote_count":0,"reply_count":0,"retweet_count":0,"favorite_count":0,"entities":{"hashtags":[{"text":"singapore","indices":[61,71]}],"urls":[],"user_mentions":[],"symbols":[],"media":[{"id":1042010695208984600,"id_str":"1042010695208984576","indices":[72,95],"media_url":"http://pbs.twimg.com/media/DnX3NNwW4AAvVju.jpg","media_url_https":"https://pbs.twimg.com/media/DnX3NNwW4AAvVju.jpg","url":"https://t.co/Asc0oUFqnp","display_url":"pic.twitter.com/Asc0oUFqnp","expanded_url":"https://twitter.com/eso4600/status/1042010719313702914/photo/1","type":"photo","sizes":{"thumb":{"w":150,"h":150,"resize":"crop"},"medium":{"w":1024,"h":768,"resize":"fit"},"large":{"w":1024,"h":768,"resize":"fit"},"small":{"w":680,"h":510,"resize":"fit"}}}]},"extended_entities":{"media":[{"id":1042010695208984600,"id_str":"1042010695208984576","indices":[72,95],"media_url":"http://pbs.twimg.com/media/DnX3NNwW4AAvVju.jpg","media_url_https":"https://pbs.twimg.com/media/DnX3NNwW4AAvVju.jpg","url":"https://t.co/Asc0oUFqnp","display_url":"pic.twitter.com/Asc0oUFqnp","expanded_url":"https://twitter.com/eso4600/status/1042010719313702914/photo/1","type":"photo","sizes":{"thumb":{"w":150,"h":150,"resize":"crop"},"medium":{"w":1024,"h":768,"resize":"fit"},"large":{"w":1024,"h":768,"resize":"fit"},"small":{"w":680,"h":510,"resize":"fit"}}},{"id":1042010695179677700,"id_str":"1042010695179677697","indices":[72,95],"media_url":"http://pbs.twimg.com/media/DnX3NNpXsAE8vbX.jpg","media_url_https":"https://pbs.twimg.com/media/DnX3NNpXsAE8vbX.jpg","url":"https://t.co/Asc0oUFqnp","display_url":"pic.twitter.com/Asc0oUFqnp","expanded_url":"https://twitter.com/eso4600/status/1042010719313702914/photo/1","type":"photo","sizes":{"thumb":{"w":150,"h":150,"resize":"crop"},"medium":{"w":768,"h":1024,"resize":"fit"},"small":{"w":510,"h":680,"resize":"fit"},"large":{"w":768,"h":1024,"resize":"fit"}}},{"id":1042010695217438700,"id_str":"1042010695217438720","indices":[72,95],"media_url":"http://pbs.twimg.com/media/DnX3NNyX4AAXj_h.jpg","media_url_https":"https://pbs.twimg.com/media/DnX3NNyX4AAXj_h.jpg","url":"https://t.co/Asc0oUFqnp","display_url":"pic.twitter.com/Asc0oUFqnp","expanded_url":"https://twitter.com/eso4600/status/1042010719313702914/photo/1","type":"photo","sizes":{"thumb":{"w":150,"h":150,"resize":"crop"},"medium":{"w":768,"h":1024,"resize":"fit"},"small":{"w":510,"h":680,"resize":"fit"},"large":{"w":768,"h":1024,"resize":"fit"}}},{"id":1042010695196442600,"id_str":"1042010695196442624","indices":[72,95],"media_url":"http://pbs.twimg.com/media/DnX3NNtXgAANC_Z.jpg","media_url_https":"https://pbs.twimg.com/media/DnX3NNtXgAANC_Z.jpg","url":"https://t.co/Asc0oUFqnp","display_url":"pic.twitter.com/Asc0oUFqnp","expanded_url":"https://twitter.com/eso4600/status/1042010719313702914/photo/1","type":"photo","sizes":{"thumb":{"w":150,"h":150,"resize":"crop"},"medium":{"w":1024,"h":768,"resize":"fit"},"large":{"w":1024,"h":768,"resize":"fit"},"small":{"w":680,"h":510,"resize":"fit"}}}]},"favorited":false,"retweeted":false,"possibly_sensitive":false,"filter_level":"low","lang":"ru","timestamp_ms":"1537269689764"}