{"created_at":"Tue Sep 18 11:00:04 +0000 2018","id":1042005330375442400,"id_str":"1042005330375442432","text":"7:00  ( #Singapore, Western #Australia, #Hong #Kong, #Philippines )","source":"<a href=\"http://twitterbrooks.com/new-hour\" rel=\"nofollow\">New Hour</a>","truncated":false,"in_reply_to_status_id":null,"in_reply_to_status_id_str":null,"in_reply_to_user_id":null,"in_reply_to_user_id_str":null,"in_reply_to_screen_name":null,"user":{"id":311587260,"id_str":"311587260","name":"Singapore New Hour","screen_name":"BruneiNewHour","location":"Singapore","url":"http://twitterbrooks.com/new-hour","description":"New Hour in Singapore, Hong Kong, Philippines, Brunei, Indonesia, Macau, Mongolia","translator_type":"none","protected":false,"verified":false,"followers_count":202,"friends_count":91,"listed_count":13,"favourites_count":0,"statuses_count":18661,"created_at":"Sun Jun 05 18:11:27 +0000 2011","utc_offset":null,"time_zone":null,"geo_enabled":false,"lang":"en","contributors_enabled":false,"is_translator":false,"profile_background_color":"C0DEED","profile_background_image_url":"http://abs.twimg.com/images/themes/theme1/bg.png","profile_background_image_url_https":"https://abs.twimg.com/images/themes/theme1/bg.png","profile_background_tile":false,"profile_link_color":"1DA1F2","profile_sidebar_border_color":"C0DEED","profile_sidebar_fill_color":"DDEEF6","profile_text_color":"333333","profile_use_background_image":true,"profile_image_url":"http://pbs.twimg.com/profile_images/1383117571/clock_normal.png","profile_image_url_https":"https://pbs.twimg.com/profile_images/1383117571/clock_normal.png","default_profile":true,"default_profile_image":false,"following":null,"follow_request_sent":null,"notifications":null},"geo":null,"coordinates":null,"place":null,"contributors":null,"is_quote_status":false,"quote_count":0,"reply_count":0,"retweet_count":0,"favorite_count":0,"entities":{"hashtags":[{"text":"Singapore","indices":[8,18]},{"text":"Australia","indices":[28,38]},{"text":"Hong","indices":[40,45]},{"text":"Kong","indices":[46,51]},{"text":"Philippines","indices":[53,65]}],"urls":[],"user_mentions":[],"symbols":[]},"favorited":false,"retweeted":false,"filter_level":"low","lang":"en","timestamp_ms":"1537268404941"}